search_date,day_of_week,location,hotel_id,hotel_name,price,currency,rating,address,city_code,latitude,longitude,distance_from_center,amenities,room_type,board_type,altitude,canton,destination_type,distance_to_airport_km,month,quarter,week_of_year,day_of_year,is_weekend,season,is_public_holiday,is_school_vacation,temp_avg,temp_min,temp_max,precipitation_mm,snow_depth_cm,sunshine_hours,is_ski_season,hotel_chain,is_chain_hotel
05.01.2026,Monday,Arosa,BWZRH091,BEST WESTERN HOTEL ZURCHERHOF,570.64,CHF,4.5,"Poststrasse 95, Arosa",ZRH,47.37503,8.54445,107.47,"WiFi,Gym,Pool,Spa",STANDARD_ROOM,BREAKFAST,1775,Graubuenden,alpine_ski_resort,10,1,1,2,5,FALSE,Winter,FALSE,FALSE,-8.2,-11.3,-2.6,4,126,4.1,TRUE,Best Western,TRUE
05.01.2026,Monday,Arosa,MCZRHDTM,Zurich Marriott Hotel,732.9,CHF,4.5,"Marktplatz 10, Arosa",ZRH,47.38247,8.54026,108.23,"WiFi,Parking,Breakfast",STANDARD_ROOM,ROOM_ONLY,1775,Graubuenden,alpine_ski_resort,9.2,1,1,2,5,FALSE,Winter,FALSE,FALSE,-5.6,-11,-0.9,1.3,64,1.4,TRUE,Marriott,TRUE
05.01.2026,Monday,Arosa,ONZRHCTY,HOTEL CITY,438.36,CHF,4.3,"Hauptstrasse 54, Arosa",ZRH,47.37474,8.53611,107.95,"WiFi,Parking,Breakfast",BUDGET_ROOM,ROOM_ONLY,1775,Graubuenden,alpine_ski_resort,10.1,1,1,2,5,FALSE,Winter,FALSE,FALSE,-6.8,-12.6,-1.4,1.5,142,3.5,TRUE,Independent,FALSE
05.01.2026,Monday,Arosa,ONZRHMOT,HOTEL MONTANA,301.46,CHF,4.1,"Poststrasse 9, Arosa",ZRH,47.38081,8.53524,108.41,"WiFi,Gym,Pool,Spa",STANDARD_ROOM,BREAKFAST,1775,Graubuenden,alpine_ski_resort,9.4,1,1,2,5,FALSE,Winter,FALSE,FALSE,-9.5,-14.4,-5.1,0,94,1.3,TRUE,Independent,FALSE
05.01.2026,Monday,Arosa,XKZRH001,Hotel du Lac,239.68,CHF,3.9,"Bahnhofstrasse 13, Arosa",ZRH,47.36649,8.53675,107.36,"WiFi,24h Reception,Luggage Storage",STANDARD_ROOM,BREAKFAST,1775,Graubuenden,alpine_ski_resort,11,1,1,2,5,FALSE,Winter,FALSE,FALSE,-4.9,-9,1.9,1.6,131,2.9,TRUE,Independent,FALSE
05.01.2026,Monday,Basel,ONBSLBAD,HOTEL BAD BUBENDORF,174.25,CHF,3.8,"Kirchgasse 11, Basel",BSL,47.54086,7.59531,2.14,"WiFi,Parking,Restaurant,Bar",STANDARD_ROOM,BREAKFAST,260,Basel-Stadt,city,8.2,1,1,2,5,FALSE,Winter,FALSE,FALSE,1.6,-1.4,5,1.1,0,3.7,FALSE,Independent,FALSE
05.01.2026,Monday,Basel,RTBSLBAH,ibis Basel Bahnhof,108.62,CHF,3,"Marktplatz 49, Basel",BSL,47.54683,7.58427,1.46,"WiFi,Restaurant,Room Service",STANDARD_ROOM,ROOM_ONLY,260,Basel-Stadt,city,7.2,1,1,2,5,FALSE,Winter,FALSE,FALSE,-1.1,-6.4,5.5,3,0,1.3,FALSE,Accor (ibis),TRUE
05.01.2026,Monday,Bern,BWBRN230,Best Western Plus Hotel Bern,216.15,CHF,3.6,"Bahnhofstrasse 51, Bern",BRN,46.94877,7.44633,0.12,"WiFi,24h Reception,Luggage Storage",STANDARD_ROOM,ROOM_ONLY,542,Bern,city,5.5,1,1,2,5,FALSE,Winter,FALSE,FALSE,-2.5,-7.2,1,1.8,0,3.1,FALSE,Best Western,TRUE
05.01.2026,Monday,Chur,BWZRH091,BEST WESTERN HOTEL ZURCHERHOF,268.86,CHF,4.1,"Marktplatz 4, Chur",ZRH,47.37503,8.54445,94.9,"WiFi,Restaurant,Room Service",STANDARD_ROOM,BREAKFAST,593,Graubuenden,city,10,1,1,2,5,FALSE,Winter,FALSE,FALSE,1.9,-2.4,7,2.4,0,2.2,FALSE,Best Western,TRUE
05.01.2026,Monday,Chur,MCZRHDTM,Zurich Marriott Hotel,359.1,CHF,4.6,"Bahnhofstrasse 42, Chur",ZRH,47.38247,8.54026,95.65,"WiFi,24h Reception,Luggage Storage",STANDARD_ROOM,ROOM_ONLY,593,Graubuenden,city,9.2,1,1,2,5,FALSE,Winter,FALSE,FALSE,-3.4,-7.7,2.7,2.1,0,3.1,FALSE,Marriott,TRUE
05.01.2026,Monday,Chur,ONZRHCTY,HOTEL CITY,216.62,CHF,3.7,"Kirchgasse 43, Chur",ZRH,47.37474,8.53611,95.38,"WiFi,Parking,Breakfast",BUDGET_ROOM,ROOM_ONLY,593,Graubuenden,city,10.1,1,1,2,5,FALSE,Winter,FALSE,FALSE,-1.3,-6.9,3.3,7.4,0,1.1,FALSE,Independent,FALSE
05.01.2026,Monday,Chur,ONZRHMOT,HOTEL MONTANA,155.79,CHF,3.3,"Marktplatz 14, Chur",ZRH,47.38081,8.53524,95.84,"WiFi,Parking,Breakfast",STANDARD_ROOM,BREAKFAST,593,Graubuenden,city,9.4,1,1,2,5,FALSE,Winter,FALSE,FALSE,2.2,-3.2,5.8,0,0,0.6,FALSE,Independent,FALSE
05.01.2026,Monday,Chur,XKZRH001,Hotel du Lac,117.63,CHF,3,"Hauptstrasse 92, Chur",ZRH,47.36649,8.53675,94.78,"WiFi,Parking,Breakfast",STANDARD_ROOM,BREAKFAST,593,Graubuenden,city,11,1,1,2,5,FALSE,Winter,FALSE,FALSE,0,-6.8,3.3,3.3,0,1.9,FALSE,Independent,FALSE
05.01.2026,Monday,Genf,CHGVADHF,DESIGN HOTEL F6,367.75,CHF,4.4,"Marktplatz 43, Genf",GVA,46.21519,6.14611,1.22,"WiFi,24h Reception,Luggage Storage",SUPERIOR_ROOM,ROOM_ONLY,375,Geneva,city,3.8,1,1,2,5,FALSE,Winter,FALSE,FALSE,-0.9,-4.2,2.2,2.6,0,1.9,FALSE,Independent,FALSE
05.01.2026,Monday,Genf,ICGVAICA,INTERCONTINENTAL GENEVA,436.16,CHF,4.3,"Marktplatz 55, Genf",GVA,46.22461,6.13268,2.39,"WiFi,24h Reception,Luggage Storage",COMFORT_ROOM,ROOM_ONLY,375,Geneva,city,2.4,1,1,2,5,FALSE,Winter,FALSE,FALSE,-1.4,-7.2,2.8,3.1,0,3.2,FALSE,IHG (InterContinental),TRUE
05.01.2026,Monday,Genf,RTGVAGAR,ibis Geneve Centre Gare,152.61,CHF,3.5,"Marktplatz 94, Genf",GVA,46.20765,6.13827,0.52,"WiFi,Parking,Restaurant,Bar",STANDARD_ROOM,ROOM_ONLY,375,Geneva,city,4.1,1,1,2,5,FALSE,Winter,FALSE,FALSE,-0.7,-4.1,5.7,4.6,0,0.5,FALSE,Accor (ibis),TRUE
05.01.2026,Monday,Genf,RTGVARES,Résidence Studio Genève Centre,143.27,CHF,3.2,"Marktplatz 95, Genf",GVA,46.2117,6.14696,0.86,"WiFi,Parking,Breakfast",STANDARD_ROOM,ROOM_ONLY,375,Geneva,city,4.1,1,1,2,5,FALSE,Winter,FALSE,FALSE,3.5,-2,9.6,0.9,0,3.1,FALSE,Independent,FALSE
05.01.2026,Monday,Interlaken,BWZRH091,BEST WESTERN HOTEL ZURCHERHOF,255.53,CHF,4,"Poststrasse 34, Interlaken",ZRH,47.37503,8.54445,92.36,"WiFi,Parking,Restaurant,Bar",STANDARD_ROOM,BREAKFAST,570,Bern,mountain_resort,10,1,1,2,5,FALSE,Winter,FALSE,FALSE,0.6,-2.4,4.9,0,0,2.9,TRUE,Best Western,TRUE
05.01.2026,Monday,Interlaken,MCZRHDTM,Zurich Marriott Hotel,351,CHF,3.9,"Kirchgasse 21, Interlaken",ZRH,47.38247,8.54026,92.87,"WiFi,Restaurant,Room Service",STANDARD_ROOM,ROOM_ONLY,570,Bern,mountain_resort,9.2,1,1,2,5,FALSE,Winter,FALSE,FALSE,-2,-5.5,2.8,2.7,0,3.1,TRUE,Marriott,TRUE
05.01.2026,Monday,Interlaken,ONZRHCTY,HOTEL CITY,211,CHF,3.3,"Hauptstrasse 50, Interlaken",ZRH,47.37474,8.53611,91.98,"WiFi,24h Reception,Luggage Storage",BUDGET_ROOM,ROOM_ONLY,570,Bern,mountain_resort,10.1,1,1,2,5,FALSE,Winter,FALSE,FALSE,0.7,-3.9,7.1,6.2,0,1.5,TRUE,Independent,FALSE
05.01.2026,Monday,Interlaken,ONZRHMOT,HOTEL MONTANA,149.12,CHF,3,"Poststrasse 65, Interlaken",ZRH,47.38081,8.53524,92.51,"WiFi,Parking,Restaurant,Bar",STANDARD_ROOM,BREAKFAST,570,Bern,mountain_resort,9.4,1,1,2,5,FALSE,Winter,FALSE,FALSE,1.6,-3.4,8.4,2.3,0,0.7,TRUE,Independent,FALSE
05.01.2026,Monday,Interlaken,XKZRH001,Hotel du Lac,120.72,CHF,3,"Bahnhofstrasse 99, Interlaken",ZRH,47.36649,8.53675,91.25,"WiFi,Parking,Restaurant,Bar",STANDARD_ROOM,BREAKFAST,570,Bern,mountain_resort,11,1,1,2,5,FALSE,Winter,FALSE,FALSE,-0.8,-5.7,6.1,3.8,0,2.9,TRUE,Independent,FALSE
05.01.2026,Monday,Lausanne,CHGVADHF,DESIGN HOTEL F6,353.62,CHF,4.2,"Bahnhofstrasse 22, Lausanne",GVA,46.21519,6.14611,50.38,"WiFi,Parking,Restaurant,Bar",SUPERIOR_ROOM,ROOM_ONLY,495,Vaud,city,3.8,1,1,2,5,FALSE,Winter,FALSE,FALSE,2.3,-3.2,9,3.1,0,0.6,FALSE,Independent,FALSE
05.01.2026,Monday,Lausanne,ICGVAICA,INTERCONTINENTAL GENEVA,439.51,CHF,4.3,"Hauptstrasse 85, Lausanne",GVA,46.22461,6.13268,50.46,"WiFi,Restaurant,Room Service",COMFORT_ROOM,ROOM_ONLY,495,Vaud,city,2.4,1,1,2,5,FALSE,Winter,FALSE,FALSE,-1.8,-7.1,2.5,3.1,0,1,FALSE,IHG (InterContinental),TRUE
05.01.2026,Monday,Lausanne,RTGVAGAR,ibis Geneve Centre Gare,157.4,CHF,3.7,"Bahnhofstrasse 63, Lausanne",GVA,46.20765,6.13827,51.39,"WiFi,Parking,Breakfast",STANDARD_ROOM,ROOM_ONLY,495,Vaud,city,4.1,1,1,2,5,FALSE,Winter,FALSE,FALSE,1.8,-1.8,7.1,2.1,0,1,FALSE,Accor (ibis),TRUE
05.01.2026,Monday,Lausanne,RTGVARES,Résidence Studio Genève Centre,141.26,CHF,2.8,"Bahnhofstrasse 38, Lausanne",GVA,46.2117,6.14696,50.59,"WiFi,Parking,Restaurant,Bar",STANDARD_ROOM,ROOM_ONLY,495,Vaud,city,4.1,1,1,2,5,FALSE,Winter,FALSE,FALSE,2.1,-4.6,7.4,2.1,0,3.6,FALSE,Independent,FALSE
05.01.2026,Monday,Luzern,BWZRH091,BEST WESTERN HOTEL ZURCHERHOF,235.42,CHF,4.2,"Poststrasse 43, Luzern",ZRH,47.37503,8.54445,40.25,"WiFi,Restaurant,Room Service",STANDARD_ROOM,BREAKFAST,435,Lucerne,city,10,1,1,2,5,FALSE,Winter,FALSE,FALSE,-0.9,-7,5.3,0.1,0,1.7,FALSE,Best Western,TRUE
05.01.2026,Monday,Luzern,MCZRHDTM,Zurich Marriott Hotel,311.57,CHF,4.3,"Poststrasse 95, Luzern",ZRH,47.38247,8.54026,40.86,"WiFi,Parking,Breakfast",STANDARD_ROOM,ROOM_ONLY,435,Lucerne,city,9.2,1,1,2,5,FALSE,Winter,FALSE,FALSE,-2.2,-7.6,4.2,1.9,0,3.3,FALSE,Marriott,TRUE
05.01.2026,Monday,Luzern,ONZRHCTY,HOTEL CITY,184.78,CHF,3.7,"Kirchgasse 67, Luzern",ZRH,47.37474,8.53611,39.95,"WiFi,Parking,Breakfast",BUDGET_ROOM,ROOM_ONLY,435,Lucerne,city,10.1,1,1,2,5,FALSE,Winter,FALSE,FALSE,0.6,-3.2,6.2,0,0,4,FALSE,Independent,FALSE
05.01.2026,Monday,Luzern,ONZRHMOT,HOTEL MONTANA,138.6,CHF,3.1,"Bahnhofstrasse 41, Luzern",ZRH,47.38081,8.53524,40.53,"WiFi,Gym,Pool,Spa",STANDARD_ROOM,BREAKFAST,435,Lucerne,city,9.4,1,1,2,5,FALSE,Winter,FALSE,FALSE,2.7,-0.4,9.6,1.1,0,3.2,FALSE,Independent,FALSE
05.01.2026,Monday,Luzern,XKZRH001,Hotel du Lac,103.01,CHF,3.1,"Hauptstrasse 14, Luzern",ZRH,47.36649,8.53675,39.14,"WiFi,Gym,Pool,Spa",STANDARD_ROOM,BREAKFAST,435,Lucerne,city,11,1,1,2,5,FALSE,Winter,FALSE,FALSE,-1.7,-5.6,2.9,3,0,1.3,FALSE,Independent,FALSE
05.01.2026,Monday,St. Gallen,BWZRH091,BEST WESTERN HOTEL ZURCHERHOF,262.28,CHF,3.9,"Poststrasse 1, St. Gallen",ZRH,47.37503,8.54445,62.88,"WiFi,Restaurant,Room Service",STANDARD_ROOM,BREAKFAST,675,St. Gallen,city,10,1,1,2,5,FALSE,Winter,FALSE,FALSE,-0.2,-6,4.4,1.2,0,0.8,FALSE,Best Western,TRUE
05.01.2026,Monday,St. Gallen,ONZRHCTY,HOTEL CITY,203.91,CHF,3.8,"Marktplatz 58, St. Gallen",ZRH,47.37474,8.53611,63.51,"WiFi,24h Reception,Luggage Storage",BUDGET_ROOM,ROOM_ONLY,675,St. Gallen,city,10.1,1,1,2,5,FALSE,Winter,FALSE,FALSE,-2.5,-5.7,2.6,1.4,0,0.2,FALSE,Independent,FALSE
05.01.2026,Monday,St. Gallen,ONZRHMOT,HOTEL MONTANA,150.64,CHF,3.3,"Marktplatz 9, St. Gallen",ZRH,47.38081,8.53524,63.52,"WiFi,Parking,Restaurant,Bar",STANDARD_ROOM,BREAKFAST,675,St. Gallen,city,9.4,1,1,2,5,FALSE,Winter,FALSE,FALSE,-4.2,-9.9,-0.8,0,0,3.4,FALSE,Independent,FALSE
05.01.2026,Monday,St. Moritz,BWZRH091,BEST WESTERN HOTEL ZURCHERHOF,541.99,CHF,4.7,"Kirchgasse 97, St. Moritz",ZRH,47.37503,8.54445,138.28,"WiFi,Parking,Restaurant,Bar",STANDARD_ROOM,BREAKFAST,1856,Graubuenden,alpine_ski_resort,10,1,1,2,5,FALSE,Winter,FALSE,FALSE,-9.8,-13.1,-3.3,1.9,127,2,TRUE,Best Western,TRUE
05.01.2026,Monday,St. Moritz,MCZRHDTM,Zurich Marriott Hotel,747.14,CHF,4.2,"Hauptstrasse 11, St. Moritz",ZRH,47.38247,8.54026,139.08,"WiFi,Parking,Breakfast",STANDARD_ROOM,ROOM_ONLY,1856,Graubuenden,alpine_ski_resort,9.2,1,1,2,5,FALSE,Winter,FALSE,FALSE,-10.2,-14.5,-3.8,5.2,89,0.6,TRUE,Marriott,TRUE
05.01.2026,Monday,St. Moritz,ONZRHCTY,HOTEL CITY,409.18,CHF,4.5,"Kirchgasse 7, St. Moritz",ZRH,47.37474,8.53611,138.7,"WiFi,Restaurant,Room Service",BUDGET_ROOM,ROOM_ONLY,1856,Graubuenden,alpine_ski_resort,10.1,1,1,2,5,FALSE,Winter,FALSE,FALSE,-7.1,-13.2,-3.4,1.5,50,2.4,TRUE,Independent,FALSE
05.01.2026,Monday,St. Moritz,ONZRHMOT,HOTEL MONTANA,299.48,CHF,4,"Kirchgasse 7, St. Moritz",ZRH,47.38081,8.53524,139.22,"WiFi,Parking,Breakfast",STANDARD_ROOM,BREAKFAST,1856,Graubuenden,alpine_ski_resort,9.4,1,1,2,5,FALSE,Winter,FALSE,FALSE,-10,-13.4,-5.3,0.1,73,1.8,TRUE,Independent,FALSE
05.01.2026,Monday,St. Moritz,XKZRH001,Hotel du Lac,244.98,CHF,3.7,"Marktplatz 96, St. Moritz",ZRH,47.36649,8.53675,138.03,"WiFi,Parking,Breakfast",STANDARD_ROOM,BREAKFAST,1856,Graubuenden,alpine_ski_resort,11,1,1,2,5,FALSE,Winter,FALSE,FALSE,-8.5,-13.4,-3.7,0.6,60,4,TRUE,Independent,FALSE
05.01.2026,Monday,Winterthur,BWZRH091,BEST WESTERN HOTEL ZURCHERHOF,261.53,CHF,4.1,"Poststrasse 96, Winterthur",ZRH,47.37503,8.54445,20.79,"WiFi,Restaurant,Room Service",STANDARD_ROOM,BREAKFAST,439,Zurich,city,10,1,1,2,5,FALSE,Winter,FALSE,FALSE,1.9,-2.5,5.2,4.3,0,3.1,FALSE,Best Western,TRUE
05.01.2026,Monday,Winterthur,MCZRHDTM,Zurich Marriott Hotel,386.49,CHF,4.6,"Marktplatz 6, Winterthur",ZRH,47.38247,8.54026,20.48,"WiFi,Parking,Restaurant,Bar",STANDARD_ROOM,ROOM_ONLY,439,Zurich,city,9.2,1,1,2,5,FALSE,Winter,FALSE,FALSE,0.6,-3.8,7.2,1.7,0,2.1,FALSE,Marriott,TRUE
05.01.2026,Monday,Winterthur,ONZRHCTY,HOTEL CITY,220.5,CHF,3.7,"Poststrasse 66, Winterthur",ZRH,47.37474,8.53611,21.28,"WiFi,Parking,Breakfast",BUDGET_ROOM,ROOM_ONLY,439,Zurich,city,10.1,1,1,2,5,FALSE,Winter,FALSE,FALSE,-2.6,-8.8,2.9,2.9,0,0.2,FALSE,Independent,FALSE
05.01.2026,Monday,Winterthur,ONZRHMOT,HOTEL MONTANA,159.84,CHF,3.4,"Bahnhofstrasse 30, Winterthur",ZRH,47.38081,8.53524,20.89,"WiFi,Gym,Pool,Spa",STANDARD_ROOM,BREAKFAST,439,Zurich,city,9.4,1,1,2,5,FALSE,Winter,FALSE,FALSE,-1.4,-6.4,4.9,5.8,0,0.9,FALSE,Independent,FALSE
05.01.2026,Monday,Winterthur,XKZRH001,Hotel du Lac,121.16,CHF,3,"Marktplatz 36, Winterthur",ZRH,47.36649,8.53675,21.86,"WiFi,Restaurant,Room Service",STANDARD_ROOM,BREAKFAST,439,Zurich,city,11,1,1,2,5,FALSE,Winter,FALSE,FALSE,-0.9,-6.5,2.7,1.8,0,2.3,FALSE,Independent,FALSE
05.01.2026,Monday,Zermatt,BWZRH091,BEST WESTERN HOTEL ZURCHERHOF,532.1,CHF,4.3,"Poststrasse 96, Zermatt",ZRH,47.37503,8.54445,162.35,"WiFi,Parking,Breakfast",STANDARD_ROOM,BREAKFAST,1620,Valais,alpine_ski_resort,10,1,1,2,5,FALSE,Winter,FALSE,FALSE,-8.3,-13.6,-4.3,0,119,3.2,TRUE,Best Western,TRUE
05.01.2026,Monday,Zermatt,MCZRHDTM,Zurich Marriott Hotel,749,CHF,4.4,"Poststrasse 19, Zermatt",ZRH,47.38247,8.54026,163,"WiFi,Gym,Pool,Spa",STANDARD_ROOM,ROOM_ONLY,1620,Valais,alpine_ski_resort,9.2,1,1,2,5,FALSE,Winter,FALSE,FALSE,-8.8,-14.1,-3.6,3,94,2.1,TRUE,Marriott,TRUE
05.01.2026,Monday,Zermatt,ONZRHCTY,HOTEL CITY,432.16,CHF,4.7,"Poststrasse 67, Zermatt",ZRH,47.37474,8.53611,162.08,"WiFi,Restaurant,Room Service",BUDGET_ROOM,ROOM_ONLY,1620,Valais,alpine_ski_resort,10.1,1,1,2,5,FALSE,Winter,FALSE,FALSE,-8.7,-13.8,-3.9,1.9,123,2.1,TRUE,Independent,FALSE
05.01.2026,Monday,Zermatt,ONZRHMOT,HOTEL MONTANA,308.19,CHF,3.7,"Poststrasse 29, Zermatt",ZRH,47.38081,8.53524,162.68,"WiFi,Parking,Restaurant,Bar",STANDARD_ROOM,BREAKFAST,1620,Valais,alpine_ski_resort,9.4,1,1,2,5,FALSE,Winter,FALSE,FALSE,-8,-13.6,-3.9,2.6,81,3.6,TRUE,Independent,FALSE
05.01.2026,Monday,Zermatt,XKZRH001,Hotel du Lac,236.44,CHF,4,"Kirchgasse 38, Zermatt",ZRH,47.36649,8.53675,161.25,"WiFi,Gym,Pool,Spa",STANDARD_ROOM,BREAKFAST,1620,Valais,alpine_ski_resort,11,1,1,2,5,FALSE,Winter,FALSE,FALSE,-4,-9.7,1.6,1.8,87,3.7,TRUE,Independent,FALSE
05.01.2026,Monday,Zuerich,BWZRH091,BEST WESTERN HOTEL ZURCHERHOF,266.66,CHF,4.2,"Kirchgasse 63, Zuerich",ZRH,47.37503,8.54445,0.29,"WiFi,Parking,Breakfast",STANDARD_ROOM,BREAKFAST,408,Zurich,city,10,1,1,2,5,FALSE,Winter,FALSE,FALSE,0.8,-3.2,5.2,2,0,1,FALSE,Best Western,TRUE
05.01.2026,Monday,Zuerich,MCZRHDTM,Zurich Marriott Hotel,373.87,CHF,4.5,"Bahnhofstrasse 63, Zuerich",ZRH,47.38247,8.54026,0.63,"WiFi,Parking,Breakfast",STANDARD_ROOM,ROOM_ONLY,408,Zurich,city,9.2,1,1,2,5,FALSE,Winter,FALSE,FALSE,-0.3,-5.8,6.4,0.4,0,1.2,FALSE,Marriott,TRUE
05.01.2026,Monday,Zuerich,ONZRHCTY,HOTEL CITY,220.1,CHF,3.6,"Marktplatz 15, Zuerich",ZRH,47.37474,8.53611,0.48,"WiFi,Parking,Restaurant,Bar",BUDGET_ROOM,ROOM_ONLY,408,Zurich,city,10.1,1,1,2,5,FALSE,Winter,FALSE,FALSE,2.1,-4,6.7,0.8,0,1.6,FALSE,Independent,FALSE
05.01.2026,Monday,Zuerich,ONZRHMOT,HOTEL MONTANA,159.17,CHF,3.7,"Poststrasse 41, Zuerich",ZRH,47.38081,8.53524,0.65,"WiFi,Parking,Breakfast",STANDARD_ROOM,BREAKFAST,408,Zurich,city,9.4,1,1,2,5,FALSE,Winter,FALSE,FALSE,-1.5,-4.9,2.5,2.1,0,3.7,FALSE,Independent,FALSE
05.01.2026,Monday,Zuerich,XKZRH001,Hotel du Lac,112.55,CHF,2.8,"Kirchgasse 87, Zuerich",ZRH,47.36649,8.53675,1.22,"WiFi,Gym,Pool,Spa",STANDARD_ROOM,BREAKFAST,408,Zurich,city,11,1,1,2,5,FALSE,Winter,FALSE,FALSE,-1.2,-7.4,3.3,4.9,0,1.2,FALSE,Independent,FALSE
12.01.2026,Monday,Arosa,BWZRH091,BEST WESTERN HOTEL ZURCHERHOF,404.13,CHF,4.3,"Poststrasse 11, Arosa",ZRH,47.37503,8.54445,107.47,"WiFi,Parking,Restaurant,Bar",STANDARD_ROOM,BREAKFAST,1775,Graubuenden,alpine_ski_resort,10,1,1,3,12,FALSE,Winter,FALSE,FALSE,-6.8,-10,-0.5,0,170,0.5,TRUE,Best Western,TRUE
12.01.2026,Monday,Arosa,MCZRHDTM,Zurich Marriott Hotel,693.13,CHF,4.3,"Bahnhofstrasse 28, Arosa",ZRH,47.38247,8.54026,108.23,"WiFi,Restaurant,Room Service",DELUXE_ROOM,ROOM_ONLY,1775,Graubuenden,alpine_ski_resort,9.2,1,1,3,12,FALSE,Winter,FALSE,FALSE,-9.5,-13.6,-6.4,3.4,109,0.3,TRUE,Marriott,TRUE
12.01.2026,Monday,Arosa,ONZRHCTY,HOTEL CITY,340.22,CHF,4.1,"Kirchgasse 43, Arosa",ZRH,47.37474,8.53611,107.95,"WiFi,Parking,Restaurant,Bar",BUDGET_ROOM,ROOM_ONLY,1775,Graubuenden,alpine_ski_resort,10.1,1,1,3,12,FALSE,Winter,FALSE,FALSE,-5.3,-9.6,0.3,1.8,84,3.6,TRUE,Independent,FALSE
12.01.2026,Monday,Arosa,XKZRH001,Hotel du Lac,174.33,CHF,3.6,"Hauptstrasse 76, Arosa",ZRH,47.36649,8.53675,107.36,"WiFi,Gym,Pool,Spa",STANDARD_ROOM,BREAKFAST,1775,Graubuenden,alpine_ski_resort,11,1,1,3,12,FALSE,Winter,FALSE,FALSE,-5.5,-10.6,-1,5,115,2.8,TRUE,Independent,FALSE
12.01.2026,Monday,Basel,RTBSLBAH,ibis Basel Bahnhof,108.54,CHF,3.2,"Bahnhofstrasse 63, Basel",BSL,47.54683,7.58427,1.46,"WiFi,Parking,Breakfast",STANDARD_ROOM,ROOM_ONLY,260,Basel-Stadt,city,7.2,1,1,3,12,FALSE,Winter,FALSE,FALSE,3.5,-3.4,7.2,3.1,0,0.3,FALSE,Accor (ibis),TRUE
12.01.2026,Monday,Bern,BWBRN230,Best Western Plus Hotel Bern,209.28,CHF,3.6,"Poststrasse 81, Bern",BRN,46.94877,7.44633,0.12,"WiFi,Gym,Pool,Spa",STANDARD_ROOM,ROOM_ONLY,542,Bern,city,5.5,1,1,3,12,FALSE,Winter,FALSE,FALSE,2.8,-3.1,6.2,3.4,0,2,FALSE,Best Western,TRUE
12.01.2026,Monday,Chur,BWZRH091,BEST WESTERN HOTEL ZURCHERHOF,233.92,CHF,3.7,"Poststrasse 11, Chur",ZRH,47.37503,8.54445,94.9,"WiFi,24h Reception,Luggage Storage",STANDARD_ROOM,BREAKFAST,593,Graubuenden,city,10,1,1,3,12,FALSE,Winter,FALSE,FALSE,0.6,-5.8,4.9,2.5,0,2.8,FALSE,Best Western,TRUE
12.01.2026,Monday,Chur,MCZRHDTM,Zurich Marriott Hotel,404.55,CHF,4.4,"Poststrasse 56, Chur",ZRH,47.38247,8.54026,95.65,"WiFi,Gym,Pool,Spa",DELUXE_ROOM,ROOM_ONLY,593,Graubuenden,city,9.2,1,1,3,12,FALSE,Winter,FALSE,FALSE,-1.5,-7.8,1.8,2.4,0,0.8,FALSE,Marriott,TRUE
12.01.2026,Monday,Chur,ONZRHCTY,HOTEL CITY,202.87,CHF,3.3,"Marktplatz 36, Chur",ZRH,47.37474,8.53611,95.38,"WiFi,Restaurant,Room Service",BUDGET_ROOM,ROOM_ONLY,593,Graubuenden,city,10.1,1,1,3,12,FALSE,Winter,FALSE,FALSE,1.9,-4.7,5.3,4.1,0,1.5,FALSE,Independent,FALSE
12.01.2026,Monday,Chur,XKZRH001,Hotel du Lac,94.71,CHF,2.9,"Kirchgasse 70, Chur",ZRH,47.36649,8.53675,94.78,"WiFi,Gym,Pool,Spa",STANDARD_ROOM,BREAKFAST,593,Graubuenden,city,11,1,1,3,12,FALSE,Winter,FALSE,FALSE,0.5,-4.3,7.4,1.9,0,2.4,FALSE,Independent,FALSE
12.01.2026,Monday,Genf,ICGVAICA,INTERCONTINENTAL GENEVA,388.34,CHF,4.6,"Kirchgasse 5, Genf",GVA,46.22461,6.13268,2.39,"WiFi,Parking,Breakfast",COMFORT_ROOM,ROOM_ONLY,375,Geneva,city,2.4,1,1,3,12,FALSE,Winter,FALSE,FALSE,-0.6,-7.5,3.2,3.7,0,3.4,FALSE,IHG (InterContinental),TRUE
12.01.2026,Monday,Genf,RTGVAGAR,ibis Geneve Centre Gare,126.48,CHF,2.9,"Bahnhofstrasse 26, Genf",GVA,46.20765,6.13827,0.52,"WiFi,Parking,Restaurant,Bar",STANDARD_ROOM,ROOM_ONLY,375,Geneva,city,4.1,1,1,3,12,FALSE,Winter,FALSE,FALSE,-0.3,-7,3,3.5,0,0.4,FALSE,Accor (ibis),TRUE
12.01.2026,Monday,Genf,RTGVARES,Résidence Studio Genève Centre,128.39,CHF,3.2,"Marktplatz 65, Genf",GVA,46.2117,6.14696,0.86,"WiFi,Parking,Breakfast",STANDARD_ROOM,ROOM_ONLY,375,Geneva,city,4.1,1,1,3,12,FALSE,Winter,FALSE,FALSE,0.6,-5.7,3.6,4.7,0,2.9,FALSE,Independent,FALSE
12.01.2026,Monday,Interlaken,BWZRH091,BEST WESTERN HOTEL ZURCHERHOF,274.78,CHF,4.2,"Poststrasse 13, Interlaken",ZRH,47.37503,8.54445,92.36,"WiFi,Gym,Pool,Spa",STANDARD_ROOM,BREAKFAST,570,Bern,mountain_resort,10,1,1,3,12,FALSE,Winter,FALSE,FALSE,-1.4,-5.5,5,2.3,0,3.5,TRUE,Best Western,TRUE
12.01.2026,Monday,Interlaken,MCZRHDTM,Zurich Marriott Hotel,496.4,CHF,4.4,"Marktplatz 40, Interlaken",ZRH,47.38247,8.54026,92.87,"WiFi,Restaurant,Room Service",DELUXE_ROOM,ROOM_ONLY,570,Bern,mountain_resort,9.2,1,1,3,12,FALSE,Winter,FALSE,FALSE,0.1,-4.4,6.4,0.6,0,3.5,TRUE,Marriott,TRUE
12.01.2026,Monday,Interlaken,ONZRHCTY,HOTEL CITY,231.94,CHF,4,"Bahnhofstrasse 33, Interlaken",ZRH,47.37474,8.53611,91.98,"WiFi,Restaurant,Room Service",BUDGET_ROOM,ROOM_ONLY,570,Bern,mountain_resort,10.1,1,1,3,12,FALSE,Winter,FALSE,FALSE,-1,-4.8,2.8,0,0,0.5,TRUE,Independent,FALSE
12.01.2026,Monday,Interlaken,XKZRH001,Hotel du Lac,121.79,CHF,2.7,"Poststrasse 98, Interlaken",ZRH,47.36649,8.53675,91.25,"WiFi,Parking,Breakfast",STANDARD_ROOM,BREAKFAST,570,Bern,mountain_resort,11,1,1,3,12,FALSE,Winter,FALSE,FALSE,-2.3,-6.1,4.6,0.7,0,0.7,TRUE,Independent,FALSE
12.01.2026,Monday,Lausanne,ICGVAICA,INTERCONTINENTAL GENEVA,389.98,CHF,4.4,"Bahnhofstrasse 30, Lausanne",GVA,46.22461,6.13268,50.46,"WiFi,24h Reception,Luggage Storage",COMFORT_ROOM,ROOM_ONLY,495,Vaud,city,2.4,1,1,3,12,FALSE,Winter,FALSE,FALSE,2,-3.8,8.1,5.3,0,2.3,FALSE,IHG (InterContinental),TRUE
12.01.2026,Monday,Lausanne,RTGVAGAR,ibis Geneve Centre Gare,128.12,CHF,3,"Poststrasse 5, Lausanne",GVA,46.20765,6.13827,51.39,"WiFi,Parking,Breakfast",STANDARD_ROOM,ROOM_ONLY,495,Vaud,city,4.1,1,1,3,12,FALSE,Winter,FALSE,FALSE,3,-0.9,7,2.1,0,3.6,FALSE,Accor (ibis),TRUE
12.01.2026,Monday,Lausanne,RTGVARES,Résidence Studio Genève Centre,116.37,CHF,2.8,"Marktplatz 21, Lausanne",GVA,46.2117,6.14696,50.59,"WiFi,Restaurant,Room Service",STANDARD_ROOM,ROOM_ONLY,495,Vaud,city,4.1,1,1,3,12,FALSE,Winter,FALSE,FALSE,2.3,-1.6,6.4,0,0,2.8,FALSE,Independent,FALSE
12.01.2026,Monday,Luzern,BWZRH091,BEST WESTERN HOTEL ZURCHERHOF,232.44,CHF,3.7,"Bahnhofstrasse 59, Luzern",ZRH,47.37503,8.54445,40.25,"WiFi,24h Reception,Luggage Storage",STANDARD_ROOM,BREAKFAST,435,Lucerne,city,10,1,1,3,12,FALSE,Winter,FALSE,FALSE,2.5,-2.3,7.3,3,0,3.2,FALSE,Best Western,TRUE
12.01.2026,Monday,Luzern,MCZRHDTM,Zurich Marriott Hotel,410.08,CHF,4.6,"Hauptstrasse 18, Luzern",ZRH,47.38247,8.54026,40.86,"WiFi,24h Reception,Luggage Storage",DELUXE_ROOM,ROOM_ONLY,435,Lucerne,city,9.2,1,1,3,12,FALSE,Winter,FALSE,FALSE,0.5,-5.6,5.2,3.5,0,1.5,FALSE,Marriott,TRUE
12.01.2026,Monday,Luzern,ONZRHCTY,HOTEL CITY,199.72,CHF,3.6,"Marktplatz 58, Luzern",ZRH,47.37474,8.53611,39.95,"WiFi,Restaurant,Room Service",BUDGET_ROOM,ROOM_ONLY,435,Lucerne,city,10.1,1,1,3,12,FALSE,Winter,FALSE,FALSE,-2.4,-5.5,0.6,4.5,0,2.1,FALSE,Independent,FALSE
12.01.2026,Monday,Luzern,XKZRH001,Hotel du Lac,100.13,CHF,2.9,"Poststrasse 17, Luzern",ZRH,47.36649,8.53675,39.14,"WiFi,Gym,Pool,Spa",STANDARD_ROOM,BREAKFAST,435,Lucerne,city,11,1,1,3,12,FALSE,Winter,FALSE,FALSE,0.5,-5.4,5.5,3.6,0,2.7,FALSE,Independent,FALSE
12.01.2026,Monday,St. Gallen,BWZRH091,BEST WESTERN HOTEL ZURCHERHOF,224.16,CHF,3.7,"Bahnhofstrasse 22, St. Gallen",ZRH,47.37503,8.54445,62.88,"WiFi,Parking,Restaurant,Bar",STANDARD_ROOM,BREAKFAST,675,St. Gallen,city,10,1,1,3,12,FALSE,Winter,FALSE,FALSE,-0.6,-5.1,2.7,4.2,0,4,FALSE,Best Western,TRUE
12.01.2026,Monday,St. Gallen,MCZRHDTM,Zurich Marriott Hotel,379.73,CHF,4.2,"Bahnhofstrasse 84, St. Gallen",ZRH,47.38247,8.54026,63.12,"WiFi,Parking,Breakfast",DELUXE_ROOM,ROOM_ONLY,675,St. Gallen,city,9.2,1,1,3,12,FALSE,Winter,FALSE,FALSE,-2.8,-7.9,1,3.8,0,0.5,FALSE,Marriott,TRUE
12.01.2026,Monday,St. Gallen,ONZRHCTY,HOTEL CITY,199.18,CHF,3.2,"Poststrasse 48, St. Gallen",ZRH,47.37474,8.53611,63.51,"WiFi,Gym,Pool,Spa",BUDGET_ROOM,ROOM_ONLY,675,St. Gallen,city,10.1,1,1,3,12,FALSE,Winter,FALSE,FALSE,-0.8,-5.9,6,2.3,0,1.2,FALSE,Independent,FALSE
12.01.2026,Monday,St. Gallen,XKZRH001,Hotel du Lac,101.91,CHF,2.9,"Poststrasse 85, St. Gallen",ZRH,47.36649,8.53675,63.55,"WiFi,Parking,Restaurant,Bar",STANDARD_ROOM,BREAKFAST,675,St. Gallen,city,11,1,1,3,12,FALSE,Winter,FALSE,FALSE,-2.7,-8.1,1,3.1,0,1.1,FALSE,Independent,FALSE
12.01.2026,Monday,St. Moritz,BWZRH091,BEST WESTERN HOTEL ZURCHERHOF,420.52,CHF,4.5,"Marktplatz 12, St. Moritz",ZRH,47.37503,8.54445,138.28,"WiFi,Gym,Pool,Spa",STANDARD_ROOM,BREAKFAST,1856,Graubuenden,alpine_ski_resort,10,1,1,3,12,FALSE,Winter,FALSE,FALSE,-5.3,-10.3,-2.2,1.9,60,2.8,TRUE,Best Western,TRUE
12.01.2026,Monday,St. Moritz,MCZRHDTM,Zurich Marriott Hotel,733.84,CHF,4.5,"Poststrasse 25, St. Moritz",ZRH,47.38247,8.54026,139.08,"WiFi,Parking,Breakfast",DELUXE_ROOM,ROOM_ONLY,1856,Graubuenden,alpine_ski_resort,9.2,1,1,3,12,FALSE,Winter,FALSE,FALSE,-7.7,-11.1,-1.8,7.1,113,0.7,TRUE,Marriott,TRUE
12.01.2026,Monday,St. Moritz,ONZRHCTY,HOTEL CITY,360.64,CHF,4.5,"Kirchgasse 72, St. Moritz",ZRH,47.37474,8.53611,138.7,"WiFi,Parking,Restaurant,Bar",BUDGET_ROOM,ROOM_ONLY,1856,Graubuenden,alpine_ski_resort,10.1,1,1,3,12,FALSE,Winter,FALSE,FALSE,-9.4,-13.3,-4.3,0.8,122,3.6,TRUE,Independent,FALSE
12.01.2026,Monday,St. Moritz,XKZRH001,Hotel du Lac,176.94,CHF,3.5,"Kirchgasse 42, St. Moritz",ZRH,47.36649,8.53675,138.03,"WiFi,Parking,Restaurant,Bar",STANDARD_ROOM,BREAKFAST,1856,Graubuenden,alpine_ski_resort,11,1,1,3,12,FALSE,Winter,FALSE,FALSE,-5,-11.1,-1.4,1.5,92,2.2,TRUE,Independent,FALSE
12.01.2026,Monday,Winterthur,BWZRH091,BEST WESTERN HOTEL ZURCHERHOF,235.39,CHF,3.8,"Hauptstrasse 89, Winterthur",ZRH,47.37503,8.54445,20.79,"WiFi,Parking,Restaurant,Bar",STANDARD_ROOM,BREAKFAST,439,Zurich,city,10,1,1,3,12,FALSE,Winter,FALSE,FALSE,3.4,-0.8,10,1.3,0,3.7,FALSE,Best Western,TRUE
12.01.2026,Monday,Winterthur,MCZRHDTM,Zurich Marriott Hotel,394.76,CHF,4.5,"Marktplatz 83, Winterthur",ZRH,47.38247,8.54026,20.48,"WiFi,Parking,Restaurant,Bar",DELUXE_ROOM,ROOM_ONLY,439,Zurich,city,9.2,1,1,3,12,FALSE,Winter,FALSE,FALSE,2,-2.5,5.6,0.3,0,3.4,FALSE,Marriott,TRUE
12.01.2026,Monday,Winterthur,ONZRHCTY,HOTEL CITY,198.21,CHF,3.3,"Poststrasse 32, Winterthur",ZRH,47.37474,8.53611,21.28,"WiFi,24h Reception,Luggage Storage",BUDGET_ROOM,ROOM_ONLY,439,Zurich,city,10.1,1,1,3,12,FALSE,Winter,FALSE,FALSE,-1.2,-4.2,5.2,1,0,2.8,FALSE,Independent,FALSE
12.01.2026,Monday,Winterthur,XKZRH001,Hotel du Lac,98.2,CHF,2.9,"Bahnhofstrasse 20, Winterthur",ZRH,47.36649,8.53675,21.86,"WiFi,Parking,Restaurant,Bar",STANDARD_ROOM,BREAKFAST,439,Zurich,city,11,1,1,3,12,FALSE,Winter,FALSE,FALSE,-0.9,-6.7,3.4,0.3,0,0.7,FALSE,Independent,FALSE
12.01.2026,Monday,Zermatt,BWZRH091,BEST WESTERN HOTEL ZURCHERHOF,395.45,CHF,4.6,"Poststrasse 25, Zermatt",ZRH,47.37503,8.54445,162.35,"WiFi,24h Reception,Luggage Storage",STANDARD_ROOM,BREAKFAST,1620,Valais,alpine_ski_resort,10,1,1,3,12,FALSE,Winter,FALSE,FALSE,-9.1,-16.1,-4.5,3.8,111,0.6,TRUE,Best Western,TRUE
12.01.2026,Monday,Zermatt,MCZRHDTM,Zurich Marriott Hotel,724.91,CHF,4.4,"Bahnhofstrasse 64, Zermatt",ZRH,47.38247,8.54026,163,"WiFi,Parking,Restaurant,Bar",DELUXE_ROOM,ROOM_ONLY,1620,Valais,alpine_ski_resort,9.2,1,1,3,12,FALSE,Winter,FALSE,FALSE,-4.9,-8.7,1.9,2.5,37,3.5,TRUE,Marriott,TRUE
12.01.2026,Monday,Zermatt,ONZRHCTY,HOTEL CITY,363.33,CHF,4.8,"Poststrasse 18, Zermatt",ZRH,47.37474,8.53611,162.08,"WiFi,Restaurant,Room Service",BUDGET_ROOM,ROOM_ONLY,1620,Valais,alpine_ski_resort,10.1,1,1,3,12,FALSE,Winter,FALSE,FALSE,-5.6,-9.3,-1.3,1,108,1.9,TRUE,Independent,FALSE
12.01.2026,Monday,Zermatt,XKZRH001,Hotel du Lac,178.52,CHF,3.7,"Kirchgasse 41, Zermatt",ZRH,47.36649,8.53675,161.25,"WiFi,Gym,Pool,Spa",STANDARD_ROOM,BREAKFAST,1620,Valais,alpine_ski_resort,11,1,1,3,12,FALSE,Winter,FALSE,FALSE,-9.4,-13.1,-2.6,0,79,3.2,TRUE,Independent,FALSE
12.01.2026,Monday,Zuerich,BWZRH091,BEST WESTERN HOTEL ZURCHERHOF,231.43,CHF,3.8,"Hauptstrasse 49, Zuerich",ZRH,47.37503,8.54445,0.29,"WiFi,Gym,Pool,Spa",STANDARD_ROOM,BREAKFAST,408,Zurich,city,10,1,1,3,12,FALSE,Winter,FALSE,FALSE,-2,-6.6,1.2,5.7,0,0.3,FALSE,Best Western,TRUE
12.01.2026,Monday,Zuerich,MCZRHDTM,Zurich Marriott Hotel,377.66,CHF,4.4,"Kirchgasse 59, Zuerich",ZRH,47.38247,8.54026,0.63,"WiFi,24h Reception,Luggage Storage",DELUXE_ROOM,ROOM_ONLY,408,Zurich,city,9.2,1,1,3,12,FALSE,Winter,FALSE,FALSE,2.5,-3,7.8,2.3,0,2.6,FALSE,Marriott,TRUE
12.01.2026,Monday,Zuerich,ONZRHCTY,HOTEL CITY,206.7,CHF,3.5,"Bahnhofstrasse 81, Zuerich",ZRH,47.37474,8.53611,0.48,"WiFi,Parking,Breakfast",BUDGET_ROOM,ROOM_ONLY,408,Zurich,city,10.1,1,1,3,12,FALSE,Winter,FALSE,FALSE,2.6,-1.9,7.8,2.4,0,3.3,FALSE,Independent,FALSE
12.01.2026,Monday,Zuerich,XKZRH001,Hotel du Lac,95.91,CHF,2.8,"Bahnhofstrasse 97, Zuerich",ZRH,47.36649,8.53675,1.22,"WiFi,Parking,Breakfast",STANDARD_ROOM,BREAKFAST,408,Zurich,city,11,1,1,3,12,FALSE,Winter,FALSE,FALSE,1,-3.9,5.3,2.4,0,2.7,FALSE,Independent,FALSE
19.01.2026,Monday,Arosa,BWZRH091,BEST WESTERN HOTEL ZURCHERHOF,409,CHF,4.5,"Hauptstrasse 67, Arosa",ZRH,47.37503,8.54445,107.47,"WiFi,Gym,Pool,Spa",STANDARD_ROOM,BREAKFAST,1775,Graubuenden,alpine_ski_resort,10,1,1,4,19,FALSE,Winter,FALSE,FALSE,-7,-11.5,-0.8,0,208,2.1,TRUE,Best Western,TRUE
19.01.2026,Monday,Arosa,MCZRHDTM,Zurich Marriott Hotel,791.39,CHF,4.3,"Bahnhofstrasse 96, Arosa",ZRH,47.38247,8.54026,108.23,"WiFi,Parking,Restaurant,Bar",STANDARD_ROOM,ROOM_ONLY,1775,Graubuenden,alpine_ski_resort,9.2,1,1,4,19,FALSE,Winter,FALSE,FALSE,-5.7,-9.8,-0.1,0,171,3.5,TRUE,Marriott,TRUE
19.01.2026,Monday,Arosa,ONZRHCTY,HOTEL CITY,355.41,CHF,4.5,"Hauptstrasse 70, Arosa",ZRH,47.37474,8.53611,107.95,"WiFi,Restaurant,Room Service",BUDGET_ROOM,ROOM_ONLY,1775,Graubuenden,alpine_ski_resort,10.1,1,1,4,19,FALSE,Winter,FALSE,FALSE,-4,-10.1,1.7,0,159,0.8,TRUE,Independent,FALSE
19.01.2026,Monday,Arosa,XKZRH001,Hotel du Lac,171.28,CHF,3.6,"Bahnhofstrasse 36, Arosa",ZRH,47.36649,8.53675,107.36,"WiFi,Restaurant,Room Service",STANDARD_ROOM,BREAKFAST,1775,Graubuenden,alpine_ski_resort,11,1,1,4,19,FALSE,Winter,FALSE,FALSE,-5.6,-8.9,1.3,3.5,75,2,TRUE,Independent,FALSE
19.01.2026,Monday,Basel,RTBSLBAH,ibis Basel Bahnhof,110.34,CHF,2.9,"Poststrasse 68, Basel",BSL,47.54683,7.58427,1.46,"WiFi,Parking,Breakfast",STANDARD_ROOM,ROOM_ONLY,260,Basel-Stadt,city,7.2,1,1,4,19,FALSE,Winter,FALSE,FALSE,3.1,-2.4,8.7,0,0,4,FALSE,Accor (ibis),TRUE
19.01.2026,Monday,Bern,BWBRN230,Best Western Plus Hotel Bern,211.61,CHF,3.6,"Bahnhofstrasse 24, Bern",BRN,46.94877,7.44633,0.12,"WiFi,Parking,Breakfast",STANDARD_ROOM,ROOM_ONLY,542,Bern,city,5.5,1,1,4,19,FALSE,Winter,FALSE,FALSE,-2.5,-8.9,1.8,3.7,0,4.5,FALSE,Best Western,TRUE
19.01.2026,Monday,Chur,BWZRH091,BEST WESTERN HOTEL ZURCHERHOF,242.56,CHF,3.9,"Marktplatz 8, Chur",ZRH,47.37503,8.54445,94.9,"WiFi,Gym,Pool,Spa",STANDARD_ROOM,BREAKFAST,593,Graubuenden,city,10,1,1,4,19,FALSE,Winter,FALSE,FALSE,1.3,-5,6.7,1.2,0,4.2,FALSE,Best Western,TRUE
19.01.2026,Monday,Chur,MCZRHDTM,Zurich Marriott Hotel,505.2,CHF,4.7,"Bahnhofstrasse 86, Chur",ZRH,47.38247,8.54026,95.65,"WiFi,Gym,Pool,Spa",STANDARD_ROOM,ROOM_ONLY,593,Graubuenden,city,9.2,1,1,4,19,FALSE,Winter,FALSE,FALSE,-2.5,-8.7,0.6,2.7,0,2.9,FALSE,Marriott,TRUE
19.01.2026,Monday,Chur,ONZRHCTY,HOTEL CITY,202.77,CHF,3.4,"Bahnhofstrasse 62, Chur",ZRH,47.37474,8.53611,95.38,"WiFi,Parking,Restaurant,Bar",BUDGET_ROOM,ROOM_ONLY,593,Graubuenden,city,10.1,1,1,4,19,FALSE,Winter,FALSE,FALSE,3.1,-0.3,9.3,1.1,0,4.1,FALSE,Independent,FALSE
19.01.2026,Monday,Chur,XKZRH001,Hotel du Lac,104.73,CHF,3,"Hauptstrasse 31, Chur",ZRH,47.36649,8.53675,94.78,"WiFi,24h Reception,Luggage Storage",STANDARD_ROOM,BREAKFAST,593,Graubuenden,city,11,1,1,4,19,FALSE,Winter,FALSE,FALSE,0.8,-2.5,5.3,0.3,0,1,FALSE,Independent,FALSE
19.01.2026,Monday,Genf,ICGVAICA,INTERCONTINENTAL GENEVA,390.14,CHF,4.5,"Marktplatz 12, Genf",GVA,46.22461,6.13268,2.39,"WiFi,Restaurant,Room Service",COMFORT_ROOM,ROOM_ONLY,375,Geneva,city,2.4,1,1,4,19,FALSE,Winter,FALSE,FALSE,-1.4,-5.4,3.3,4,0,1.2,FALSE,IHG (InterContinental),TRUE
19.01.2026,Monday,Genf,RTGVAGAR,ibis Geneve Centre Gare,140.31,CHF,3,"Hauptstrasse 3, Genf",GVA,46.20765,6.13827,0.52,"WiFi,Restaurant,Room Service",STANDARD_ROOM,ROOM_ONLY,375,Geneva,city,4.1,1,1,4,19,FALSE,Winter,FALSE,FALSE,2.7,-3.8,6.2,2.1,0,1.4,FALSE,Accor (ibis),TRUE
19.01.2026,Monday,Genf,RTGVARES,Résidence Studio Genève Centre,128.52,CHF,2.9,"Poststrasse 9, Genf",GVA,46.2117,6.14696,0.86,"WiFi,24h Reception,Luggage Storage",STANDARD_ROOM,ROOM_ONLY,375,Geneva,city,4.1,1,1,4,19,FALSE,Winter,FALSE,FALSE,1.5,-3.5,6,1.4,0,1,FALSE,Independent,FALSE
19.01.2026,Monday,Interlaken,BWZRH091,BEST WESTERN HOTEL ZURCHERHOF,284.98,CHF,4.1,"Kirchgasse 79, Interlaken",ZRH,47.37503,8.54445,92.36,"WiFi,24h Reception,Luggage Storage",STANDARD_ROOM,BREAKFAST,570,Bern,mountain_resort,10,1,1,4,19,FALSE,Winter,FALSE,FALSE,-2.5,-6.4,1,4.9,0,3,TRUE,Best Western,TRUE
19.01.2026,Monday,Interlaken,MCZRHDTM,Zurich Marriott Hotel,592.96,CHF,4.7,"Marktplatz 48, Interlaken",ZRH,47.38247,8.54026,92.87,"WiFi,Parking,Restaurant,Bar",STANDARD_ROOM,ROOM_ONLY,570,Bern,mountain_resort,9.2,1,1,4,19,FALSE,Winter,FALSE,FALSE,-2.5,-5.9,3.4,0.1,0,1.3,TRUE,Marriott,TRUE
19.01.2026,Monday,Interlaken,ONZRHCTY,HOTEL CITY,241.39,CHF,3.7,"Bahnhofstrasse 93, Interlaken",ZRH,47.37474,8.53611,91.98,"WiFi,24h Reception,Luggage Storage",BUDGET_ROOM,ROOM_ONLY,570,Bern,mountain_resort,10.1,1,1,4,19,FALSE,Winter,FALSE,FALSE,-1.2,-4.9,4.2,1.4,0,2.1,TRUE,Independent,FALSE
19.01.2026,Monday,Interlaken,XKZRH001,Hotel du Lac,124.37,CHF,2.8,"Hauptstrasse 33, Interlaken",ZRH,47.36649,8.53675,91.25,"WiFi,Gym,Pool,Spa",STANDARD_ROOM,BREAKFAST,570,Bern,mountain_resort,11,1,1,4,19,FALSE,Winter,FALSE,FALSE,-0.9,-3.9,3.5,0,0,3.7,TRUE,Independent,FALSE
19.01.2026,Monday,Lausanne,ICGVAICA,INTERCONTINENTAL GENEVA,372.94,CHF,4.3,"Hauptstrasse 60, Lausanne",GVA,46.22461,6.13268,50.46,"WiFi,Parking,Breakfast",COMFORT_ROOM,ROOM_ONLY,495,Vaud,city,2.4,1,1,4,19,FALSE,Winter,FALSE,FALSE,-0.4,-6.5,3.9,2,0,3.7,FALSE,IHG (InterContinental),TRUE
19.01.2026,Monday,Lausanne,RTGVAGAR,ibis Geneve Centre Gare,139.53,CHF,2.8,"Hauptstrasse 17, Lausanne",GVA,46.20765,6.13827,51.39,"WiFi,Parking,Breakfast",STANDARD_ROOM,ROOM_ONLY,495,Vaud,city,4.1,1,1,4,19,FALSE,Winter,FALSE,FALSE,2.2,-2.4,6.5,2,0,0.6,FALSE,Accor (ibis),TRUE
19.01.2026,Monday,Lausanne,RTGVARES,Résidence Studio Genève Centre,128.46,CHF,3,"Marktplatz 31, Lausanne",GVA,46.2117,6.14696,50.59,"WiFi,Parking,Breakfast",STANDARD_ROOM,ROOM_ONLY,495,Vaud,city,4.1,1,1,4,19,FALSE,Winter,FALSE,FALSE,2.7,-2.4,6.9,3,0,1.5,FALSE,Independent,FALSE
19.01.2026,Monday,Luzern,BWZRH091,BEST WESTERN HOTEL ZURCHERHOF,239.72,CHF,4.1,"Marktplatz 2, Luzern",ZRH,47.37503,8.54445,40.25,"WiFi,Parking,Breakfast",STANDARD_ROOM,BREAKFAST,435,Lucerne,city,10,1,1,4,19,FALSE,Winter,FALSE,FALSE,0,-5.3,6.1,0,0,2,FALSE,Best Western,TRUE
19.01.2026,Monday,Luzern,MCZRHDTM,Zurich Marriott Hotel,488.76,CHF,4.7,"Marktplatz 89, Luzern",ZRH,47.38247,8.54026,40.86,"WiFi,Parking,Breakfast",STANDARD_ROOM,ROOM_ONLY,435,Lucerne,city,9.2,1,1,4,19,FALSE,Winter,FALSE,FALSE,3.3,-0.3,8.4,3.1,0,3.9,FALSE,Marriott,TRUE
19.01.2026,Monday,Luzern,ONZRHCTY,HOTEL CITY,199.45,CHF,3.3,"Kirchgasse 90, Luzern",ZRH,47.37474,8.53611,39.95,"WiFi,Restaurant,Room Service",BUDGET_ROOM,ROOM_ONLY,435,Lucerne,city,10.1,1,1,4,19,FALSE,Winter,FALSE,FALSE,-0.4,-3.8,2.9,0.7,0,4.3,FALSE,Independent,FALSE
19.01.2026,Monday,Luzern,XKZRH001,Hotel du Lac,102.55,CHF,3.2,"Bahnhofstrasse 68, Luzern",ZRH,47.36649,8.53675,39.14,"WiFi,Gym,Pool,Spa",STANDARD_ROOM,BREAKFAST,435,Lucerne,city,11,1,1,4,19,FALSE,Winter,FALSE,FALSE,2.1,-3.2,5.7,2.2,0,3.3,FALSE,Independent,FALSE
19.01.2026,Monday,St. Gallen,BWZRH091,BEST WESTERN HOTEL ZURCHERHOF,227.07,CHF,3.8,"Kirchgasse 55, St. Gallen",ZRH,47.37503,8.54445,62.88,"WiFi,Parking,Breakfast",STANDARD_ROOM,BREAKFAST,675,St. Gallen,city,10,1,1,4,19,FALSE,Winter,FALSE,FALSE,2.1,-4.8,7,0,0,0.8,FALSE,Best Western,TRUE
19.01.2026,Monday,St. Gallen,MCZRHDTM,Zurich Marriott Hotel,479.83,CHF,4.4,"Poststrasse 39, St. Gallen",ZRH,47.38247,8.54026,63.12,"WiFi,Parking,Restaurant,Bar",STANDARD_ROOM,ROOM_ONLY,675,St. Gallen,city,9.2,1,1,4,19,FALSE,Winter,FALSE,FALSE,-0.8,-5.7,3.3,2.2,0,3.4,FALSE,Marriott,TRUE
19.01.2026,Monday,St. Gallen,ONZRHCTY,HOTEL CITY,193.43,CHF,3.4,"Bahnhofstrasse 32, St. Gallen",ZRH,47.37474,8.53611,63.51,"WiFi,Parking,Restaurant,Bar",BUDGET_ROOM,ROOM_ONLY,675,St. Gallen,city,10.1,1,1,4,19,FALSE,Winter,FALSE,FALSE,-0.2,-5.7,6.2,4.3,0,2.5,FALSE,Independent,FALSE
19.01.2026,Monday,St. Gallen,XKZRH001,Hotel du Lac,97.33,CHF,2.9,"Hauptstrasse 77, St. Gallen",ZRH,47.36649,8.53675,63.55,"WiFi,24h Reception,Luggage Storage",STANDARD_ROOM,BREAKFAST,675,St. Gallen,city,11,1,1,4,19,FALSE,Winter,FALSE,FALSE,1.5,-4.3,5.2,5.7,0,3.3,FALSE,Independent,FALSE
19.01.2026,Monday,St. Moritz,BWZRH091,BEST WESTERN HOTEL ZURCHERHOF,393.12,CHF,4.5,"Kirchgasse 44, St. Moritz",ZRH,47.37503,8.54445,138.28,"WiFi,Gym,Pool,Spa",STANDARD_ROOM,BREAKFAST,1856,Graubuenden,alpine_ski_resort,10,1,1,4,19,FALSE,Winter,FALSE,FALSE,-8.8,-12.8,-2.6,6.5,130,2.8,TRUE,Best Western,TRUE
19.01.2026,Monday,St. Moritz,MCZRHDTM,Zurich Marriott Hotel,800.79,CHF,4.8,"Hauptstrasse 35, St. Moritz",ZRH,47.38247,8.54026,139.08,"WiFi,Restaurant,Room Service",STANDARD_ROOM,ROOM_ONLY,1856,Graubuenden,alpine_ski_resort,9.2,1,1,4,19,FALSE,Winter,FALSE,FALSE,-9.7,-13.8,-3.7,0.7,80,2.5,TRUE,Marriott,TRUE
19.01.2026,Monday,St. Moritz,ONZRHCTY,HOTEL CITY,333.5,CHF,3.8,"Kirchgasse 45, St. Moritz",ZRH,47.37474,8.53611,138.7,"WiFi,24h Reception,Luggage Storage",BUDGET_ROOM,ROOM_ONLY,1856,Graubuenden,alpine_ski_resort,10.1,1,1,4,19,FALSE,Winter,FALSE,FALSE,-7.6,-11.2,-1.5,1.9,99,4.2,TRUE,Independent,FALSE
19.01.2026,Monday,St. Moritz,XKZRH001,Hotel du Lac,168.32,CHF,3.3,"Bahnhofstrasse 81, St. Moritz",ZRH,47.36649,8.53675,138.03,"WiFi,Parking,Restaurant,Bar",STANDARD_ROOM,BREAKFAST,1856,Graubuenden,alpine_ski_resort,11,1,1,4,19,FALSE,Winter,FALSE,FALSE,-5.2,-10.1,-0.8,0,48,3.7,TRUE,Independent,FALSE
19.01.2026,Monday,Winterthur,BWZRH091,BEST WESTERN HOTEL ZURCHERHOF,230.21,CHF,4,"Marktplatz 33, Winterthur",ZRH,47.37503,8.54445,20.79,"WiFi,Parking,Restaurant,Bar",STANDARD_ROOM,BREAKFAST,439,Zurich,city,10,1,1,4,19,FALSE,Winter,FALSE,FALSE,2.1,-2.8,5.4,0.3,0,0.7,FALSE,Best Western,TRUE
19.01.2026,Monday,Winterthur,ONZRHCTY,HOTEL CITY,211.51,CHF,3.7,"Poststrasse 83, Winterthur",ZRH,47.37474,8.53611,21.28,"WiFi,24h Reception,Luggage Storage",BUDGET_ROOM,ROOM_ONLY,439,Zurich,city,10.1,1,1,4,19,FALSE,Winter,FALSE,FALSE,-1.9,-7.4,4,4.6,0,0.8,FALSE,Independent,FALSE
19.01.2026,Monday,Zermatt,BWZRH091,BEST WESTERN HOTEL ZURCHERHOF,413.95,CHF,4.6,"Poststrasse 7, Zermatt",ZRH,47.37503,8.54445,162.35,"WiFi,24h Reception,Luggage Storage",STANDARD_ROOM,BREAKFAST,1620,Valais,alpine_ski_resort,10,1,1,4,19,FALSE,Winter,FALSE,FALSE,-6.3,-12.3,-1.2,0,80,4.3,TRUE,Best Western,TRUE
19.01.2026,Monday,Zermatt,MCZRHDTM,Zurich Marriott Hotel,834,CHF,4.6,"Kirchgasse 75, Zermatt",ZRH,47.38247,8.54026,163,"WiFi,Parking,Breakfast",STANDARD_ROOM,ROOM_ONLY,1620,Valais,alpine_ski_resort,9.2,1,1,4,19,FALSE,Winter,FALSE,FALSE,-6.7,-12.5,-2.9,0.3,137,3.1,TRUE,Marriott,TRUE
19.01.2026,Monday,Zermatt,ONZRHCTY,HOTEL CITY,336.97,CHF,4.1,"Bahnhofstrasse 95, Zermatt",ZRH,47.37474,8.53611,162.08,"WiFi,Gym,Pool,Spa",BUDGET_ROOM,ROOM_ONLY,1620,Valais,alpine_ski_resort,10.1,1,1,4,19,FALSE,Winter,FALSE,FALSE,-6,-11.1,0.7,0.4,117,1.7,TRUE,Independent,FALSE
19.01.2026,Monday,Zermatt,XKZRH001,Hotel du Lac,174.57,CHF,3.5,"Marktplatz 92, Zermatt",ZRH,47.36649,8.53675,161.25,"WiFi,24h Reception,Luggage Storage",STANDARD_ROOM,BREAKFAST,1620,Valais,alpine_ski_resort,11,1,1,4,19,FALSE,Winter,FALSE,FALSE,-4.5,-7.6,-0.5,0,92,3.1,TRUE,Independent,FALSE
19.01.2026,Monday,Zuerich,BWZRH091,BEST WESTERN HOTEL ZURCHERHOF,222.32,CHF,3.6,"Bahnhofstrasse 79, Zuerich",ZRH,47.37503,8.54445,0.29,"WiFi,Parking,Restaurant,Bar",STANDARD_ROOM,BREAKFAST,408,Zurich,city,10,1,1,4,19,FALSE,Winter,FALSE,FALSE,1.1,-3.2,5.5,1.6,0,2.7,FALSE,Best Western,TRUE
19.01.2026,Monday,Zuerich,MCZRHDTM,Zurich Marriott Hotel,467.17,CHF,4.5,"Kirchgasse 65, Zuerich",ZRH,47.38247,8.54026,0.63,"WiFi,24h Reception,Luggage Storage",STANDARD_ROOM,ROOM_ONLY,408,Zurich,city,9.2,1,1,4,19,FALSE,Winter,FALSE,FALSE,0.4,-6.4,5.7,0,0,1.5,FALSE,Marriott,TRUE
19.01.2026,Monday,Zuerich,ONZRHCTY,HOTEL CITY,194.06,CHF,3.3,"Kirchgasse 24, Zuerich",ZRH,47.37474,8.53611,0.48,"WiFi,Restaurant,Room Service",BUDGET_ROOM,ROOM_ONLY,408,Zurich,city,10.1,1,1,4,19,FALSE,Winter,FALSE,FALSE,1.4,-3.2,8.4,0.4,0,2.7,FALSE,Independent,FALSE
19.01.2026,Monday,Zuerich,XKZRH001,Hotel du Lac,102.11,CHF,2.7,"Poststrasse 72, Zuerich",ZRH,47.36649,8.53675,1.22,"WiFi,Parking,Breakfast",STANDARD_ROOM,BREAKFAST,408,Zurich,city,11,1,1,4,19,FALSE,Winter,FALSE,FALSE,2.4,-2.3,8.3,0.9,0,2.8,FALSE,Independent,FALSE
26.01.2026,Monday,Arosa,BWZRH091,BEST WESTERN HOTEL ZURCHERHOF,369.49,CHF,4.4,"Marktplatz 96, Arosa",ZRH,47.37503,8.54445,107.47,"WiFi,24h Reception,Luggage Storage",STANDARD_ROOM,BREAKFAST,1775,Graubuenden,alpine_ski_resort,10,1,1,5,26,FALSE,Winter,FALSE,FALSE,-3.4,-8.9,-0.1,2.9,117,2.9,TRUE,Best Western,TRUE
26.01.2026,Monday,Arosa,MCZRHDTM,Zurich Marriott Hotel,652.41,CHF,4.4,"Hauptstrasse 94, Arosa",ZRH,47.38247,8.54026,108.23,"WiFi,Gym,Pool,Spa",STANDARD_ROOM,ROOM_ONLY,1775,Graubuenden,alpine_ski_resort,9.2,1,1,5,26,FALSE,Winter,FALSE,FALSE,-5.9,-11.1,-0.4,8.2,141,2.7,TRUE,Marriott,TRUE
26.01.2026,Monday,Arosa,ONZRHCTY,HOTEL CITY,315.38,CHF,3.9,"Kirchgasse 30, Arosa",ZRH,47.37474,8.53611,107.95,"WiFi,Restaurant,Room Service",BUDGET_ROOM,ROOM_ONLY,1775,Graubuenden,alpine_ski_resort,10.1,1,1,5,26,FALSE,Winter,FALSE,FALSE,-7.1,-10.8,-3.8,2.1,127,1.5,TRUE,Independent,FALSE
26.01.2026,Monday,Arosa,XKZRH001,Hotel du Lac,163.87,CHF,3.5,"Marktplatz 5, Arosa",ZRH,47.36649,8.53675,107.36,"WiFi,Parking,Breakfast",STANDARD_ROOM,BREAKFAST,1775,Graubuenden,alpine_ski_resort,11,1,1,5,26,FALSE,Winter,FALSE,FALSE,-8.9,-13.4,-3,3,125,1.5,TRUE,Independent,FALSE
26.01.2026,Monday,Basel,RTBSLBAH,ibis Basel Bahnhof,110.14,CHF,3.1,"Marktplatz 58, Basel",BSL,47.54683,7.58427,1.46,"WiFi,Restaurant,Room Service",STANDARD_ROOM,ROOM_ONLY,260,Basel-Stadt,city,7.2,1,1,5,26,FALSE,Winter,FALSE,FALSE,2.9,-3.6,9.2,1.1,0,2.3,FALSE,Accor (ibis),TRUE
26.01.2026,Monday,Bern,BWBRN230,Best Western Plus Hotel Bern,205.62,CHF,3.2,"Bahnhofstrasse 35, Bern",BRN,46.94877,7.44633,0.12,"WiFi,Restaurant,Room Service",STANDARD_ROOM,ROOM_ONLY,542,Bern,city,5.5,1,1,5,26,FALSE,Winter,FALSE,FALSE,0.6,-5.4,6.9,0,0,2,FALSE,Best Western,TRUE
26.01.2026,Monday,Chur,BWZRH091,BEST WESTERN HOTEL ZURCHERHOF,234.48,CHF,4.2,"Marktplatz 66, Chur",ZRH,47.37503,8.54445,94.9,"WiFi,24h Reception,Luggage Storage",STANDARD_ROOM,BREAKFAST,593,Graubuenden,city,10,1,1,5,26,FALSE,Winter,FALSE,FALSE,2.9,-2,9.6,0,0,4,FALSE,Best Western,TRUE
26.01.2026,Monday,Chur,MCZRHDTM,Zurich Marriott Hotel,437.64,CHF,4.3,"Bahnhofstrasse 7, Chur",ZRH,47.38247,8.54026,95.65,"WiFi,Gym,Pool,Spa",STANDARD_ROOM,ROOM_ONLY,593,Graubuenden,city,9.2,1,1,5,26,FALSE,Winter,FALSE,FALSE,-1.8,-6.1,2.4,1.5,0,1.9,FALSE,Marriott,TRUE
26.01.2026,Monday,Chur,ONZRHCTY,HOTEL CITY,208.35,CHF,3.5,"Marktplatz 82, Chur",ZRH,47.37474,8.53611,95.38,"WiFi,Parking,Restaurant,Bar",BUDGET_ROOM,ROOM_ONLY,593,Graubuenden,city,10.1,1,1,5,26,FALSE,Winter,FALSE,FALSE,-1.3,-7.6,4,0,0,3.6,FALSE,Independent,FALSE
26.01.2026,Monday,Chur,XKZRH001,Hotel du Lac,102.93,CHF,2.9,"Kirchgasse 28, Chur",ZRH,47.36649,8.53675,94.78,"WiFi,24h Reception,Luggage Storage",STANDARD_ROOM,BREAKFAST,593,Graubuenden,city,11,1,1,5,26,FALSE,Winter,FALSE,FALSE,0,-3.4,4,0.7,0,1.2,FALSE,Independent,FALSE
26.01.2026,Monday,Genf,ICGVAICA,INTERCONTINENTAL GENEVA,403.88,CHF,4.7,"Bahnhofstrasse 39, Genf",GVA,46.22461,6.13268,2.39,"WiFi,Restaurant,Room Service",COMFORT_ROOM,ROOM_ONLY,375,Geneva,city,2.4,1,1,5,26,FALSE,Winter,FALSE,FALSE,-0.7,-7.2,5.9,0,0,2.7,FALSE,IHG (InterContinental),TRUE
26.01.2026,Monday,Genf,RTGVAGAR,ibis Geneve Centre Gare,143.62,CHF,3.3,"Bahnhofstrasse 7, Genf",GVA,46.20765,6.13827,0.52,"WiFi,Parking,Restaurant,Bar",STANDARD_ROOM,ROOM_ONLY,375,Geneva,city,4.1,1,1,5,26,FALSE,Winter,FALSE,FALSE,-0.2,-4.9,6.7,2.9,0,4,FALSE,Accor (ibis),TRUE
26.01.2026,Monday,Genf,RTGVARES,Résidence Studio Genève Centre,123.66,CHF,3.2,"Bahnhofstrasse 59, Genf",GVA,46.2117,6.14696,0.86,"WiFi,Restaurant,Room Service",STANDARD_ROOM,ROOM_ONLY,375,Geneva,city,4.1,1,1,5,26,FALSE,Winter,FALSE,FALSE,3.1,-1.4,8.5,1.9,0,1.3,FALSE,Independent,FALSE
26.01.2026,Monday,Interlaken,BWZRH091,BEST WESTERN HOTEL ZURCHERHOF,288.68,CHF,3.7,"Marktplatz 97, Interlaken",ZRH,47.37503,8.54445,92.36,"WiFi,Parking,Restaurant,Bar",STANDARD_ROOM,BREAKFAST,570,Bern,mountain_resort,10,1,1,5,26,FALSE,Winter,FALSE,FALSE,-1.3,-5.7,2.3,0,0,1.7,TRUE,Best Western,TRUE
26.01.2026,Monday,Interlaken,ONZRHCTY,HOTEL CITY,269.23,CHF,4.2,"Bahnhofstrasse 1, Interlaken",ZRH,47.37474,8.53611,91.98,"WiFi,24h Reception,Luggage Storage",BUDGET_ROOM,ROOM_ONLY,570,Bern,mountain_resort,10.1,1,1,5,26,FALSE,Winter,FALSE,FALSE,-1.1,-7.1,3.8,0,0,1.4,TRUE,Independent,FALSE
26.01.2026,Monday,Lausanne,ICGVAICA,INTERCONTINENTAL GENEVA,406.11,CHF,4.4,"Hauptstrasse 18, Lausanne",GVA,46.22461,6.13268,50.46,"WiFi,Restaurant,Room Service",COMFORT_ROOM,ROOM_ONLY,495,Vaud,city,2.4,1,1,5,26,FALSE,Winter,FALSE,FALSE,-0.5,-6.7,6.5,2.8,0,1.3,FALSE,IHG (InterContinental),TRUE
26.01.2026,Monday,Lausanne,RTGVAGAR,ibis Geneve Centre Gare,140.55,CHF,2.9,"Hauptstrasse 85, Lausanne",GVA,46.20765,6.13827,51.39,"WiFi,Gym,Pool,Spa",STANDARD_ROOM,ROOM_ONLY,495,Vaud,city,4.1,1,1,5,26,FALSE,Winter,FALSE,FALSE,2.8,-2.6,9.6,2.4,0,2.9,FALSE,Accor (ibis),TRUE
26.01.2026,Monday,Lausanne,RTGVARES,Résidence Studio Genève Centre,123.6,CHF,2.9,"Kirchgasse 25, Lausanne",GVA,46.2117,6.14696,50.59,"WiFi,24h Reception,Luggage Storage",STANDARD_ROOM,ROOM_ONLY,495,Vaud,city,4.1,1,1,5,26,FALSE,Winter,FALSE,FALSE,-1.1,-6.5,4,4.8,0,4,FALSE,Independent,FALSE
26.01.2026,Monday,Luzern,BWZRH091,BEST WESTERN HOTEL ZURCHERHOF,235.54,CHF,3.9,"Marktplatz 10, Luzern",ZRH,47.37503,8.54445,40.25,"WiFi,24h Reception,Luggage Storage",STANDARD_ROOM,BREAKFAST,435,Lucerne,city,10,1,1,5,26,FALSE,Winter,FALSE,FALSE,3.2,-3.7,10,3.2,0,2.3,FALSE,Best Western,TRUE
26.01.2026,Monday,Luzern,MCZRHDTM,Zurich Marriott Hotel,413.85,CHF,4.3,"Bahnhofstrasse 20, Luzern",ZRH,47.38247,8.54026,40.86,"WiFi,Restaurant,Room Service",STANDARD_ROOM,ROOM_ONLY,435,Lucerne,city,9.2,1,1,5,26,FALSE,Winter,FALSE,FALSE,-0.9,-7,4.3,1.6,0,4.6,FALSE,Marriott,TRUE
26.01.2026,Monday,Luzern,ONZRHCTY,HOTEL CITY,202.53,CHF,3.4,"Hauptstrasse 41, Luzern",ZRH,47.37474,8.53611,39.95,"WiFi,Parking,Breakfast",BUDGET_ROOM,ROOM_ONLY,435,Lucerne,city,10.1,1,1,5,26,FALSE,Winter,FALSE,FALSE,1.2,-5.2,7.7,0,0,2.7,FALSE,Independent,FALSE
26.01.2026,Monday,Luzern,XKZRH001,Hotel du Lac,99.66,CHF,3.2,"Marktplatz 59, Luzern",ZRH,47.36649,8.53675,39.14,"WiFi,Parking,Restaurant,Bar",STANDARD_ROOM,BREAKFAST,435,Lucerne,city,11,1,1,5,26,FALSE,Winter,FALSE,FALSE,1,-4.2,4.1,6.8,0,1.3,FALSE,Independent,FALSE
26.01.2026,Monday,St. Gallen,BWZRH091,BEST WESTERN HOTEL ZURCHERHOF,247.32,CHF,3.9,"Poststrasse 37, St. Gallen",ZRH,47.37503,8.54445,62.88,"WiFi,24h Reception,Luggage Storage",STANDARD_ROOM,BREAKFAST,675,St. Gallen,city,10,1,1,5,26,FALSE,Winter,FALSE,FALSE,0,-5.4,6.3,3.2,0,4.1,FALSE,Best Western,TRUE
26.01.2026,Monday,St. Gallen,MCZRHDTM,Zurich Marriott Hotel,416.54,CHF,4.6,"Poststrasse 66, St. Gallen",ZRH,47.38247,8.54026,63.12,"WiFi,Parking,Restaurant,Bar",STANDARD_ROOM,ROOM_ONLY,675,St. Gallen,city,9.2,1,1,5,26,FALSE,Winter,FALSE,FALSE,-0.5,-5.5,4.7,2,0,4.3,FALSE,Marriott,TRUE
26.01.2026,Monday,St. Gallen,ONZRHCTY,HOTEL CITY,200.28,CHF,3.2,"Kirchgasse 74, St. Gallen",ZRH,47.37474,8.53611,63.51,"WiFi,Parking,Breakfast",BUDGET_ROOM,ROOM_ONLY,675,St. Gallen,city,10.1,1,1,5,26,FALSE,Winter,FALSE,FALSE,2.8,-2.7,9.6,5,0,1,FALSE,Independent,FALSE
26.01.2026,Monday,St. Gallen,XKZRH001,Hotel du Lac,102.45,CHF,3.3,"Kirchgasse 23, St. Gallen",ZRH,47.36649,8.53675,63.55,"WiFi,Restaurant,Room Service",STANDARD_ROOM,BREAKFAST,675,St. Gallen,city,11,1,1,5,26,FALSE,Winter,FALSE,FALSE,1.1,-4.8,5.6,1,0,2.7,FALSE,Independent,FALSE
26.01.2026,Monday,St. Moritz,BWZRH091,BEST WESTERN HOTEL ZURCHERHOF,382.91,CHF,4.6,"Poststrasse 36, St. Moritz",ZRH,47.37503,8.54445,138.28,"WiFi,Parking,Restaurant,Bar",STANDARD_ROOM,BREAKFAST,1856,Graubuenden,alpine_ski_resort,10,1,1,5,26,FALSE,Winter,FALSE,FALSE,-6,-12.2,-2.2,4.8,55,4.7,TRUE,Best Western,TRUE
26.01.2026,Monday,St. Moritz,MCZRHDTM,Zurich Marriott Hotel,684.64,CHF,4.7,"Kirchgasse 2, St. Moritz",ZRH,47.38247,8.54026,139.08,"WiFi,24h Reception,Luggage Storage",STANDARD_ROOM,ROOM_ONLY,1856,Graubuenden,alpine_ski_resort,9.2,1,1,5,26,FALSE,Winter,FALSE,FALSE,-5.2,-11.7,-1.7,3.2,137,3.3,TRUE,Marriott,TRUE
26.01.2026,Monday,St. Moritz,ONZRHCTY,HOTEL CITY,309.85,CHF,3.9,"Bahnhofstrasse 42, St. Moritz",ZRH,47.37474,8.53611,138.7,"WiFi,Parking,Restaurant,Bar",BUDGET_ROOM,ROOM_ONLY,1856,Graubuenden,alpine_ski_resort,10.1,1,1,5,26,FALSE,Winter,FALSE,FALSE,-8.3,-12.1,-1.6,2.5,163,1.5,TRUE,Independent,FALSE
26.01.2026,Monday,St. Moritz,XKZRH001,Hotel du Lac,157.95,CHF,3.7,"Bahnhofstrasse 33, St. Moritz",ZRH,47.36649,8.53675,138.03,"WiFi,Gym,Pool,Spa",STANDARD_ROOM,BREAKFAST,1856,Graubuenden,alpine_ski_resort,11,1,1,5,26,FALSE,Winter,FALSE,FALSE,-6.4,-12.8,-2.3,1.5,150,3.4,TRUE,Independent,FALSE
26.01.2026,Monday,Winterthur,BWZRH091,BEST WESTERN HOTEL ZURCHERHOF,248,CHF,3.9,"Kirchgasse 12, Winterthur",ZRH,47.37503,8.54445,20.79,"WiFi,Gym,Pool,Spa",STANDARD_ROOM,BREAKFAST,439,Zurich,city,10,1,1,5,26,FALSE,Winter,FALSE,FALSE,3,-2.8,8.4,1.3,0,2,FALSE,Best Western,TRUE
26.01.2026,Monday,Winterthur,MCZRHDTM,Zurich Marriott Hotel,425.01,CHF,4.4,"Bahnhofstrasse 64, Winterthur",ZRH,47.38247,8.54026,20.48,"WiFi,Restaurant,Room Service",STANDARD_ROOM,ROOM_ONLY,439,Zurich,city,9.2,1,1,5,26,FALSE,Winter,FALSE,FALSE,1.6,-2.7,8.3,2.4,0,3.7,FALSE,Marriott,TRUE
26.01.2026,Monday,Winterthur,ONZRHCTY,HOTEL CITY,198.18,CHF,3.4,"Kirchgasse 75, Winterthur",ZRH,47.37474,8.53611,21.28,"WiFi,24h Reception,Luggage Storage",BUDGET_ROOM,ROOM_ONLY,439,Zurich,city,10.1,1,1,5,26,FALSE,Winter,FALSE,FALSE,1.1,-3.6,6.7,4.8,0,1.8,FALSE,Independent,FALSE
26.01.2026,Monday,Winterthur,XKZRH001,Hotel du Lac,98.6,CHF,2.8,"Marktplatz 66, Winterthur",ZRH,47.36649,8.53675,21.86,"WiFi,24h Reception,Luggage Storage",STANDARD_ROOM,BREAKFAST,439,Zurich,city,11,1,1,5,26,FALSE,Winter,FALSE,FALSE,1.7,-2.7,7.6,1.6,0,4,FALSE,Independent,FALSE
26.01.2026,Monday,Zermatt,BWZRH091,BEST WESTERN HOTEL ZURCHERHOF,381.69,CHF,4.5,"Bahnhofstrasse 32, Zermatt",ZRH,47.37503,8.54445,162.35,"WiFi,Parking,Restaurant,Bar",STANDARD_ROOM,BREAKFAST,1620,Valais,alpine_ski_resort,10,1,1,5,26,FALSE,Winter,FALSE,FALSE,-3.3,-6.6,2.1,4.8,64,2.8,TRUE,Best Western,TRUE
26.01.2026,Monday,Zermatt,MCZRHDTM,Zurich Marriott Hotel,696.87,CHF,4.4,"Hauptstrasse 48, Zermatt",ZRH,47.38247,8.54026,163,"WiFi,Parking,Breakfast",STANDARD_ROOM,ROOM_ONLY,1620,Valais,alpine_ski_resort,9.2,1,1,5,26,FALSE,Winter,FALSE,FALSE,-4.7,-10.7,2.1,0,106,4.6,TRUE,Marriott,TRUE
26.01.2026,Monday,Zermatt,ONZRHCTY,HOTEL CITY,314.98,CHF,4,"Kirchgasse 59, Zermatt",ZRH,47.37474,8.53611,162.08,"WiFi,Parking,Restaurant,Bar",BUDGET_ROOM,ROOM_ONLY,1620,Valais,alpine_ski_resort,10.1,1,1,5,26,FALSE,Winter,FALSE,FALSE,-3.2,-7.5,3.7,0,146,4.3,TRUE,Independent,FALSE
26.01.2026,Monday,Zermatt,XKZRH001,Hotel du Lac,160.55,CHF,3.4,"Bahnhofstrasse 73, Zermatt",ZRH,47.36649,8.53675,161.25,"WiFi,Parking,Breakfast",STANDARD_ROOM,BREAKFAST,1620,Valais,alpine_ski_resort,11,1,1,5,26,FALSE,Winter,FALSE,FALSE,-4.4,-9.3,1.2,2.6,61,3.5,TRUE,Independent,FALSE
26.01.2026,Monday,Zuerich,BWZRH091,BEST WESTERN HOTEL ZURCHERHOF,248.61,CHF,4.2,"Marktplatz 71, Zuerich",ZRH,47.37503,8.54445,0.29,"WiFi,Parking,Restaurant,Bar",STANDARD_ROOM,BREAKFAST,408,Zurich,city,10,1,1,5,26,FALSE,Winter,FALSE,FALSE,1.5,-4.5,5.3,0,0,1.6,FALSE,Best Western,TRUE
26.01.2026,Monday,Zuerich,MCZRHDTM,Zurich Marriott Hotel,431.76,CHF,4.5,"Bahnhofstrasse 45, Zuerich",ZRH,47.38247,8.54026,0.63,"WiFi,Parking,Restaurant,Bar",STANDARD_ROOM,ROOM_ONLY,408,Zurich,city,9.2,1,1,5,26,FALSE,Winter,FALSE,FALSE,3.6,-2.4,7,3.1,0,4.6,FALSE,Marriott,TRUE
26.01.2026,Monday,Zuerich,ONZRHCTY,HOTEL CITY,200.53,CHF,3.3,"Bahnhofstrasse 74, Zuerich",ZRH,47.37474,8.53611,0.48,"WiFi,Parking,Breakfast",BUDGET_ROOM,ROOM_ONLY,408,Zurich,city,10.1,1,1,5,26,FALSE,Winter,FALSE,FALSE,3,-2.1,8.3,3.1,0,2.2,FALSE,Independent,FALSE
26.01.2026,Monday,Zuerich,XKZRH001,Hotel du Lac,100.52,CHF,3.2,"Hauptstrasse 88, Zuerich",ZRH,47.36649,8.53675,1.22,"WiFi,Restaurant,Room Service",STANDARD_ROOM,BREAKFAST,408,Zurich,city,11,1,1,5,26,FALSE,Winter,FALSE,FALSE,2.8,-2.9,6.1,2.3,0,2.4,FALSE,Independent,FALSE
02.02.2026,Monday,Arosa,BWZRH091,BEST WESTERN HOTEL ZURCHERHOF,353.5,CHF,3.7,"Poststrasse 37, Arosa",ZRH,47.37503,8.54445,107.47,"WiFi,Restaurant,Room Service",STANDARD_ROOM,BREAKFAST,1775,Graubuenden,alpine_ski_resort,10,2,1,6,33,FALSE,Winter,FALSE,FALSE,-6.6,-12.3,-2.4,0,129,4.5,TRUE,Best Western,TRUE
02.02.2026,Monday,Arosa,MCZRHDTM,Zurich Marriott Hotel,678.63,CHF,4.4,"Bahnhofstrasse 4, Arosa",ZRH,47.38247,8.54026,108.23,"WiFi,Restaurant,Room Service",SUPERIOR_ROOM,ROOM_ONLY,1775,Graubuenden,alpine_ski_resort,9.2,2,1,6,33,FALSE,Winter,FALSE,FALSE,-7.9,-12.3,-1,0,119,2.8,TRUE,Marriott,TRUE
02.02.2026,Monday,Arosa,ONZRHCTY,HOTEL CITY,310.27,CHF,3.9,"Bahnhofstrasse 65, Arosa",ZRH,47.37474,8.53611,107.95,"WiFi,Parking,Breakfast",BUDGET_ROOM,ROOM_ONLY,1775,Graubuenden,alpine_ski_resort,10.1,2,1,6,33,FALSE,Winter,FALSE,FALSE,-4.1,-9.6,-0.2,0.8,61,1.1,TRUE,Independent,FALSE
02.02.2026,Monday,Arosa,XKZRH001,Hotel du Lac,147.65,CHF,3.3,"Marktplatz 15, Arosa",ZRH,47.36649,8.53675,107.36,"WiFi,Gym,Pool,Spa",STANDARD_ROOM,BREAKFAST,1775,Graubuenden,alpine_ski_resort,11,2,1,6,33,FALSE,Winter,FALSE,FALSE,-6,-11.6,-1.1,0,75,1.9,TRUE,Independent,FALSE
02.02.2026,Monday,Basel,RTBSLBAH,ibis Basel Bahnhof,113.7,CHF,2.9,"Kirchgasse 83, Basel",BSL,47.54683,7.58427,1.46,"WiFi,Restaurant,Room Service",STANDARD_ROOM,ROOM_ONLY,260,Basel-Stadt,city,7.2,2,1,6,33,FALSE,Winter,FALSE,FALSE,3.1,-1.6,7.3,0.1,0,5,FALSE,Accor (ibis),TRUE
02.02.2026,Monday,Bern,BWBRN230,Best Western Plus Hotel Bern,212.2,CHF,3.7,"Hauptstrasse 31, Bern",BRN,46.94877,7.44633,0.12,"WiFi,Parking,Breakfast",STANDARD_ROOM,ROOM_ONLY,542,Bern,city,5.5,2,1,6,33,FALSE,Winter,FALSE,FALSE,-0.7,-5.7,4.1,0.7,0,4.3,FALSE,Best Western,TRUE
02.02.2026,Monday,Chur,BWZRH091,BEST WESTERN HOTEL ZURCHERHOF,233.61,CHF,4.3,"Poststrasse 96, Chur",ZRH,47.37503,8.54445,94.9,"WiFi,Parking,Restaurant,Bar",STANDARD_ROOM,BREAKFAST,593,Graubuenden,city,10,2,1,6,33,FALSE,Winter,FALSE,FALSE,-1,-7.7,3,1.7,0,4.4,FALSE,Best Western,TRUE
02.02.2026,Monday,Chur,MCZRHDTM,Zurich Marriott Hotel,464.34,CHF,4.6,"Kirchgasse 44, Chur",ZRH,47.38247,8.54026,95.65,"WiFi,Parking,Restaurant,Bar",SUPERIOR_ROOM,ROOM_ONLY,593,Graubuenden,city,9.2,2,1,6,33,FALSE,Winter,FALSE,FALSE,2.5,-0.6,9,4.3,0,3,FALSE,Marriott,TRUE
02.02.2026,Monday,Chur,ONZRHCTY,HOTEL CITY,217.58,CHF,3.3,"Hauptstrasse 27, Chur",ZRH,47.37474,8.53611,95.38,"WiFi,Restaurant,Room Service",BUDGET_ROOM,ROOM_ONLY,593,Graubuenden,city,10.1,2,1,6,33,FALSE,Winter,FALSE,FALSE,0.8,-4.9,6.8,2.5,0,3.8,FALSE,Independent,FALSE
02.02.2026,Monday,Chur,XKZRH001,Hotel du Lac,99.24,CHF,3,"Kirchgasse 18, Chur",ZRH,47.36649,8.53675,94.78,"WiFi,24h Reception,Luggage Storage",STANDARD_ROOM,BREAKFAST,593,Graubuenden,city,11,2,1,6,33,FALSE,Winter,FALSE,FALSE,-0.3,-7,3.8,3.5,0,5,FALSE,Independent,FALSE
02.02.2026,Monday,Genf,ICGVAICA,INTERCONTINENTAL GENEVA,419.65,CHF,4.6,"Hauptstrasse 74, Genf",GVA,46.22461,6.13268,2.39,"WiFi,Parking,Restaurant,Bar",COMFORT_ROOM,ROOM_ONLY,375,Geneva,city,2.4,2,1,6,33,FALSE,Winter,FALSE,FALSE,1.8,-1.6,5.9,0,0,3.1,FALSE,IHG (InterContinental),TRUE
02.02.2026,Monday,Genf,RTGVAGAR,ibis Geneve Centre Gare,142.52,CHF,3.1,"Marktplatz 63, Genf",GVA,46.20765,6.13827,0.52,"WiFi,24h Reception,Luggage Storage",STANDARD_ROOM,ROOM_ONLY,375,Geneva,city,4.1,2,1,6,33,FALSE,Winter,FALSE,FALSE,4.8,-2.2,11,0.3,0,3.4,FALSE,Accor (ibis),TRUE
02.02.2026,Monday,Genf,RTGVARES,Résidence Studio Genève Centre,134.29,CHF,2.8,"Hauptstrasse 71, Genf",GVA,46.2117,6.14696,0.86,"WiFi,Parking,Breakfast",STANDARD_ROOM,ROOM_ONLY,375,Geneva,city,4.1,2,1,6,33,FALSE,Winter,FALSE,FALSE,0,-5.8,3.6,0.1,0,1.9,FALSE,Independent,FALSE
02.02.2026,Monday,Interlaken,BWZRH091,BEST WESTERN HOTEL ZURCHERHOF,297.26,CHF,4.2,"Marktplatz 65, Interlaken",ZRH,47.37503,8.54445,92.36,"WiFi,Gym,Pool,Spa",STANDARD_ROOM,BREAKFAST,570,Bern,mountain_resort,10,2,1,6,33,FALSE,Winter,FALSE,FALSE,3.2,-2.7,9.6,0.2,0,4.1,TRUE,Best Western,TRUE
02.02.2026,Monday,Interlaken,MCZRHDTM,Zurich Marriott Hotel,559.19,CHF,4.7,"Kirchgasse 66, Interlaken",ZRH,47.38247,8.54026,92.87,"WiFi,Parking,Breakfast",SUPERIOR_ROOM,ROOM_ONLY,570,Bern,mountain_resort,9.2,2,1,6,33,FALSE,Winter,FALSE,FALSE,1.2,-3.6,4.7,2.9,0,4.4,TRUE,Marriott,TRUE
02.02.2026,Monday,Interlaken,ONZRHCTY,HOTEL CITY,272.31,CHF,3.9,"Hauptstrasse 1, Interlaken",ZRH,47.37474,8.53611,91.98,"WiFi,Restaurant,Room Service",BUDGET_ROOM,ROOM_ONLY,570,Bern,mountain_resort,10.1,2,1,6,33,FALSE,Winter,FALSE,FALSE,4.1,-1.9,9.1,0,0,3.1,TRUE,Independent,FALSE
02.02.2026,Monday,Interlaken,XKZRH001,Hotel du Lac,129.1,CHF,2.9,"Hauptstrasse 44, Interlaken",ZRH,47.36649,8.53675,91.25,"WiFi,24h Reception,Luggage Storage",STANDARD_ROOM,BREAKFAST,570,Bern,mountain_resort,11,2,1,6,33,FALSE,Winter,FALSE,FALSE,1,-2.5,7.8,0,0,2.4,TRUE,Independent,FALSE
02.02.2026,Monday,Lausanne,ICGVAICA,INTERCONTINENTAL GENEVA,387.21,CHF,4.5,"Hauptstrasse 54, Lausanne",GVA,46.22461,6.13268,50.46,"WiFi,24h Reception,Luggage Storage",COMFORT_ROOM,ROOM_ONLY,495,Vaud,city,2.4,2,1,6,33,FALSE,Winter,FALSE,FALSE,1,-5.9,7.7,5.8,0,1.5,FALSE,IHG (InterContinental),TRUE
02.02.2026,Monday,Lausanne,RTGVAGAR,ibis Geneve Centre Gare,143.27,CHF,3.2,"Marktplatz 11, Lausanne",GVA,46.20765,6.13827,51.39,"WiFi,Restaurant,Room Service",STANDARD_ROOM,ROOM_ONLY,495,Vaud,city,4.1,2,1,6,33,FALSE,Winter,FALSE,FALSE,-0.2,-4.9,3.3,0,0,4.3,FALSE,Accor (ibis),TRUE
02.02.2026,Monday,Lausanne,RTGVARES,Résidence Studio Genève Centre,131,CHF,3.2,"Kirchgasse 96, Lausanne",GVA,46.2117,6.14696,50.59,"WiFi,Parking,Restaurant,Bar",STANDARD_ROOM,ROOM_ONLY,495,Vaud,city,4.1,2,1,6,33,FALSE,Winter,FALSE,FALSE,3.4,-2.8,8.2,6.9,0,2,FALSE,Independent,FALSE
02.02.2026,Monday,Luzern,BWZRH091,BEST WESTERN HOTEL ZURCHERHOF,234.42,CHF,4.2,"Hauptstrasse 1, Luzern",ZRH,47.37503,8.54445,40.25,"WiFi,Restaurant,Room Service",STANDARD_ROOM,BREAKFAST,435,Lucerne,city,10,2,1,6,33,FALSE,Winter,FALSE,FALSE,1.4,-2.4,8.4,7.3,0,2.8,FALSE,Best Western,TRUE
02.02.2026,Monday,Luzern,MCZRHDTM,Zurich Marriott Hotel,433.79,CHF,4.5,"Bahnhofstrasse 6, Luzern",ZRH,47.38247,8.54026,40.86,"WiFi,Parking,Restaurant,Bar",SUPERIOR_ROOM,ROOM_ONLY,435,Lucerne,city,9.2,2,1,6,33,FALSE,Winter,FALSE,FALSE,3,-0.7,6.8,3.1,0,2.5,FALSE,Marriott,TRUE
02.02.2026,Monday,Luzern,ONZRHCTY,HOTEL CITY,199.36,CHF,3.6,"Bahnhofstrasse 34, Luzern",ZRH,47.37474,8.53611,39.95,"WiFi,24h Reception,Luggage Storage",BUDGET_ROOM,ROOM_ONLY,435,Lucerne,city,10.1,2,1,6,33,FALSE,Winter,FALSE,FALSE,5.4,0.2,8.5,1.2,0,2.7,FALSE,Independent,FALSE
02.02.2026,Monday,Luzern,XKZRH001,Hotel du Lac,103.41,CHF,2.9,"Kirchgasse 58, Luzern",ZRH,47.36649,8.53675,39.14,"WiFi,Parking,Restaurant,Bar",STANDARD_ROOM,BREAKFAST,435,Lucerne,city,11,2,1,6,33,FALSE,Winter,FALSE,FALSE,2.2,-2.4,8.9,0,0,2,FALSE,Independent,FALSE
02.02.2026,Monday,St. Gallen,BWZRH091,BEST WESTERN HOTEL ZURCHERHOF,251.47,CHF,4,"Poststrasse 25, St. Gallen",ZRH,47.37503,8.54445,62.88,"WiFi,Restaurant,Room Service",STANDARD_ROOM,BREAKFAST,675,St. Gallen,city,10,2,1,6,33,FALSE,Winter,FALSE,FALSE,3.7,-3.2,9.5,2.2,0,4.1,FALSE,Best Western,TRUE
02.02.2026,Monday,St. Gallen,MCZRHDTM,Zurich Marriott Hotel,452.06,CHF,4.3,"Hauptstrasse 30, St. Gallen",ZRH,47.38247,8.54026,63.12,"WiFi,Parking,Breakfast",SUPERIOR_ROOM,ROOM_ONLY,675,St. Gallen,city,9.2,2,1,6,33,FALSE,Winter,FALSE,FALSE,1.4,-3.4,7.7,0.3,0,4.5,FALSE,Marriott,TRUE
02.02.2026,Monday,St. Gallen,ONZRHCTY,HOTEL CITY,212.03,CHF,3.6,"Hauptstrasse 39, St. Gallen",ZRH,47.37474,8.53611,63.51,"WiFi,Gym,Pool,Spa",BUDGET_ROOM,ROOM_ONLY,675,St. Gallen,city,10.1,2,1,6,33,FALSE,Winter,FALSE,FALSE,-0.1,-6.1,3.7,0.2,0,1.4,FALSE,Independent,FALSE
02.02.2026,Monday,St. Gallen,XKZRH001,Hotel du Lac,102.79,CHF,2.9,"Marktplatz 14, St. Gallen",ZRH,47.36649,8.53675,63.55,"WiFi,Gym,Pool,Spa",STANDARD_ROOM,BREAKFAST,675,St. Gallen,city,11,2,1,6,33,FALSE,Winter,FALSE,FALSE,2.4,-4.6,7.9,3.3,0,4.1,FALSE,Independent,FALSE
02.02.2026,Monday,St. Moritz,BWZRH091,BEST WESTERN HOTEL ZURCHERHOF,359.25,CHF,4.6,"Kirchgasse 67, St. Moritz",ZRH,47.37503,8.54445,138.28,"WiFi,24h Reception,Luggage Storage",STANDARD_ROOM,BREAKFAST,1856,Graubuenden,alpine_ski_resort,10,2,1,6,33,FALSE,Winter,FALSE,FALSE,-7.6,-12.2,-3,0.8,101,1.1,TRUE,Best Western,TRUE
02.02.2026,Monday,St. Moritz,MCZRHDTM,Zurich Marriott Hotel,656.8,CHF,4.4,"Hauptstrasse 36, St. Moritz",ZRH,47.38247,8.54026,139.08,"WiFi,Gym,Pool,Spa",SUPERIOR_ROOM,ROOM_ONLY,1856,Graubuenden,alpine_ski_resort,9.2,2,1,6,33,FALSE,Winter,FALSE,FALSE,-8.4,-11.8,-4.6,0,54,3,TRUE,Marriott,TRUE
02.02.2026,Monday,St. Moritz,ONZRHCTY,HOTEL CITY,296.43,CHF,4.2,"Bahnhofstrasse 94, St. Moritz",ZRH,47.37474,8.53611,138.7,"WiFi,Gym,Pool,Spa",BUDGET_ROOM,ROOM_ONLY,1856,Graubuenden,alpine_ski_resort,10.1,2,1,6,33,FALSE,Winter,FALSE,FALSE,-6.1,-11.4,-0.5,5.5,55,1.3,TRUE,Independent,FALSE
02.02.2026,Monday,St. Moritz,XKZRH001,Hotel du Lac,155.58,CHF,3.3,"Bahnhofstrasse 67, St. Moritz",ZRH,47.36649,8.53675,138.03,"WiFi,Parking,Breakfast",STANDARD_ROOM,BREAKFAST,1856,Graubuenden,alpine_ski_resort,11,2,1,6,33,FALSE,Winter,FALSE,FALSE,-6.4,-11,0.4,0,127,2.7,TRUE,Independent,FALSE
02.02.2026,Monday,Winterthur,BWZRH091,BEST WESTERN HOTEL ZURCHERHOF,231.96,CHF,4,"Hauptstrasse 38, Winterthur",ZRH,47.37503,8.54445,20.79,"WiFi,24h Reception,Luggage Storage",STANDARD_ROOM,BREAKFAST,439,Zurich,city,10,2,1,6,33,FALSE,Winter,FALSE,FALSE,1.5,-1.6,5.8,3.1,0,5,FALSE,Best Western,TRUE
02.02.2026,Monday,Winterthur,MCZRHDTM,Zurich Marriott Hotel,448.66,CHF,4.7,"Marktplatz 65, Winterthur",ZRH,47.38247,8.54026,20.48,"WiFi,Restaurant,Room Service",SUPERIOR_ROOM,ROOM_ONLY,439,Zurich,city,9.2,2,1,6,33,FALSE,Winter,FALSE,FALSE,2.8,-1.1,8.9,1.8,0,4.9,FALSE,Marriott,TRUE
02.02.2026,Monday,Winterthur,ONZRHCTY,HOTEL CITY,206.47,CHF,3.6,"Hauptstrasse 82, Winterthur",ZRH,47.37474,8.53611,21.28,"WiFi,Parking,Restaurant,Bar",BUDGET_ROOM,ROOM_ONLY,439,Zurich,city,10.1,2,1,6,33,FALSE,Winter,FALSE,FALSE,3.1,-2.4,10,4.4,0,5.1,FALSE,Independent,FALSE
02.02.2026,Monday,Winterthur,XKZRH001,Hotel du Lac,101.69,CHF,3.1,"Hauptstrasse 29, Winterthur",ZRH,47.36649,8.53675,21.86,"WiFi,Parking,Restaurant,Bar",STANDARD_ROOM,BREAKFAST,439,Zurich,city,11,2,1,6,33,FALSE,Winter,FALSE,FALSE,2.5,-1.1,9.3,0,0,2.8,FALSE,Independent,FALSE
02.02.2026,Monday,Zermatt,BWZRH091,BEST WESTERN HOTEL ZURCHERHOF,357.05,CHF,4.2,"Bahnhofstrasse 49, Zermatt",ZRH,47.37503,8.54445,162.35,"WiFi,Gym,Pool,Spa",STANDARD_ROOM,BREAKFAST,1620,Valais,alpine_ski_resort,10,2,1,6,33,FALSE,Winter,FALSE,FALSE,-1.6,-4.9,4.4,0.9,114,2.1,TRUE,Best Western,TRUE
02.02.2026,Monday,Zermatt,MCZRHDTM,Zurich Marriott Hotel,679.01,CHF,4.5,"Marktplatz 62, Zermatt",ZRH,47.38247,8.54026,163,"WiFi,Restaurant,Room Service",SUPERIOR_ROOM,ROOM_ONLY,1620,Valais,alpine_ski_resort,9.2,2,1,6,33,FALSE,Winter,FALSE,FALSE,-6.1,-11.4,-1.4,2.9,93,2.2,TRUE,Marriott,TRUE
02.02.2026,Monday,Zermatt,ONZRHCTY,HOTEL CITY,315.06,CHF,3.8,"Kirchgasse 10, Zermatt",ZRH,47.37474,8.53611,162.08,"WiFi,Gym,Pool,Spa",BUDGET_ROOM,ROOM_ONLY,1620,Valais,alpine_ski_resort,10.1,2,1,6,33,FALSE,Winter,FALSE,FALSE,-4.2,-11.1,0.1,3.5,168,4.3,TRUE,Independent,FALSE
02.02.2026,Monday,Zermatt,XKZRH001,Hotel du Lac,152.88,CHF,3.7,"Kirchgasse 84, Zermatt",ZRH,47.36649,8.53675,161.25,"WiFi,Parking,Breakfast",STANDARD_ROOM,BREAKFAST,1620,Valais,alpine_ski_resort,11,2,1,6,33,FALSE,Winter,FALSE,FALSE,-5.5,-10.3,0.8,1.3,102,1.8,TRUE,Independent,FALSE
02.02.2026,Monday,Zuerich,BWZRH091,BEST WESTERN HOTEL ZURCHERHOF,252.06,CHF,4.2,"Poststrasse 75, Zuerich",ZRH,47.37503,8.54445,0.29,"WiFi,Gym,Pool,Spa",STANDARD_ROOM,BREAKFAST,408,Zurich,city,10,2,1,6,33,FALSE,Winter,FALSE,FALSE,3.6,0,7.9,0.7,0,2.5,FALSE,Best Western,TRUE
02.02.2026,Monday,Zuerich,MCZRHDTM,Zurich Marriott Hotel,448.33,CHF,4.8,"Hauptstrasse 93, Zuerich",ZRH,47.38247,8.54026,0.63,"WiFi,Parking,Restaurant,Bar",SUPERIOR_ROOM,ROOM_ONLY,408,Zurich,city,9.2,2,1,6,33,FALSE,Winter,FALSE,FALSE,-0.1,-7,3.6,3.3,0,4.8,FALSE,Marriott,TRUE
02.02.2026,Monday,Zuerich,ONZRHCTY,HOTEL CITY,217.14,CHF,3.6,"Hauptstrasse 67, Zuerich",ZRH,47.37474,8.53611,0.48,"WiFi,Restaurant,Room Service",BUDGET_ROOM,ROOM_ONLY,408,Zurich,city,10.1,2,1,6,33,FALSE,Winter,FALSE,FALSE,3.2,-0.7,9.4,1.5,0,1.3,FALSE,Independent,FALSE
02.02.2026,Monday,Zuerich,XKZRH001,Hotel du Lac,106.03,CHF,3,"Poststrasse 83, Zuerich",ZRH,47.36649,8.53675,1.22,"WiFi,Parking,Breakfast",STANDARD_ROOM,BREAKFAST,408,Zurich,city,11,2,1,6,33,FALSE,Winter,FALSE,FALSE,2.6,-0.7,9.2,3,0,2.8,FALSE,Independent,FALSE
09.02.2026,Monday,Arosa,BWZRH091,BEST WESTERN HOTEL ZURCHERHOF,335.91,CHF,3.8,"Marktplatz 89, Arosa",ZRH,47.37503,8.54445,107.47,"WiFi,Gym,Pool,Spa",STANDARD_ROOM,BREAKFAST,1775,Graubuenden,alpine_ski_resort,10,2,1,7,40,FALSE,Winter,FALSE,FALSE,-2.6,-8.9,2.2,1.6,142,4.4,TRUE,Best Western,TRUE
09.02.2026,Monday,Arosa,MCZRHDTM,Zurich Marriott Hotel,1486.49,CHF,4.3,"Bahnhofstrasse 74, Arosa",ZRH,47.38247,8.54026,108.23,"WiFi,24h Reception,Luggage Storage",SUITE,ROOM_ONLY,1775,Graubuenden,alpine_ski_resort,9.2,2,1,7,40,FALSE,Winter,FALSE,FALSE,-2.1,-8.6,2.8,2.3,161,4.4,TRUE,Marriott,TRUE
09.02.2026,Monday,Arosa,ONZRHCTY,HOTEL CITY,275.69,CHF,3.7,"Poststrasse 92, Arosa",ZRH,47.37474,8.53611,107.95,"WiFi,Parking,Breakfast",BUDGET_ROOM,ROOM_ONLY,1775,Graubuenden,alpine_ski_resort,10.1,2,1,7,40,FALSE,Winter,FALSE,FALSE,-1.7,-8,2.9,1,61,5.1,TRUE,Independent,FALSE
09.02.2026,Monday,Arosa,XKZRH001,Hotel du Lac,140.86,CHF,3.3,"Bahnhofstrasse 54, Arosa",ZRH,47.36649,8.53675,107.36,"WiFi,Parking,Breakfast",STANDARD_ROOM,BREAKFAST,1775,Graubuenden,alpine_ski_resort,11,2,1,7,40,FALSE,Winter,FALSE,FALSE,-3.2,-7.9,0.4,2.8,160,3.3,TRUE,Independent,FALSE
09.02.2026,Monday,Basel,RTBSLBAH,ibis Basel Bahnhof,113.55,CHF,2.8,"Marktplatz 90, Basel",BSL,47.54683,7.58427,1.46,"WiFi,Gym,Pool,Spa",STANDARD_ROOM,ROOM_ONLY,260,Basel-Stadt,city,7.2,2,1,7,40,FALSE,Winter,FALSE,FALSE,4.6,-1.7,8.6,4.9,0,3.2,FALSE,Accor (ibis),TRUE
09.02.2026,Monday,Bern,BWBRN230,Best Western Plus Hotel Bern,211.53,CHF,3.2,"Bahnhofstrasse 98, Bern",BRN,46.94877,7.44633,0.12,"WiFi,Restaurant,Room Service",STANDARD_ROOM,ROOM_ONLY,542,Bern,city,5.5,2,1,7,40,FALSE,Winter,FALSE,FALSE,0,-3.4,6.5,2.1,0,2.4,FALSE,Best Western,TRUE
09.02.2026,Monday,Chur,BWZRH091,BEST WESTERN HOTEL ZURCHERHOF,233.93,CHF,3.8,"Poststrasse 16, Chur",ZRH,47.37503,8.54445,94.9,"WiFi,Gym,Pool,Spa",STANDARD_ROOM,BREAKFAST,593,Graubuenden,city,10,2,1,7,40,FALSE,Winter,FALSE,FALSE,4.8,-0.9,11.5,0,0,4.1,FALSE,Best Western,TRUE
09.02.2026,Monday,Chur,MCZRHDTM,Zurich Marriott Hotel,1156.26,CHF,4.6,"Marktplatz 12, Chur",ZRH,47.38247,8.54026,95.65,"WiFi,24h Reception,Luggage Storage",SUITE,ROOM_ONLY,593,Graubuenden,city,9.2,2,1,7,40,FALSE,Winter,FALSE,FALSE,5.4,-1.4,8.6,0.3,0,2.6,FALSE,Marriott,TRUE
09.02.2026,Monday,Chur,ONZRHCTY,HOTEL CITY,221.86,CHF,3.8,"Bahnhofstrasse 10, Chur",ZRH,47.37474,8.53611,95.38,"WiFi,24h Reception,Luggage Storage",BUDGET_ROOM,ROOM_ONLY,593,Graubuenden,city,10.1,2,1,7,40,FALSE,Winter,FALSE,FALSE,0.2,-3,3.7,3.4,0,3.3,FALSE,Independent,FALSE
09.02.2026,Monday,Chur,XKZRH001,Hotel du Lac,111.07,CHF,2.8,"Kirchgasse 42, Chur",ZRH,47.36649,8.53675,94.78,"WiFi,Restaurant,Room Service",STANDARD_ROOM,BREAKFAST,593,Graubuenden,city,11,2,1,7,40,FALSE,Winter,FALSE,FALSE,2.8,-4.1,8.2,2.9,0,4.2,FALSE,Independent,FALSE
09.02.2026,Monday,Genf,ICGVAICA,INTERCONTINENTAL GENEVA,419.02,CHF,4.3,"Marktplatz 54, Genf",GVA,46.22461,6.13268,2.39,"WiFi,Parking,Restaurant,Bar",COMFORT_ROOM,ROOM_ONLY,375,Geneva,city,2.4,2,1,7,40,FALSE,Winter,FALSE,FALSE,4.9,-1.3,10,0,0,2.1,FALSE,IHG (InterContinental),TRUE
09.02.2026,Monday,Genf,RTGVAGAR,ibis Geneve Centre Gare,143.77,CHF,2.7,"Marktplatz 33, Genf",GVA,46.20765,6.13827,0.52,"WiFi,Parking,Breakfast",STANDARD_ROOM,ROOM_ONLY,375,Geneva,city,4.1,2,1,7,40,FALSE,Winter,FALSE,FALSE,3.5,-2.7,8.3,3.2,0,4.6,FALSE,Accor (ibis),TRUE
09.02.2026,Monday,Genf,RTGVARES,Résidence Studio Genève Centre,127.09,CHF,3.2,"Kirchgasse 67, Genf",GVA,46.2117,6.14696,0.86,"WiFi,24h Reception,Luggage Storage",STANDARD_ROOM,ROOM_ONLY,375,Geneva,city,4.1,2,1,7,40,FALSE,Winter,FALSE,FALSE,2.8,-3,7,0,0,5,FALSE,Independent,FALSE
09.02.2026,Monday,Interlaken,BWZRH091,BEST WESTERN HOTEL ZURCHERHOF,329.36,CHF,3.8,"Bahnhofstrasse 6, Interlaken",ZRH,47.37503,8.54445,92.36,"WiFi,24h Reception,Luggage Storage",STANDARD_ROOM,BREAKFAST,570,Bern,mountain_resort,10,2,1,7,40,FALSE,Winter,FALSE,FALSE,4.2,-2.6,10.5,5.8,0,4.2,TRUE,Best Western,TRUE
09.02.2026,Monday,Interlaken,MCZRHDTM,Zurich Marriott Hotel,1460.47,CHF,4.6,"Marktplatz 14, Interlaken",ZRH,47.38247,8.54026,92.87,"WiFi,Parking,Restaurant,Bar",SUITE,ROOM_ONLY,570,Bern,mountain_resort,9.2,2,1,7,40,FALSE,Winter,FALSE,FALSE,3.4,-2.5,9.7,0.3,0,5,TRUE,Marriott,TRUE
09.02.2026,Monday,Interlaken,ONZRHCTY,HOTEL CITY,282.01,CHF,3.7,"Kirchgasse 58, Interlaken",ZRH,47.37474,8.53611,91.98,"WiFi,Parking,Restaurant,Bar",BUDGET_ROOM,ROOM_ONLY,570,Bern,mountain_resort,10.1,2,1,7,40,FALSE,Winter,FALSE,FALSE,0.1,-3.3,4.6,2.3,0,4.4,TRUE,Independent,FALSE
09.02.2026,Monday,Interlaken,XKZRH001,Hotel du Lac,134.3,CHF,3.1,"Bahnhofstrasse 5, Interlaken",ZRH,47.36649,8.53675,91.25,"WiFi,Gym,Pool,Spa",STANDARD_ROOM,BREAKFAST,570,Bern,mountain_resort,11,2,1,7,40,FALSE,Winter,FALSE,FALSE,-0.2,-5.3,3.2,2.4,0,2.2,TRUE,Independent,FALSE
09.02.2026,Monday,Lausanne,ICGVAICA,INTERCONTINENTAL GENEVA,396.13,CHF,4.5,"Poststrasse 7, Lausanne",GVA,46.22461,6.13268,50.46,"WiFi,Restaurant,Room Service",COMFORT_ROOM,ROOM_ONLY,495,Vaud,city,2.4,2,1,7,40,FALSE,Winter,FALSE,FALSE,0.3,-5.6,6.3,2.2,0,3.3,FALSE,IHG (InterContinental),TRUE
09.02.2026,Monday,Lausanne,RTGVAGAR,ibis Geneve Centre Gare,148.14,CHF,2.8,"Hauptstrasse 35, Lausanne",GVA,46.20765,6.13827,51.39,"WiFi,Parking,Breakfast",STANDARD_ROOM,ROOM_ONLY,495,Vaud,city,4.1,2,1,7,40,FALSE,Winter,FALSE,FALSE,3.6,-2.6,9.3,2.3,0,3.6,FALSE,Accor (ibis),TRUE
09.02.2026,Monday,Lausanne,RTGVARES,Résidence Studio Genève Centre,136.78,CHF,3.1,"Kirchgasse 26, Lausanne",GVA,46.2117,6.14696,50.59,"WiFi,24h Reception,Luggage Storage",STANDARD_ROOM,ROOM_ONLY,495,Vaud,city,4.1,2,1,7,40,FALSE,Winter,FALSE,FALSE,2,-1.3,7.6,3.9,0,3.9,FALSE,Independent,FALSE
09.02.2026,Monday,Luzern,BWZRH091,BEST WESTERN HOTEL ZURCHERHOF,235.08,CHF,3.9,"Bahnhofstrasse 30, Luzern",ZRH,47.37503,8.54445,40.25,"WiFi,Restaurant,Room Service",STANDARD_ROOM,BREAKFAST,435,Lucerne,city,10,2,1,7,40,FALSE,Winter,FALSE,FALSE,6.1,2.5,11.5,4.2,0,2,FALSE,Best Western,TRUE
09.02.2026,Monday,Luzern,ONZRHCTY,HOTEL CITY,202.41,CHF,3.5,"Hauptstrasse 7, Luzern",ZRH,47.37474,8.53611,39.95,"WiFi,Parking,Breakfast",BUDGET_ROOM,ROOM_ONLY,435,Lucerne,city,10.1,2,1,7,40,FALSE,Winter,FALSE,FALSE,5.7,1.2,11.9,4,0,3.7,FALSE,Independent,FALSE
09.02.2026,Monday,St. Gallen,BWZRH091,BEST WESTERN HOTEL ZURCHERHOF,238.35,CHF,3.8,"Poststrasse 70, St. Gallen",ZRH,47.37503,8.54445,62.88,"WiFi,Parking,Breakfast",STANDARD_ROOM,BREAKFAST,675,St. Gallen,city,10,2,1,7,40,FALSE,Winter,FALSE,FALSE,4.8,1.5,8.2,2.7,0,2.7,FALSE,Best Western,TRUE
09.02.2026,Monday,St. Gallen,MCZRHDTM,Zurich Marriott Hotel,1139.09,CHF,4.4,"Bahnhofstrasse 90, St. Gallen",ZRH,47.38247,8.54026,63.12,"WiFi,Parking,Breakfast",SUITE,ROOM_ONLY,675,St. Gallen,city,9.2,2,1,7,40,FALSE,Winter,FALSE,FALSE,1.2,-5.7,5.3,3.9,0,4,FALSE,Marriott,TRUE
09.02.2026,Monday,St. Gallen,ONZRHCTY,HOTEL CITY,217.48,CHF,3.3,"Marktplatz 26, St. Gallen",ZRH,47.37474,8.53611,63.51,"WiFi,24h Reception,Luggage Storage",BUDGET_ROOM,ROOM_ONLY,675,St. Gallen,city,10.1,2,1,7,40,FALSE,Winter,FALSE,FALSE,4.9,0.8,9.7,1.6,0,1.8,FALSE,Independent,FALSE
09.02.2026,Monday,St. Gallen,XKZRH001,Hotel du Lac,101.07,CHF,3.1,"Bahnhofstrasse 98, St. Gallen",ZRH,47.36649,8.53675,63.55,"WiFi,Parking,Breakfast",STANDARD_ROOM,BREAKFAST,675,St. Gallen,city,11,2,1,7,40,FALSE,Winter,FALSE,FALSE,-0.3,-5.2,3.5,0.3,0,1.7,FALSE,Independent,FALSE
09.02.2026,Monday,St. Moritz,BWZRH091,BEST WESTERN HOTEL ZURCHERHOF,338.67,CHF,3.8,"Poststrasse 39, St. Moritz",ZRH,47.37503,8.54445,138.28,"WiFi,Parking,Restaurant,Bar",STANDARD_ROOM,BREAKFAST,1856,Graubuenden,alpine_ski_resort,10,2,1,7,40,FALSE,Winter,FALSE,FALSE,-2.9,-9.2,2.8,0,155,2.8,TRUE,Best Western,TRUE
09.02.2026,Monday,St. Moritz,MCZRHDTM,Zurich Marriott Hotel,1548.06,CHF,4.4,"Kirchgasse 13, St. Moritz",ZRH,47.38247,8.54026,139.08,"WiFi,Restaurant,Room Service",SUITE,ROOM_ONLY,1856,Graubuenden,alpine_ski_resort,9.2,2,1,7,40,FALSE,Winter,FALSE,FALSE,-7,-13.3,-0.9,2.6,81,2.5,TRUE,Marriott,TRUE
09.02.2026,Monday,St. Moritz,ONZRHCTY,HOTEL CITY,286.34,CHF,4.1,"Bahnhofstrasse 36, St. Moritz",ZRH,47.37474,8.53611,138.7,"WiFi,Gym,Pool,Spa",BUDGET_ROOM,ROOM_ONLY,1856,Graubuenden,alpine_ski_resort,10.1,2,1,7,40,FALSE,Winter,FALSE,FALSE,-3.5,-9.3,0.9,4.2,85,1.8,TRUE,Independent,FALSE
09.02.2026,Monday,St. Moritz,XKZRH001,Hotel du Lac,134.43,CHF,3.3,"Kirchgasse 93, St. Moritz",ZRH,47.36649,8.53675,138.03,"WiFi,Parking,Restaurant,Bar",STANDARD_ROOM,BREAKFAST,1856,Graubuenden,alpine_ski_resort,11,2,1,7,40,FALSE,Winter,FALSE,FALSE,-5.7,-10.1,-2.1,2.2,19,4.6,TRUE,Independent,FALSE
09.02.2026,Monday,Winterthur,BWZRH091,BEST WESTERN HOTEL ZURCHERHOF,255.12,CHF,4.2,"Poststrasse 16, Winterthur",ZRH,47.37503,8.54445,20.79,"WiFi,Parking,Breakfast",STANDARD_ROOM,BREAKFAST,439,Zurich,city,10,2,1,7,40,FALSE,Winter,FALSE,FALSE,1.6,-4.5,5.2,1.1,0,3.9,FALSE,Best Western,TRUE
09.02.2026,Monday,Winterthur,MCZRHDTM,Zurich Marriott Hotel,1187.57,CHF,4.7,"Poststrasse 66, Winterthur",ZRH,47.38247,8.54026,20.48,"WiFi,Gym,Pool,Spa",SUITE,ROOM_ONLY,439,Zurich,city,9.2,2,1,7,40,FALSE,Winter,FALSE,FALSE,1.8,-4.9,8.7,0,0,3.1,FALSE,Marriott,TRUE
09.02.2026,Monday,Winterthur,ONZRHCTY,HOTEL CITY,217.87,CHF,3.8,"Poststrasse 6, Winterthur",ZRH,47.37474,8.53611,21.28,"WiFi,Parking,Restaurant,Bar",BUDGET_ROOM,ROOM_ONLY,439,Zurich,city,10.1,2,1,7,40,FALSE,Winter,FALSE,FALSE,3.1,-2.7,10,2.6,0,2.7,FALSE,Independent,FALSE
09.02.2026,Monday,Winterthur,XKZRH001,Hotel du Lac,108.26,CHF,2.7,"Poststrasse 45, Winterthur",ZRH,47.36649,8.53675,21.86,"WiFi,24h Reception,Luggage Storage",STANDARD_ROOM,BREAKFAST,439,Zurich,city,11,2,1,7,40,FALSE,Winter,FALSE,FALSE,1.2,-2.5,6,4.2,0,3.9,FALSE,Independent,FALSE
09.02.2026,Monday,Zermatt,BWZRH091,BEST WESTERN HOTEL ZURCHERHOF,328.25,CHF,4.2,"Kirchgasse 22, Zermatt",ZRH,47.37503,8.54445,162.35,"WiFi,24h Reception,Luggage Storage",STANDARD_ROOM,BREAKFAST,1620,Valais,alpine_ski_resort,10,2,1,7,40,FALSE,Winter,FALSE,FALSE,-2.9,-7.2,2.9,3.1,136,3.3,TRUE,Best Western,TRUE
09.02.2026,Monday,Zermatt,MCZRHDTM,Zurich Marriott Hotel,1481.96,CHF,4.5,"Hauptstrasse 17, Zermatt",ZRH,47.38247,8.54026,163,"WiFi,24h Reception,Luggage Storage",SUITE,ROOM_ONLY,1620,Valais,alpine_ski_resort,9.2,2,1,7,40,FALSE,Winter,FALSE,FALSE,-6.7,-13.2,-2.9,0,117,2.7,TRUE,Marriott,TRUE
09.02.2026,Monday,Zermatt,ONZRHCTY,HOTEL CITY,294.59,CHF,4.2,"Poststrasse 55, Zermatt",ZRH,47.37474,8.53611,162.08,"WiFi,24h Reception,Luggage Storage",BUDGET_ROOM,ROOM_ONLY,1620,Valais,alpine_ski_resort,10.1,2,1,7,40,FALSE,Winter,FALSE,FALSE,-1.9,-7.8,3.7,2.8,184,3.3,TRUE,Independent,FALSE
09.02.2026,Monday,Zermatt,XKZRH001,Hotel du Lac,140.33,CHF,2.9,"Marktplatz 5, Zermatt",ZRH,47.36649,8.53675,161.25,"WiFi,24h Reception,Luggage Storage",STANDARD_ROOM,BREAKFAST,1620,Valais,alpine_ski_resort,11,2,1,7,40,FALSE,Winter,FALSE,FALSE,-3.2,-7.3,0.8,0.6,114,2.9,TRUE,Independent,FALSE
09.02.2026,Monday,Zuerich,BWZRH091,BEST WESTERN HOTEL ZURCHERHOF,257.48,CHF,4.2,"Kirchgasse 55, Zuerich",ZRH,47.37503,8.54445,0.29,"WiFi,Gym,Pool,Spa",STANDARD_ROOM,BREAKFAST,408,Zurich,city,10,2,1,7,40,FALSE,Winter,FALSE,FALSE,4,-1.3,9.1,0.7,0,1.7,FALSE,Best Western,TRUE
09.02.2026,Monday,Zuerich,MCZRHDTM,Zurich Marriott Hotel,1210.28,CHF,4.5,"Poststrasse 92, Zuerich",ZRH,47.38247,8.54026,0.63,"WiFi,Gym,Pool,Spa",SUITE,ROOM_ONLY,408,Zurich,city,9.2,2,1,7,40,FALSE,Winter,FALSE,FALSE,1.4,-5.4,5.3,5.5,0,1.7,FALSE,Marriott,TRUE
09.02.2026,Monday,Zuerich,ONZRHCTY,HOTEL CITY,210.48,CHF,3.7,"Marktplatz 46, Zuerich",ZRH,47.37474,8.53611,0.48,"WiFi,24h Reception,Luggage Storage",BUDGET_ROOM,ROOM_ONLY,408,Zurich,city,10.1,2,1,7,40,FALSE,Winter,FALSE,FALSE,1.7,-3.1,6.7,4.9,0,2.7,FALSE,Independent,FALSE
09.02.2026,Monday,Zuerich,XKZRH001,Hotel du Lac,107.51,CHF,3.1,"Marktplatz 59, Zuerich",ZRH,47.36649,8.53675,1.22,"WiFi,Gym,Pool,Spa",STANDARD_ROOM,BREAKFAST,408,Zurich,city,11,2,1,7,40,FALSE,Winter,FALSE,FALSE,4.3,-1.9,10.7,1.2,0,1.8,FALSE,Independent,FALSE
16.02.2026,Monday,Arosa,BWZRH091,BEST WESTERN HOTEL ZURCHERHOF,304.03,CHF,4.3,"Bahnhofstrasse 98, Arosa",ZRH,47.37503,8.54445,107.47,"WiFi,Restaurant,Room Service",STANDARD_ROOM,BREAKFAST,1775,Graubuenden,alpine_ski_resort,10,2,1,8,47,FALSE,Winter,FALSE,TRUE,-5.5,-9.3,-0.6,4.9,164,4.9,TRUE,Best Western,TRUE
16.02.2026,Monday,Arosa,MCZRHDTM,Zurich Marriott Hotel,411.61,CHF,4.5,"Bahnhofstrasse 48, Arosa",ZRH,47.38247,8.54026,108.23,"WiFi,24h Reception,Luggage Storage",STANDARD_ROOM,ROOM_ONLY,1775,Graubuenden,alpine_ski_resort,9.2,2,1,8,47,FALSE,Winter,FALSE,TRUE,-5.5,-8.7,0.8,3.3,136,5.4,TRUE,Marriott,TRUE
16.02.2026,Monday,Arosa,ONZRHCTY,HOTEL CITY,248.91,CHF,4.3,"Poststrasse 4, Arosa",ZRH,47.37474,8.53611,107.95,"WiFi,Parking,Breakfast",BUDGET_ROOM,ROOM_ONLY,1775,Graubuenden,alpine_ski_resort,10.1,2,1,8,47,FALSE,Winter,FALSE,TRUE,-4,-9.1,1.3,4.2,146,3.6,TRUE,Independent,FALSE
16.02.2026,Monday,Arosa,XKZRH001,Hotel du Lac,122.48,CHF,3.3,"Poststrasse 79, Arosa",ZRH,47.36649,8.53675,107.36,"WiFi,Restaurant,Room Service",STANDARD_ROOM,BREAKFAST,1775,Graubuenden,alpine_ski_resort,11,2,1,8,47,FALSE,Winter,FALSE,TRUE,-4.4,-9.5,-0.5,2.6,96,3.3,TRUE,Independent,FALSE
16.02.2026,Monday,Basel,RTBSLBAH,ibis Basel Bahnhof,114.04,CHF,2.9,"Hauptstrasse 59, Basel",BSL,47.54683,7.58427,1.46,"WiFi,Parking,Breakfast",STANDARD_ROOM,ROOM_ONLY,260,Basel-Stadt,city,7.2,2,1,8,47,FALSE,Winter,FALSE,TRUE,8.2,5.2,12.7,4.2,0,5.7,FALSE,Accor (ibis),TRUE
16.02.2026,Monday,Bern,BWBRN230,Best Western Plus Hotel Bern,216.74,CHF,3.3,"Marktplatz 98, Bern",BRN,46.94877,7.44633,0.12,"WiFi,Parking,Breakfast",STANDARD_ROOM,ROOM_ONLY,542,Bern,city,5.5,2,1,8,47,FALSE,Winter,FALSE,TRUE,4.8,0,10.6,4.7,0,5.7,FALSE,Best Western,TRUE
16.02.2026,Monday,Chur,BWZRH091,BEST WESTERN HOTEL ZURCHERHOF,244.4,CHF,4.1,"Poststrasse 16, Chur",ZRH,47.37503,8.54445,94.9,"WiFi,Restaurant,Room Service",STANDARD_ROOM,BREAKFAST,593,Graubuenden,city,10,2,1,8,47,FALSE,Winter,FALSE,TRUE,5.2,0.4,9.3,1,0,2.1,FALSE,Best Western,TRUE
16.02.2026,Monday,Chur,MCZRHDTM,Zurich Marriott Hotel,326.9,CHF,4.2,"Bahnhofstrasse 3, Chur",ZRH,47.38247,8.54026,95.65,"WiFi,24h Reception,Luggage Storage",STANDARD_ROOM,ROOM_ONLY,593,Graubuenden,city,9.2,2,1,8,47,FALSE,Winter,FALSE,TRUE,4.9,-1.3,10.4,0,0,3.1,FALSE,Marriott,TRUE
16.02.2026,Monday,Chur,ONZRHCTY,HOTEL CITY,218.08,CHF,3.3,"Kirchgasse 2, Chur",ZRH,47.37474,8.53611,95.38,"WiFi,24h Reception,Luggage Storage",BUDGET_ROOM,ROOM_ONLY,593,Graubuenden,city,10.1,2,1,8,47,FALSE,Winter,FALSE,TRUE,3.7,-1.2,6.7,1.9,0,1.9,FALSE,Independent,FALSE
16.02.2026,Monday,Chur,XKZRH001,Hotel du Lac,102.8,CHF,2.7,"Bahnhofstrasse 96, Chur",ZRH,47.36649,8.53675,94.78,"WiFi,Gym,Pool,Spa",STANDARD_ROOM,BREAKFAST,593,Graubuenden,city,11,2,1,8,47,FALSE,Winter,FALSE,TRUE,2.7,-0.8,7.7,0,0,2.7,FALSE,Independent,FALSE
16.02.2026,Monday,Genf,ICGVAICA,INTERCONTINENTAL GENEVA,415.18,CHF,4.3,"Kirchgasse 19, Genf",GVA,46.22461,6.13268,2.39,"WiFi,Parking,Breakfast",COMFORT_ROOM,ROOM_ONLY,375,Geneva,city,2.4,2,1,8,47,FALSE,Winter,FALSE,TRUE,2.8,-2.4,9.5,2.8,0,2.5,FALSE,IHG (InterContinental),TRUE
16.02.2026,Monday,Genf,RTGVAGAR,ibis Geneve Centre Gare,142.16,CHF,2.8,"Marktplatz 66, Genf",GVA,46.20765,6.13827,0.52,"WiFi,Parking,Breakfast",STANDARD_ROOM,ROOM_ONLY,375,Geneva,city,4.1,2,1,8,47,FALSE,Winter,FALSE,TRUE,6.9,1.9,13,1.2,0,5.8,FALSE,Accor (ibis),TRUE
16.02.2026,Monday,Genf,RTGVARES,Résidence Studio Genève Centre,127.99,CHF,2.9,"Hauptstrasse 90, Genf",GVA,46.2117,6.14696,0.86,"WiFi,Parking,Restaurant,Bar",STANDARD_ROOM,ROOM_ONLY,375,Geneva,city,4.1,2,1,8,47,FALSE,Winter,FALSE,TRUE,5.4,0.5,10.5,3.4,0,3.2,FALSE,Independent,FALSE
16.02.2026,Monday,Interlaken,BWZRH091,BEST WESTERN HOTEL ZURCHERHOF,325.9,CHF,4.2,"Bahnhofstrasse 93, Interlaken",ZRH,47.37503,8.54445,92.36,"WiFi,Gym,Pool,Spa",STANDARD_ROOM,BREAKFAST,570,Bern,mountain_resort,10,2,1,8,47,FALSE,Winter,FALSE,TRUE,5.5,2.1,10.9,2.7,0,2.7,TRUE,Best Western,TRUE
16.02.2026,Monday,Interlaken,MCZRHDTM,Zurich Marriott Hotel,417.47,CHF,4.6,"Bahnhofstrasse 6, Interlaken",ZRH,47.38247,8.54026,92.87,"WiFi,Parking,Breakfast",STANDARD_ROOM,ROOM_ONLY,570,Bern,mountain_resort,9.2,2,1,8,47,FALSE,Winter,FALSE,TRUE,6.2,1.9,10.3,0,0,2.7,TRUE,Marriott,TRUE
16.02.2026,Monday,Interlaken,ONZRHCTY,HOTEL CITY,269.4,CHF,3.7,"Marktplatz 58, Interlaken",ZRH,47.37474,8.53611,91.98,"WiFi,Parking,Breakfast",BUDGET_ROOM,ROOM_ONLY,570,Bern,mountain_resort,10.1,2,1,8,47,FALSE,Winter,FALSE,TRUE,2.7,-1.5,6.8,0.5,0,5.7,TRUE,Independent,FALSE
16.02.2026,Monday,Interlaken,XKZRH001,Hotel du Lac,136.57,CHF,3.1,"Bahnhofstrasse 38, Interlaken",ZRH,47.36649,8.53675,91.25,"WiFi,Parking,Restaurant,Bar",STANDARD_ROOM,BREAKFAST,570,Bern,mountain_resort,11,2,1,8,47,FALSE,Winter,FALSE,TRUE,5.3,-1.4,9.7,0,0,2.4,TRUE,Independent,FALSE
16.02.2026,Monday,Lausanne,ICGVAICA,INTERCONTINENTAL GENEVA,413.71,CHF,4.4,"Poststrasse 30, Lausanne",GVA,46.22461,6.13268,50.46,"WiFi,Gym,Pool,Spa",COMFORT_ROOM,ROOM_ONLY,495,Vaud,city,2.4,2,1,8,47,FALSE,Winter,FALSE,TRUE,1.2,-1.9,4.7,2.1,0,5,FALSE,IHG (InterContinental),TRUE
16.02.2026,Monday,Lausanne,RTGVAGAR,ibis Geneve Centre Gare,137.27,CHF,2.8,"Poststrasse 2, Lausanne",GVA,46.20765,6.13827,51.39,"WiFi,Restaurant,Room Service",STANDARD_ROOM,ROOM_ONLY,495,Vaud,city,4.1,2,1,8,47,FALSE,Winter,FALSE,TRUE,2.9,-0.2,9.6,2.4,0,4.7,FALSE,Accor (ibis),TRUE
16.02.2026,Monday,Lausanne,RTGVARES,Résidence Studio Genève Centre,132.95,CHF,3,"Kirchgasse 81, Lausanne",GVA,46.2117,6.14696,50.59,"WiFi,Gym,Pool,Spa",STANDARD_ROOM,ROOM_ONLY,495,Vaud,city,4.1,2,1,8,47,FALSE,Winter,FALSE,TRUE,4.5,1.4,9.2,1.5,0,2.3,FALSE,Independent,FALSE
16.02.2026,Monday,Luzern,BWZRH091,BEST WESTERN HOTEL ZURCHERHOF,234.16,CHF,4.2,"Poststrasse 73, Luzern",ZRH,47.37503,8.54445,40.25,"WiFi,Gym,Pool,Spa",STANDARD_ROOM,BREAKFAST,435,Lucerne,city,10,2,1,8,47,FALSE,Winter,FALSE,TRUE,4.2,0.1,10.8,0,0,4.6,FALSE,Best Western,TRUE
16.02.2026,Monday,Luzern,MCZRHDTM,Zurich Marriott Hotel,327.15,CHF,4.2,"Hauptstrasse 56, Luzern",ZRH,47.38247,8.54026,40.86,"WiFi,Restaurant,Room Service",STANDARD_ROOM,ROOM_ONLY,435,Lucerne,city,9.2,2,1,8,47,FALSE,Winter,FALSE,TRUE,3.1,-3,8,4.4,0,3.4,FALSE,Marriott,TRUE
16.02.2026,Monday,Luzern,ONZRHCTY,HOTEL CITY,202.52,CHF,3.8,"Marktplatz 30, Luzern",ZRH,47.37474,8.53611,39.95,"WiFi,24h Reception,Luggage Storage",BUDGET_ROOM,ROOM_ONLY,435,Lucerne,city,10.1,2,1,8,47,FALSE,Winter,FALSE,TRUE,3.8,-1.2,9,1.8,0,4.5,FALSE,Independent,FALSE
16.02.2026,Monday,Luzern,XKZRH001,Hotel du Lac,101.91,CHF,2.9,"Kirchgasse 2, Luzern",ZRH,47.36649,8.53675,39.14,"WiFi,Parking,Breakfast",STANDARD_ROOM,BREAKFAST,435,Lucerne,city,11,2,1,8,47,FALSE,Winter,FALSE,TRUE,6.2,2.5,9.6,0.6,0,4.3,FALSE,Independent,FALSE
16.02.2026,Monday,St. Gallen,BWZRH091,BEST WESTERN HOTEL ZURCHERHOF,254.78,CHF,4,"Bahnhofstrasse 22, St. Gallen",ZRH,47.37503,8.54445,62.88,"WiFi,Restaurant,Room Service",STANDARD_ROOM,BREAKFAST,675,St. Gallen,city,10,2,1,8,47,FALSE,Winter,FALSE,TRUE,2.8,-0.9,8.3,2.3,0,4,FALSE,Best Western,TRUE
16.02.2026,Monday,St. Gallen,MCZRHDTM,Zurich Marriott Hotel,356.39,CHF,4.3,"Poststrasse 13, St. Gallen",ZRH,47.38247,8.54026,63.12,"WiFi,Restaurant,Room Service",STANDARD_ROOM,ROOM_ONLY,675,St. Gallen,city,9.2,2,1,8,47,FALSE,Winter,FALSE,TRUE,2.3,-1.2,7.7,3.1,0,3.9,FALSE,Marriott,TRUE
16.02.2026,Monday,St. Gallen,ONZRHCTY,HOTEL CITY,222.51,CHF,3.3,"Hauptstrasse 98, St. Gallen",ZRH,47.37474,8.53611,63.51,"WiFi,24h Reception,Luggage Storage",BUDGET_ROOM,ROOM_ONLY,675,St. Gallen,city,10.1,2,1,8,47,FALSE,Winter,FALSE,TRUE,2.6,-0.5,6.6,4.6,0,2.7,FALSE,Independent,FALSE
16.02.2026,Monday,St. Gallen,XKZRH001,Hotel du Lac,106.04,CHF,3,"Kirchgasse 13, St. Gallen",ZRH,47.36649,8.53675,63.55,"WiFi,24h Reception,Luggage Storage",STANDARD_ROOM,BREAKFAST,675,St. Gallen,city,11,2,1,8,47,FALSE,Winter,FALSE,TRUE,2.2,-4.8,5.6,2.8,0,4.9,FALSE,Independent,FALSE
16.02.2026,Monday,St. Moritz,BWZRH091,BEST WESTERN HOTEL ZURCHERHOF,282.77,CHF,3.8,"Hauptstrasse 82, St. Moritz",ZRH,47.37503,8.54445,138.28,"WiFi,Parking,Restaurant,Bar",STANDARD_ROOM,BREAKFAST,1856,Graubuenden,alpine_ski_resort,10,2,1,8,47,FALSE,Winter,FALSE,TRUE,-4.4,-9.9,1.9,2.3,96,4.3,TRUE,Best Western,TRUE
16.02.2026,Monday,St. Moritz,MCZRHDTM,Zurich Marriott Hotel,408.26,CHF,4.4,"Bahnhofstrasse 7, St. Moritz",ZRH,47.38247,8.54026,139.08,"WiFi,Gym,Pool,Spa",STANDARD_ROOM,ROOM_ONLY,1856,Graubuenden,alpine_ski_resort,9.2,2,1,8,47,FALSE,Winter,FALSE,TRUE,-2.3,-7.3,4.3,2.8,46,5.3,TRUE,Marriott,TRUE
16.02.2026,Monday,St. Moritz,ONZRHCTY,HOTEL CITY,256.99,CHF,4.2,"Poststrasse 63, St. Moritz",ZRH,47.37474,8.53611,138.7,"WiFi,Restaurant,Room Service",BUDGET_ROOM,ROOM_ONLY,1856,Graubuenden,alpine_ski_resort,10.1,2,1,8,47,FALSE,Winter,FALSE,TRUE,-5.1,-11.9,-0.8,0.9,118,2.7,TRUE,Independent,FALSE
16.02.2026,Monday,St. Moritz,XKZRH001,Hotel du Lac,129.53,CHF,3.2,"Bahnhofstrasse 21, St. Moritz",ZRH,47.36649,8.53675,138.03,"WiFi,24h Reception,Luggage Storage",STANDARD_ROOM,BREAKFAST,1856,Graubuenden,alpine_ski_resort,11,2,1,8,47,FALSE,Winter,FALSE,TRUE,-1.9,-5.1,4.3,4.2,127,4.9,TRUE,Independent,FALSE
16.02.2026,Monday,Winterthur,BWZRH091,BEST WESTERN HOTEL ZURCHERHOF,257.1,CHF,3.9,"Marktplatz 44, Winterthur",ZRH,47.37503,8.54445,20.79,"WiFi,Parking,Restaurant,Bar",STANDARD_ROOM,BREAKFAST,439,Zurich,city,10,2,1,8,47,FALSE,Winter,FALSE,TRUE,6.4,2.7,12.1,1.9,0,4.8,FALSE,Best Western,TRUE
16.02.2026,Monday,Winterthur,MCZRHDTM,Zurich Marriott Hotel,340.92,CHF,3.9,"Hauptstrasse 27, Winterthur",ZRH,47.38247,8.54026,20.48,"WiFi,Restaurant,Room Service",STANDARD_ROOM,ROOM_ONLY,439,Zurich,city,9.2,2,1,8,47,FALSE,Winter,FALSE,TRUE,6.6,-0.3,10,1.1,0,5.5,FALSE,Marriott,TRUE
16.02.2026,Monday,Winterthur,ONZRHCTY,HOTEL CITY,211.16,CHF,3.4,"Hauptstrasse 9, Winterthur",ZRH,47.37474,8.53611,21.28,"WiFi,Gym,Pool,Spa",BUDGET_ROOM,ROOM_ONLY,439,Zurich,city,10.1,2,1,8,47,FALSE,Winter,FALSE,TRUE,4.9,0.2,8.9,1.3,0,3.2,FALSE,Independent,FALSE
16.02.2026,Monday,Winterthur,XKZRH001,Hotel du Lac,103.25,CHF,2.8,"Hauptstrasse 31, Winterthur",ZRH,47.36649,8.53675,21.86,"WiFi,Parking,Restaurant,Bar",STANDARD_ROOM,BREAKFAST,439,Zurich,city,11,2,1,8,47,FALSE,Winter,FALSE,TRUE,7,2.1,13.2,1.1,0,3.7,FALSE,Independent,FALSE
16.02.2026,Monday,Zermatt,BWZRH091,BEST WESTERN HOTEL ZURCHERHOF,302.73,CHF,4.3,"Marktplatz 10, Zermatt",ZRH,47.37503,8.54445,162.35,"WiFi,24h Reception,Luggage Storage",STANDARD_ROOM,BREAKFAST,1620,Valais,alpine_ski_resort,10,2,1,8,47,FALSE,Winter,FALSE,TRUE,-2.5,-9.2,2.8,0,0,3.1,TRUE,Best Western,TRUE
16.02.2026,Monday,Zermatt,MCZRHDTM,Zurich Marriott Hotel,407.27,CHF,4.8,"Kirchgasse 61, Zermatt",ZRH,47.38247,8.54026,163,"WiFi,Restaurant,Room Service",STANDARD_ROOM,ROOM_ONLY,1620,Valais,alpine_ski_resort,9.2,2,1,8,47,FALSE,Winter,FALSE,TRUE,-1.8,-5.4,2.5,2,80,3.7,TRUE,Marriott,TRUE
16.02.2026,Monday,Zermatt,ONZRHCTY,HOTEL CITY,268.38,CHF,3.9,"Marktplatz 67, Zermatt",ZRH,47.37474,8.53611,162.08,"WiFi,Parking,Breakfast",BUDGET_ROOM,ROOM_ONLY,1620,Valais,alpine_ski_resort,10.1,2,1,8,47,FALSE,Winter,FALSE,TRUE,-3,-7.8,2,0.8,110,2.3,TRUE,Independent,FALSE
16.02.2026,Monday,Zermatt,XKZRH001,Hotel du Lac,125.52,CHF,3.2,"Hauptstrasse 41, Zermatt",ZRH,47.36649,8.53675,161.25,"WiFi,Restaurant,Room Service",STANDARD_ROOM,BREAKFAST,1620,Valais,alpine_ski_resort,11,2,1,8,47,FALSE,Winter,FALSE,TRUE,-3.7,-7.5,-0.2,0.4,109,5.2,TRUE,Independent,FALSE
16.02.2026,Monday,Zuerich,BWZRH091,BEST WESTERN HOTEL ZURCHERHOF,246.22,CHF,4.3,"Poststrasse 11, Zuerich",ZRH,47.37503,8.54445,0.29,"WiFi,Restaurant,Room Service",STANDARD_ROOM,BREAKFAST,408,Zurich,city,10,2,1,8,47,FALSE,Winter,FALSE,TRUE,5.6,0.9,9.6,0,0,5.4,FALSE,Best Western,TRUE
16.02.2026,Monday,Zuerich,MCZRHDTM,Zurich Marriott Hotel,353.62,CHF,3.9,"Kirchgasse 37, Zuerich",ZRH,47.38247,8.54026,0.63,"WiFi,24h Reception,Luggage Storage",STANDARD_ROOM,ROOM_ONLY,408,Zurich,city,9.2,2,1,8,47,FALSE,Winter,FALSE,TRUE,4.5,-0.1,7.7,2.4,0,3.6,FALSE,Marriott,TRUE
16.02.2026,Monday,Zuerich,ONZRHCTY,HOTEL CITY,211.65,CHF,3.3,"Hauptstrasse 13, Zuerich",ZRH,47.37474,8.53611,0.48,"WiFi,Gym,Pool,Spa",BUDGET_ROOM,ROOM_ONLY,408,Zurich,city,10.1,2,1,8,47,FALSE,Winter,FALSE,TRUE,5.1,1.4,9.6,1.2,0,4.3,FALSE,Independent,FALSE
16.02.2026,Monday,Zuerich,XKZRH001,Hotel du Lac,111.13,CHF,2.7,"Marktplatz 16, Zuerich",ZRH,47.36649,8.53675,1.22,"WiFi,Parking,Restaurant,Bar",STANDARD_ROOM,BREAKFAST,408,Zurich,city,11,2,1,8,47,FALSE,Winter,FALSE,TRUE,6.6,0.1,13.6,3.9,0,3,FALSE,Independent,FALSE
23.02.2026,Monday,Arosa,BWZRH091,BEST WESTERN HOTEL ZURCHERHOF,255.73,CHF,3.9,"Poststrasse 56, Arosa",ZRH,47.37503,8.54445,107.47,"WiFi,Restaurant,Room Service",STANDARD_ROOM,BREAKFAST,1775,Graubuenden,alpine_ski_resort,10,2,1,9,54,FALSE,Winter,FALSE,TRUE,-1.9,-5.4,2.1,4.2,83,5.5,TRUE,Best Western,TRUE
23.02.2026,Monday,Arosa,MCZRHDTM,Zurich Marriott Hotel,441.23,CHF,4.3,"Bahnhofstrasse 75, Arosa",ZRH,47.38247,8.54026,108.23,"WiFi,Parking,Breakfast",STANDARD_ROOM,ROOM_ONLY,1775,Graubuenden,alpine_ski_resort,9.2,2,1,9,54,FALSE,Winter,FALSE,TRUE,0.3,-6.6,6.6,7.6,111,4,TRUE,Marriott,TRUE
23.02.2026,Monday,Arosa,ONZRHCTY,HOTEL CITY,240.21,CHF,4.3,"Poststrasse 9, Arosa",ZRH,47.37474,8.53611,107.95,"WiFi,Restaurant,Room Service",BUDGET_ROOM,ROOM_ONLY,1775,Graubuenden,alpine_ski_resort,10.1,2,1,9,54,FALSE,Winter,FALSE,TRUE,-1.1,-4.3,2.8,1.9,131,5.8,TRUE,Independent,FALSE
23.02.2026,Monday,Arosa,XKZRH001,Hotel du Lac,115.4,CHF,2.7,"Bahnhofstrasse 53, Arosa",ZRH,47.36649,8.53675,107.36,"WiFi,Parking,Breakfast",STANDARD_ROOM,BREAKFAST,1775,Graubuenden,alpine_ski_resort,11,2,1,9,54,FALSE,Winter,FALSE,TRUE,-3,-7.8,1.8,3.8,126,2.8,TRUE,Independent,FALSE
23.02.2026,Monday,Basel,RTBSLBAH,ibis Basel Bahnhof,110.97,CHF,3.3,"Hauptstrasse 86, Basel",BSL,47.54683,7.58427,1.46,"WiFi,Parking,Breakfast",STANDARD_ROOM,ROOM_ONLY,260,Basel-Stadt,city,7.2,2,1,9,54,FALSE,Winter,FALSE,TRUE,7.4,2.2,10.5,2.4,0,2.6,FALSE,Accor (ibis),TRUE
23.02.2026,Monday,Bern,BWBRN230,Best Western Plus Hotel Bern,207.35,CHF,3.6,"Kirchgasse 42, Bern",BRN,46.94877,7.44633,0.12,"WiFi,Restaurant,Room Service",STANDARD_ROOM,ROOM_ONLY,542,Bern,city,5.5,2,1,9,54,FALSE,Winter,FALSE,TRUE,3.1,0,7.8,0,0,5.5,FALSE,Best Western,TRUE
23.02.2026,Monday,Chur,BWZRH091,BEST WESTERN HOTEL ZURCHERHOF,259.92,CHF,3.8,"Poststrasse 62, Chur",ZRH,47.37503,8.54445,94.9,"WiFi,24h Reception,Luggage Storage",STANDARD_ROOM,BREAKFAST,593,Graubuenden,city,10,2,1,9,54,FALSE,Winter,FALSE,TRUE,4.5,-2.3,8.5,3.6,0,4.8,FALSE,Best Western,TRUE
23.02.2026,Monday,Chur,ONZRHCTY,HOTEL CITY,208.63,CHF,3.6,"Poststrasse 6, Chur",ZRH,47.37474,8.53611,95.38,"WiFi,Gym,Pool,Spa",BUDGET_ROOM,ROOM_ONLY,593,Graubuenden,city,10.1,2,1,9,54,FALSE,Winter,FALSE,TRUE,6.2,-0.1,10.6,2.1,0,4.7,FALSE,Independent,FALSE
23.02.2026,Monday,Genf,ICGVAICA,INTERCONTINENTAL GENEVA,420,CHF,4.3,"Bahnhofstrasse 56, Genf",GVA,46.22461,6.13268,2.39,"WiFi,Parking,Breakfast",COMFORT_ROOM,ROOM_ONLY,375,Geneva,city,2.4,2,1,9,54,FALSE,Winter,FALSE,TRUE,8,2,13.7,0,0,2.5,FALSE,IHG (InterContinental),TRUE
23.02.2026,Monday,Genf,RTGVAGAR,ibis Geneve Centre Gare,146.85,CHF,2.9,"Poststrasse 5, Genf",GVA,46.20765,6.13827,0.52,"WiFi,Parking,Restaurant,Bar",STANDARD_ROOM,ROOM_ONLY,375,Geneva,city,4.1,2,1,9,54,FALSE,Winter,FALSE,TRUE,5.7,-0.6,9.3,0.6,0,2.4,FALSE,Accor (ibis),TRUE
23.02.2026,Monday,Genf,RTGVARES,Résidence Studio Genève Centre,136.87,CHF,3.1,"Marktplatz 76, Genf",GVA,46.2117,6.14696,0.86,"WiFi,Gym,Pool,Spa",STANDARD_ROOM,ROOM_ONLY,375,Geneva,city,4.1,2,1,9,54,FALSE,Winter,FALSE,TRUE,4.8,-0.5,8.1,2.1,0,4.1,FALSE,Independent,FALSE
23.02.2026,Monday,Interlaken,BWZRH091,BEST WESTERN HOTEL ZURCHERHOF,300.31,CHF,3.8,"Poststrasse 14, Interlaken",ZRH,47.37503,8.54445,92.36,"WiFi,Restaurant,Room Service",STANDARD_ROOM,BREAKFAST,570,Bern,mountain_resort,10,2,1,9,54,FALSE,Winter,FALSE,TRUE,4.2,0.9,8.1,0,0,3.2,TRUE,Best Western,TRUE
23.02.2026,Monday,Interlaken,ONZRHCTY,HOTEL CITY,257.99,CHF,3.9,"Hauptstrasse 50, Interlaken",ZRH,47.37474,8.53611,91.98,"WiFi,Gym,Pool,Spa",BUDGET_ROOM,ROOM_ONLY,570,Bern,mountain_resort,10.1,2,1,9,54,FALSE,Winter,FALSE,TRUE,5,-1.5,8.1,1.3,0,5.2,TRUE,Independent,FALSE
23.02.2026,Monday,Lausanne,ICGVAICA,INTERCONTINENTAL GENEVA,417.3,CHF,4.4,"Kirchgasse 13, Lausanne",GVA,46.22461,6.13268,50.46,"WiFi,Parking,Breakfast",COMFORT_ROOM,ROOM_ONLY,495,Vaud,city,2.4,2,1,9,54,FALSE,Winter,FALSE,TRUE,5.2,0.7,9.5,3.7,0,4.2,FALSE,IHG (InterContinental),TRUE
23.02.2026,Monday,Lausanne,RTGVAGAR,ibis Geneve Centre Gare,142.37,CHF,2.8,"Bahnhofstrasse 31, Lausanne",GVA,46.20765,6.13827,51.39,"WiFi,Parking,Restaurant,Bar",STANDARD_ROOM,ROOM_ONLY,495,Vaud,city,4.1,2,1,9,54,FALSE,Winter,FALSE,TRUE,6.9,3,12.2,1.7,0,2.7,FALSE,Accor (ibis),TRUE
23.02.2026,Monday,Luzern,BWZRH091,BEST WESTERN HOTEL ZURCHERHOF,229.18,CHF,4.3,"Kirchgasse 41, Luzern",ZRH,47.37503,8.54445,40.25,"WiFi,Parking,Restaurant,Bar",STANDARD_ROOM,BREAKFAST,435,Lucerne,city,10,2,1,9,54,FALSE,Winter,FALSE,TRUE,3.9,-1.2,8.9,6.4,0,5.5,FALSE,Best Western,TRUE
23.02.2026,Monday,Luzern,MCZRHDTM,Zurich Marriott Hotel,378.61,CHF,4.4,"Marktplatz 35, Luzern",ZRH,47.38247,8.54026,40.86,"WiFi,Gym,Pool,Spa",STANDARD_ROOM,ROOM_ONLY,435,Lucerne,city,9.2,2,1,9,54,FALSE,Winter,FALSE,TRUE,6,1.2,12.6,0.3,0,2.7,FALSE,Marriott,TRUE
23.02.2026,Monday,Luzern,ONZRHCTY,HOTEL CITY,199.47,CHF,3.7,"Bahnhofstrasse 95, Luzern",ZRH,47.37474,8.53611,39.95,"WiFi,Gym,Pool,Spa",BUDGET_ROOM,ROOM_ONLY,435,Lucerne,city,10.1,2,1,9,54,FALSE,Winter,FALSE,TRUE,5.1,0.4,8.3,2.5,0,4.1,FALSE,Independent,FALSE
23.02.2026,Monday,Luzern,XKZRH001,Hotel du Lac,102.3,CHF,2.9,"Bahnhofstrasse 12, Luzern",ZRH,47.36649,8.53675,39.14,"WiFi,Parking,Breakfast",STANDARD_ROOM,BREAKFAST,435,Lucerne,city,11,2,1,9,54,FALSE,Winter,FALSE,TRUE,4,-1.8,8.7,5.6,0,5.5,FALSE,Independent,FALSE
23.02.2026,Monday,St. Gallen,BWZRH091,BEST WESTERN HOTEL ZURCHERHOF,257.45,CHF,4.2,"Bahnhofstrasse 4, St. Gallen",ZRH,47.37503,8.54445,62.88,"WiFi,Restaurant,Room Service",STANDARD_ROOM,BREAKFAST,675,St. Gallen,city,10,2,1,9,54,FALSE,Winter,FALSE,TRUE,6.8,2.7,12.4,0,0,3.8,FALSE,Best Western,TRUE
23.02.2026,Monday,St. Gallen,MCZRHDTM,Zurich Marriott Hotel,427.38,CHF,4.5,"Poststrasse 94, St. Gallen",ZRH,47.38247,8.54026,63.12,"WiFi,Restaurant,Room Service",STANDARD_ROOM,ROOM_ONLY,675,St. Gallen,city,9.2,2,1,9,54,FALSE,Winter,FALSE,TRUE,1.5,-3.2,7.4,2.2,0,5.9,FALSE,Marriott,TRUE
23.02.2026,Monday,St. Gallen,ONZRHCTY,HOTEL CITY,214.45,CHF,3.7,"Bahnhofstrasse 99, St. Gallen",ZRH,47.37474,8.53611,63.51,"WiFi,Parking,Breakfast",BUDGET_ROOM,ROOM_ONLY,675,St. Gallen,city,10.1,2,1,9,54,FALSE,Winter,FALSE,TRUE,1.7,-1.5,8.1,2.6,0,3.7,FALSE,Independent,FALSE
23.02.2026,Monday,St. Gallen,XKZRH001,Hotel du Lac,111.97,CHF,3,"Kirchgasse 9, St. Gallen",ZRH,47.36649,8.53675,63.55,"WiFi,24h Reception,Luggage Storage",STANDARD_ROOM,BREAKFAST,675,St. Gallen,city,11,2,1,9,54,FALSE,Winter,FALSE,TRUE,6.5,1.3,9.7,3.8,0,2.8,FALSE,Independent,FALSE
23.02.2026,Monday,St. Moritz,BWZRH091,BEST WESTERN HOTEL ZURCHERHOF,257.27,CHF,4.2,"Marktplatz 19, St. Moritz",ZRH,47.37503,8.54445,138.28,"WiFi,Parking,Breakfast",STANDARD_ROOM,BREAKFAST,1856,Graubuenden,alpine_ski_resort,10,2,1,9,54,FALSE,Winter,FALSE,TRUE,-5.4,-11.5,-0.6,3.1,63,5.9,TRUE,Best Western,TRUE
23.02.2026,Monday,St. Moritz,ONZRHCTY,HOTEL CITY,231.77,CHF,3.8,"Bahnhofstrasse 79, St. Moritz",ZRH,47.37474,8.53611,138.7,"WiFi,Restaurant,Room Service",BUDGET_ROOM,ROOM_ONLY,1856,Graubuenden,alpine_ski_resort,10.1,2,1,9,54,FALSE,Winter,FALSE,TRUE,-3.1,-6.3,0.1,4.4,111,4,TRUE,Independent,FALSE
23.02.2026,Monday,Winterthur,BWZRH091,BEST WESTERN HOTEL ZURCHERHOF,256.33,CHF,4.3,"Bahnhofstrasse 89, Winterthur",ZRH,47.37503,8.54445,20.79,"WiFi,Parking,Restaurant,Bar",STANDARD_ROOM,BREAKFAST,439,Zurich,city,10,2,1,9,54,FALSE,Winter,FALSE,TRUE,2.5,-3.4,6,2.9,0,4.2,FALSE,Best Western,TRUE
23.02.2026,Monday,Winterthur,MCZRHDTM,Zurich Marriott Hotel,390.19,CHF,4.7,"Kirchgasse 67, Winterthur",ZRH,47.38247,8.54026,20.48,"WiFi,Parking,Breakfast",STANDARD_ROOM,ROOM_ONLY,439,Zurich,city,9.2,2,1,9,54,FALSE,Winter,FALSE,TRUE,4.8,-1.8,8.2,3.6,0,4.3,FALSE,Marriott,TRUE
23.02.2026,Monday,Winterthur,ONZRHCTY,HOTEL CITY,222.24,CHF,3.2,"Marktplatz 72, Winterthur",ZRH,47.37474,8.53611,21.28,"WiFi,Restaurant,Room Service",BUDGET_ROOM,ROOM_ONLY,439,Zurich,city,10.1,2,1,9,54,FALSE,Winter,FALSE,TRUE,4.5,-0.4,8.8,0.9,0,4,FALSE,Independent,FALSE
23.02.2026,Monday,Winterthur,XKZRH001,Hotel du Lac,108,CHF,3.1,"Marktplatz 25, Winterthur",ZRH,47.36649,8.53675,21.86,"WiFi,24h Reception,Luggage Storage",STANDARD_ROOM,BREAKFAST,439,Zurich,city,11,2,1,9,54,FALSE,Winter,FALSE,TRUE,3.5,-2.3,9.2,2.2,0,3.7,FALSE,Independent,FALSE
23.02.2026,Monday,Zermatt,BWZRH091,BEST WESTERN HOTEL ZURCHERHOF,267.33,CHF,4.2,"Marktplatz 39, Zermatt",ZRH,47.37503,8.54445,162.35,"WiFi,Gym,Pool,Spa",STANDARD_ROOM,BREAKFAST,1620,Valais,alpine_ski_resort,10,2,1,9,54,FALSE,Winter,FALSE,TRUE,0.9,-4.5,7.1,6.3,156,5.6,TRUE,Best Western,TRUE
23.02.2026,Monday,Zermatt,MCZRHDTM,Zurich Marriott Hotel,429.56,CHF,4.4,"Kirchgasse 88, Zermatt",ZRH,47.38247,8.54026,163,"WiFi,Restaurant,Room Service",STANDARD_ROOM,ROOM_ONLY,1620,Valais,alpine_ski_resort,9.2,2,1,9,54,FALSE,Winter,FALSE,TRUE,0.5,-4.3,3.8,3.8,58,2.6,TRUE,Marriott,TRUE
23.02.2026,Monday,Zermatt,ONZRHCTY,HOTEL CITY,224.38,CHF,3.5,"Poststrasse 79, Zermatt",ZRH,47.37474,8.53611,162.08,"WiFi,Gym,Pool,Spa",BUDGET_ROOM,ROOM_ONLY,1620,Valais,alpine_ski_resort,10.1,2,1,9,54,FALSE,Winter,FALSE,TRUE,-0.6,-7,5.2,3.2,53,5.5,TRUE,Independent,FALSE
23.02.2026,Monday,Zermatt,XKZRH001,Hotel du Lac,114.52,CHF,3.2,"Marktplatz 13, Zermatt",ZRH,47.36649,8.53675,161.25,"WiFi,Restaurant,Room Service",STANDARD_ROOM,BREAKFAST,1620,Valais,alpine_ski_resort,11,2,1,9,54,FALSE,Winter,FALSE,TRUE,-1.2,-7.8,3.7,0.9,151,3.8,TRUE,Independent,FALSE
23.02.2026,Monday,Zuerich,BWZRH091,BEST WESTERN HOTEL ZURCHERHOF,241.36,CHF,4.3,"Bahnhofstrasse 96, Zuerich",ZRH,47.37503,8.54445,0.29,"WiFi,Gym,Pool,Spa",STANDARD_ROOM,BREAKFAST,408,Zurich,city,10,2,1,9,54,FALSE,Winter,FALSE,TRUE,6.7,0.8,10.4,0.4,0,4,FALSE,Best Western,TRUE
23.02.2026,Monday,Zuerich,MCZRHDTM,Zurich Marriott Hotel,422.52,CHF,4.7,"Poststrasse 95, Zuerich",ZRH,47.38247,8.54026,0.63,"WiFi,Parking,Breakfast",STANDARD_ROOM,ROOM_ONLY,408,Zurich,city,9.2,2,1,9,54,FALSE,Winter,FALSE,TRUE,3.5,-1.7,8.1,2.9,0,2.8,FALSE,Marriott,TRUE
23.02.2026,Monday,Zuerich,ONZRHCTY,HOTEL CITY,229.43,CHF,3.8,"Poststrasse 90, Zuerich",ZRH,47.37474,8.53611,0.48,"WiFi,Parking,Restaurant,Bar",BUDGET_ROOM,ROOM_ONLY,408,Zurich,city,10.1,2,1,9,54,FALSE,Winter,FALSE,TRUE,3.3,-0.4,8.9,1.3,0,4.3,FALSE,Independent,FALSE
23.02.2026,Monday,Zuerich,XKZRH001,Hotel du Lac,111.51,CHF,2.9,"Kirchgasse 96, Zuerich",ZRH,47.36649,8.53675,1.22,"WiFi,Restaurant,Room Service",STANDARD_ROOM,BREAKFAST,408,Zurich,city,11,2,1,9,54,FALSE,Winter,FALSE,TRUE,5.1,-1.3,12.1,4.2,0,5.7,FALSE,Independent,FALSE
02.03.2026,Monday,Arosa,BWZRH091,BEST WESTERN HOTEL ZURCHERHOF,230.65,CHF,4.2,"Kirchgasse 4, Arosa",ZRH,47.37503,8.54445,107.47,"WiFi,Parking,Restaurant,Bar",STANDARD_ROOM,BREAKFAST,1775,Graubuenden,alpine_ski_resort,10,3,1,10,61,FALSE,Spring,FALSE,FALSE,0.2,-3.8,5.4,0,134,4.1,TRUE,Best Western,TRUE
02.03.2026,Monday,Arosa,MCZRHDTM,Zurich Marriott Hotel,368.43,CHF,4.5,"Poststrasse 26, Arosa",ZRH,47.38247,8.54026,108.23,"WiFi,Parking,Breakfast",STANDARD_ROOM,ROOM_ONLY,1775,Graubuenden,alpine_ski_resort,9.2,3,1,10,61,FALSE,Spring,FALSE,FALSE,-2.3,-5.3,1.1,2.5,47,4.5,TRUE,Marriott,TRUE
02.03.2026,Monday,Arosa,ONZRHCTY,HOTEL CITY,216.19,CHF,3.4,"Bahnhofstrasse 10, Arosa",ZRH,47.37474,8.53611,107.95,"WiFi,Restaurant,Room Service",BUDGET_ROOM,ROOM_ONLY,1775,Graubuenden,alpine_ski_resort,10.1,3,1,10,61,FALSE,Spring,FALSE,FALSE,1.3,-2.3,8,1.9,107,3.9,TRUE,Independent,FALSE
02.03.2026,Monday,Arosa,XKZRH001,Hotel du Lac,100.55,CHF,3,"Bahnhofstrasse 84, Arosa",ZRH,47.36649,8.53675,107.36,"WiFi,Parking,Restaurant,Bar",STANDARD_ROOM,BREAKFAST,1775,Graubuenden,alpine_ski_resort,11,3,1,10,61,FALSE,Spring,FALSE,FALSE,-0.2,-4.1,3.3,5.4,36,4.9,TRUE,Independent,FALSE
02.03.2026,Monday,Basel,RTBSLBAH,ibis Basel Bahnhof,109.32,CHF,2.8,"Kirchgasse 79, Basel",BSL,47.54683,7.58427,1.46,"WiFi,Gym,Pool,Spa",STANDARD_ROOM,ROOM_ONLY,260,Basel-Stadt,city,7.2,3,1,10,61,FALSE,Spring,FALSE,FALSE,5.6,-0.9,10.9,0.7,0,5.1,FALSE,Accor (ibis),TRUE
02.03.2026,Monday,Bern,BWBRN230,Best Western Plus Hotel Bern,206.05,CHF,3.7,"Marktplatz 28, Bern",BRN,46.94877,7.44633,0.12,"WiFi,Parking,Restaurant,Bar",STANDARD_ROOM,ROOM_ONLY,542,Bern,city,5.5,3,1,10,61,FALSE,Spring,FALSE,FALSE,7.3,3.9,10.8,2.3,0,6.5,FALSE,Best Western,TRUE
02.03.2026,Monday,Chur,BWZRH091,BEST WESTERN HOTEL ZURCHERHOF,245.71,CHF,4,"Hauptstrasse 54, Chur",ZRH,47.37503,8.54445,94.9,"WiFi,Gym,Pool,Spa",STANDARD_ROOM,BREAKFAST,593,Graubuenden,city,10,3,1,10,61,FALSE,Spring,FALSE,FALSE,3,-2.1,9.5,2.8,0,2.9,FALSE,Best Western,TRUE
02.03.2026,Monday,Chur,MCZRHDTM,Zurich Marriott Hotel,380.07,CHF,4.6,"Hauptstrasse 73, Chur",ZRH,47.38247,8.54026,95.65,"WiFi,Parking,Restaurant,Bar",STANDARD_ROOM,ROOM_ONLY,593,Graubuenden,city,9.2,3,1,10,61,FALSE,Spring,FALSE,FALSE,4.4,-1.8,9.8,2.9,0,6.4,FALSE,Marriott,TRUE
02.03.2026,Monday,Chur,ONZRHCTY,HOTEL CITY,213.33,CHF,3.2,"Bahnhofstrasse 62, Chur",ZRH,47.37474,8.53611,95.38,"WiFi,Restaurant,Room Service",BUDGET_ROOM,ROOM_ONLY,593,Graubuenden,city,10.1,3,1,10,61,FALSE,Spring,FALSE,FALSE,4.3,0,10.3,4.2,0,5.4,FALSE,Independent,FALSE
02.03.2026,Monday,Chur,XKZRH001,Hotel du Lac,106.33,CHF,3.2,"Kirchgasse 89, Chur",ZRH,47.36649,8.53675,94.78,"WiFi,Restaurant,Room Service",STANDARD_ROOM,BREAKFAST,593,Graubuenden,city,11,3,1,10,61,FALSE,Spring,FALSE,FALSE,7.2,2.1,13.1,0,0,5.1,FALSE,Independent,FALSE
02.03.2026,Monday,Genf,ICGVAICA,INTERCONTINENTAL GENEVA,424.16,CHF,4.7,"Bahnhofstrasse 4, Genf",GVA,46.22461,6.13268,2.39,"WiFi,Parking,Restaurant,Bar",COMFORT_ROOM,ROOM_ONLY,375,Geneva,city,2.4,3,1,10,61,FALSE,Spring,FALSE,FALSE,6.4,0.9,10.1,0.7,0,3.7,FALSE,IHG (InterContinental),TRUE
02.03.2026,Monday,Genf,RTGVAGAR,ibis Geneve Centre Gare,148.68,CHF,3.3,"Marktplatz 70, Genf",GVA,46.20765,6.13827,0.52,"WiFi,24h Reception,Luggage Storage",STANDARD_ROOM,ROOM_ONLY,375,Geneva,city,4.1,3,1,10,61,FALSE,Spring,FALSE,FALSE,8.1,2.4,12.4,5.1,0,3.4,FALSE,Accor (ibis),TRUE
02.03.2026,Monday,Genf,RTGVARES,Résidence Studio Genève Centre,143.22,CHF,2.8,"Kirchgasse 85, Genf",GVA,46.2117,6.14696,0.86,"WiFi,Gym,Pool,Spa",STANDARD_ROOM,ROOM_ONLY,375,Geneva,city,4.1,3,1,10,61,FALSE,Spring,FALSE,FALSE,4.1,-1.3,9.7,2.2,0,5.1,FALSE,Independent,FALSE
02.03.2026,Monday,Interlaken,BWZRH091,BEST WESTERN HOTEL ZURCHERHOF,310.62,CHF,3.8,"Hauptstrasse 54, Interlaken",ZRH,47.37503,8.54445,92.36,"WiFi,24h Reception,Luggage Storage",STANDARD_ROOM,BREAKFAST,570,Bern,mountain_resort,10,3,1,10,61,FALSE,Spring,FALSE,FALSE,4.3,-2.6,9,2.8,0,5,TRUE,Best Western,TRUE
02.03.2026,Monday,Interlaken,MCZRHDTM,Zurich Marriott Hotel,465.79,CHF,4.4,"Bahnhofstrasse 39, Interlaken",ZRH,47.38247,8.54026,92.87,"WiFi,Gym,Pool,Spa",STANDARD_ROOM,ROOM_ONLY,570,Bern,mountain_resort,9.2,3,1,10,61,FALSE,Spring,FALSE,FALSE,3.8,-1.2,10.2,2.6,0,3.4,TRUE,Marriott,TRUE
02.03.2026,Monday,Interlaken,ONZRHCTY,HOTEL CITY,252.66,CHF,4.2,"Poststrasse 64, Interlaken",ZRH,47.37474,8.53611,91.98,"WiFi,Gym,Pool,Spa",BUDGET_ROOM,ROOM_ONLY,570,Bern,mountain_resort,10.1,3,1,10,61,FALSE,Spring,FALSE,FALSE,7.4,2.6,11.8,1.7,0,3.1,TRUE,Independent,FALSE
02.03.2026,Monday,Interlaken,XKZRH001,Hotel du Lac,136.2,CHF,2.7,"Bahnhofstrasse 81, Interlaken",ZRH,47.36649,8.53675,91.25,"WiFi,24h Reception,Luggage Storage",STANDARD_ROOM,BREAKFAST,570,Bern,mountain_resort,11,3,1,10,61,FALSE,Spring,FALSE,FALSE,3.3,-0.2,10.2,4.4,0,6.6,TRUE,Independent,FALSE
02.03.2026,Monday,Lausanne,ICGVAICA,INTERCONTINENTAL GENEVA,415.99,CHF,4.6,"Hauptstrasse 86, Lausanne",GVA,46.22461,6.13268,50.46,"WiFi,Parking,Restaurant,Bar",COMFORT_ROOM,ROOM_ONLY,495,Vaud,city,2.4,3,1,10,61,FALSE,Spring,FALSE,FALSE,5.1,-1.7,9,1.2,0,4,FALSE,IHG (InterContinental),TRUE
02.03.2026,Monday,Lausanne,RTGVAGAR,ibis Geneve Centre Gare,154.83,CHF,3.3,"Kirchgasse 44, Lausanne",GVA,46.20765,6.13827,51.39,"WiFi,Parking,Restaurant,Bar",STANDARD_ROOM,ROOM_ONLY,495,Vaud,city,4.1,3,1,10,61,FALSE,Spring,FALSE,FALSE,8.9,5.3,15.6,4.3,0,5.9,FALSE,Accor (ibis),TRUE
02.03.2026,Monday,Lausanne,RTGVARES,Résidence Studio Genève Centre,142.72,CHF,3.3,"Kirchgasse 17, Lausanne",GVA,46.2117,6.14696,50.59,"WiFi,Gym,Pool,Spa",STANDARD_ROOM,ROOM_ONLY,495,Vaud,city,4.1,3,1,10,61,FALSE,Spring,FALSE,FALSE,3.9,-1.9,8.8,3.2,0,3,FALSE,Independent,FALSE
02.03.2026,Monday,Luzern,BWZRH091,BEST WESTERN HOTEL ZURCHERHOF,236,CHF,3.8,"Marktplatz 27, Luzern",ZRH,47.37503,8.54445,40.25,"WiFi,Parking,Restaurant,Bar",STANDARD_ROOM,BREAKFAST,435,Lucerne,city,10,3,1,10,61,FALSE,Spring,FALSE,FALSE,9.6,2.6,16.5,0,0,4.8,FALSE,Best Western,TRUE
02.03.2026,Monday,Luzern,MCZRHDTM,Zurich Marriott Hotel,365.77,CHF,4.5,"Kirchgasse 83, Luzern",ZRH,47.38247,8.54026,40.86,"WiFi,24h Reception,Luggage Storage",STANDARD_ROOM,ROOM_ONLY,435,Lucerne,city,9.2,3,1,10,61,FALSE,Spring,FALSE,FALSE,7.3,2.1,10.9,0,0,2.9,FALSE,Marriott,TRUE
02.03.2026,Monday,Luzern,ONZRHCTY,HOTEL CITY,196.75,CHF,3.4,"Marktplatz 10, Luzern",ZRH,47.37474,8.53611,39.95,"WiFi,Gym,Pool,Spa",BUDGET_ROOM,ROOM_ONLY,435,Lucerne,city,10.1,3,1,10,61,FALSE,Spring,FALSE,FALSE,6.2,-0.2,10.7,0.3,0,4.2,FALSE,Independent,FALSE
02.03.2026,Monday,Luzern,XKZRH001,Hotel du Lac,103.67,CHF,3.2,"Hauptstrasse 99, Luzern",ZRH,47.36649,8.53675,39.14,"WiFi,Parking,Breakfast",STANDARD_ROOM,BREAKFAST,435,Lucerne,city,11,3,1,10,61,FALSE,Spring,FALSE,FALSE,8.5,1.7,12.4,2.8,0,6.6,FALSE,Independent,FALSE
02.03.2026,Monday,St. Gallen,BWZRH091,BEST WESTERN HOTEL ZURCHERHOF,258.7,CHF,4.2,"Marktplatz 19, St. Gallen",ZRH,47.37503,8.54445,62.88,"WiFi,Restaurant,Room Service",STANDARD_ROOM,BREAKFAST,675,St. Gallen,city,10,3,1,10,61,FALSE,Spring,FALSE,FALSE,6.4,3.1,10.9,4.5,0,6.6,FALSE,Best Western,TRUE
02.03.2026,Monday,St. Gallen,MCZRHDTM,Zurich Marriott Hotel,405.03,CHF,4.3,"Bahnhofstrasse 50, St. Gallen",ZRH,47.38247,8.54026,63.12,"WiFi,Parking,Restaurant,Bar",STANDARD_ROOM,ROOM_ONLY,675,St. Gallen,city,9.2,3,1,10,61,FALSE,Spring,FALSE,FALSE,7.4,4.4,12.3,0.9,0,5.6,FALSE,Marriott,TRUE
02.03.2026,Monday,St. Gallen,ONZRHCTY,HOTEL CITY,219.72,CHF,3.7,"Poststrasse 19, St. Gallen",ZRH,47.37474,8.53611,63.51,"WiFi,Parking,Breakfast",BUDGET_ROOM,ROOM_ONLY,675,St. Gallen,city,10.1,3,1,10,61,FALSE,Spring,FALSE,FALSE,5.8,2.4,10.2,0.4,0,4.2,FALSE,Independent,FALSE
02.03.2026,Monday,St. Gallen,XKZRH001,Hotel du Lac,110.36,CHF,3,"Bahnhofstrasse 4, St. Gallen",ZRH,47.36649,8.53675,63.55,"WiFi,Parking,Restaurant,Bar",STANDARD_ROOM,BREAKFAST,675,St. Gallen,city,11,3,1,10,61,FALSE,Spring,FALSE,FALSE,7.3,3.4,12.3,0.3,0,4,FALSE,Independent,FALSE
02.03.2026,Monday,St. Moritz,BWZRH091,BEST WESTERN HOTEL ZURCHERHOF,246.96,CHF,3.8,"Kirchgasse 66, St. Moritz",ZRH,47.37503,8.54445,138.28,"WiFi,Restaurant,Room Service",STANDARD_ROOM,BREAKFAST,1856,Graubuenden,alpine_ski_resort,10,3,1,10,61,FALSE,Spring,FALSE,FALSE,0.3,-4.8,3.7,5.6,141,4.5,TRUE,Best Western,TRUE
02.03.2026,Monday,St. Moritz,MCZRHDTM,Zurich Marriott Hotel,390.87,CHF,4.3,"Marktplatz 96, St. Moritz",ZRH,47.38247,8.54026,139.08,"WiFi,Restaurant,Room Service",STANDARD_ROOM,ROOM_ONLY,1856,Graubuenden,alpine_ski_resort,9.2,3,1,10,61,FALSE,Spring,FALSE,FALSE,0.5,-5.9,4.7,0,119,6.3,TRUE,Marriott,TRUE
02.03.2026,Monday,St. Moritz,ONZRHCTY,HOTEL CITY,212.3,CHF,3.4,"Kirchgasse 54, St. Moritz",ZRH,47.37474,8.53611,138.7,"WiFi,Parking,Restaurant,Bar",BUDGET_ROOM,ROOM_ONLY,1856,Graubuenden,alpine_ski_resort,10.1,3,1,10,61,FALSE,Spring,FALSE,FALSE,-0.5,-6.3,2.7,0,54,6.6,TRUE,Independent,FALSE
02.03.2026,Monday,St. Moritz,XKZRH001,Hotel du Lac,107,CHF,3.2,"Poststrasse 81, St. Moritz",ZRH,47.36649,8.53675,138.03,"WiFi,Gym,Pool,Spa",STANDARD_ROOM,BREAKFAST,1856,Graubuenden,alpine_ski_resort,11,3,1,10,61,FALSE,Spring,FALSE,FALSE,-1.4,-4.6,3.1,1.4,160,4.6,TRUE,Independent,FALSE
02.03.2026,Monday,Winterthur,BWZRH091,BEST WESTERN HOTEL ZURCHERHOF,264.65,CHF,3.7,"Kirchgasse 16, Winterthur",ZRH,47.37503,8.54445,20.79,"WiFi,24h Reception,Luggage Storage",STANDARD_ROOM,BREAKFAST,439,Zurich,city,10,3,1,10,61,FALSE,Spring,FALSE,FALSE,7.8,2.4,13.1,3.6,0,6.5,FALSE,Best Western,TRUE
02.03.2026,Monday,Winterthur,MCZRHDTM,Zurich Marriott Hotel,395.82,CHF,4.2,"Poststrasse 2, Winterthur",ZRH,47.38247,8.54026,20.48,"WiFi,Restaurant,Room Service",STANDARD_ROOM,ROOM_ONLY,439,Zurich,city,9.2,3,1,10,61,FALSE,Spring,FALSE,FALSE,6.9,3.3,13.9,2.1,0,6.4,FALSE,Marriott,TRUE
02.03.2026,Monday,Winterthur,ONZRHCTY,HOTEL CITY,233.1,CHF,4.2,"Bahnhofstrasse 77, Winterthur",ZRH,47.37474,8.53611,21.28,"WiFi,24h Reception,Luggage Storage",BUDGET_ROOM,ROOM_ONLY,439,Zurich,city,10.1,3,1,10,61,FALSE,Spring,FALSE,FALSE,9.5,3.5,14.2,0,0,4.6,FALSE,Independent,FALSE
02.03.2026,Monday,Winterthur,XKZRH001,Hotel du Lac,109.41,CHF,3.2,"Hauptstrasse 33, Winterthur",ZRH,47.36649,8.53675,21.86,"WiFi,Parking,Restaurant,Bar",STANDARD_ROOM,BREAKFAST,439,Zurich,city,11,3,1,10,61,FALSE,Spring,FALSE,FALSE,9.4,5.3,15.9,0,0,6.3,FALSE,Independent,FALSE
02.03.2026,Monday,Zermatt,BWZRH091,BEST WESTERN HOTEL ZURCHERHOF,249.55,CHF,4.2,"Poststrasse 66, Zermatt",ZRH,47.37503,8.54445,162.35,"WiFi,Parking,Breakfast",STANDARD_ROOM,BREAKFAST,1620,Valais,alpine_ski_resort,10,3,1,10,61,FALSE,Spring,FALSE,FALSE,1.4,-5.2,7.1,0,93,3.1,TRUE,Best Western,TRUE
02.03.2026,Monday,Zermatt,MCZRHDTM,Zurich Marriott Hotel,364.5,CHF,4.3,"Poststrasse 77, Zermatt",ZRH,47.38247,8.54026,163,"WiFi,Parking,Breakfast",STANDARD_ROOM,ROOM_ONLY,1620,Valais,alpine_ski_resort,9.2,3,1,10,61,FALSE,Spring,FALSE,FALSE,0,-3.7,6.7,3,104,4.7,TRUE,Marriott,TRUE
02.03.2026,Monday,Zermatt,ONZRHCTY,HOTEL CITY,205.03,CHF,3.5,"Kirchgasse 37, Zermatt",ZRH,47.37474,8.53611,162.08,"WiFi,Restaurant,Room Service",BUDGET_ROOM,ROOM_ONLY,1620,Valais,alpine_ski_resort,10.1,3,1,10,61,FALSE,Spring,FALSE,FALSE,-0.3,-6.3,5.3,2.7,60,2.9,TRUE,Independent,FALSE
02.03.2026,Monday,Zermatt,XKZRH001,Hotel du Lac,107.16,CHF,3.1,"Hauptstrasse 51, Zermatt",ZRH,47.36649,8.53675,161.25,"WiFi,Parking,Restaurant,Bar",STANDARD_ROOM,BREAKFAST,1620,Valais,alpine_ski_resort,11,3,1,10,61,FALSE,Spring,FALSE,FALSE,-0.2,-3.4,4,0.1,94,3.6,TRUE,Independent,FALSE
02.03.2026,Monday,Zuerich,BWZRH091,BEST WESTERN HOTEL ZURCHERHOF,260,CHF,3.7,"Marktplatz 76, Zuerich",ZRH,47.37503,8.54445,0.29,"WiFi,Parking,Breakfast",STANDARD_ROOM,BREAKFAST,408,Zurich,city,10,3,1,10,61,FALSE,Spring,FALSE,FALSE,7.5,2.9,12.4,0.9,0,5.7,FALSE,Best Western,TRUE
02.03.2026,Monday,Zuerich,MCZRHDTM,Zurich Marriott Hotel,413.54,CHF,4.3,"Bahnhofstrasse 79, Zuerich",ZRH,47.38247,8.54026,0.63,"WiFi,24h Reception,Luggage Storage",STANDARD_ROOM,ROOM_ONLY,408,Zurich,city,9.2,3,1,10,61,FALSE,Spring,FALSE,FALSE,7.9,1.1,12.8,4.7,0,4.3,FALSE,Marriott,TRUE
02.03.2026,Monday,Zuerich,ONZRHCTY,HOTEL CITY,222.27,CHF,3.6,"Hauptstrasse 44, Zuerich",ZRH,47.37474,8.53611,0.48,"WiFi,Parking,Restaurant,Bar",BUDGET_ROOM,ROOM_ONLY,408,Zurich,city,10.1,3,1,10,61,FALSE,Spring,FALSE,FALSE,5.5,0.6,10.4,0,0,2.7,FALSE,Independent,FALSE
02.03.2026,Monday,Zuerich,XKZRH001,Hotel du Lac,112.59,CHF,3.1,"Marktplatz 59, Zuerich",ZRH,47.36649,8.53675,1.22,"WiFi,24h Reception,Luggage Storage",STANDARD_ROOM,BREAKFAST,408,Zurich,city,11,3,1,10,61,FALSE,Spring,FALSE,FALSE,7.3,2,12.4,0,0,5.1,FALSE,Independent,FALSE
09.03.2026,Monday,Arosa,BWZRH091,BEST WESTERN HOTEL ZURCHERHOF,226.41,CHF,3.4,"Poststrasse 42, Arosa",ZRH,47.37503,8.54445,107.47,"WiFi,24h Reception,Luggage Storage",STANDARD_ROOM,BREAKFAST,1775,Graubuenden,alpine_ski_resort,10,3,1,11,68,FALSE,Spring,FALSE,FALSE,-2.4,-7.2,2.6,0.9,131,3.9,TRUE,Best Western,TRUE
09.03.2026,Monday,Arosa,MCZRHDTM,Zurich Marriott Hotel,361.97,CHF,4.6,"Poststrasse 66, Arosa",ZRH,47.38247,8.54026,108.23,"WiFi,Gym,Pool,Spa",DELUXE_ROOM,ROOM_ONLY,1775,Graubuenden,alpine_ski_resort,9.2,3,1,11,68,FALSE,Spring,FALSE,FALSE,-0.1,-6,6.4,3.1,142,4,TRUE,Marriott,TRUE
09.03.2026,Monday,Arosa,ONZRHCTY,HOTEL CITY,182.63,CHF,3.7,"Kirchgasse 33, Arosa",ZRH,47.37474,8.53611,107.95,"WiFi,Parking,Restaurant,Bar",BUDGET_ROOM,ROOM_ONLY,1775,Graubuenden,alpine_ski_resort,10.1,3,1,11,68,FALSE,Spring,FALSE,FALSE,-2.6,-8.8,3.5,4.1,145,4.5,TRUE,Independent,FALSE
09.03.2026,Monday,Arosa,XKZRH001,Hotel du Lac,90.77,CHF,3.2,"Marktplatz 66, Arosa",ZRH,47.36649,8.53675,107.36,"WiFi,Restaurant,Room Service",STANDARD_ROOM,BREAKFAST,1775,Graubuenden,alpine_ski_resort,11,3,1,11,68,FALSE,Spring,FALSE,FALSE,-0.2,-4.3,5.6,1.3,110,6,TRUE,Independent,FALSE
09.03.2026,Monday,Basel,RTBSLBAH,ibis Basel Bahnhof,111.1,CHF,3.3,"Poststrasse 12, Basel",BSL,47.54683,7.58427,1.46,"WiFi,Restaurant,Room Service",STANDARD_ROOM,ROOM_ONLY,260,Basel-Stadt,city,7.2,3,1,11,68,FALSE,Spring,FALSE,FALSE,8.9,4.4,13.7,2.1,0,4.4,FALSE,Accor (ibis),TRUE
09.03.2026,Monday,Bern,BWBRN230,Best Western Plus Hotel Bern,214.68,CHF,3.4,"Poststrasse 64, Bern",BRN,46.94877,7.44633,0.12,"WiFi,24h Reception,Luggage Storage",STANDARD_ROOM,ROOM_ONLY,542,Bern,city,5.5,3,1,11,68,FALSE,Spring,FALSE,FALSE,8.2,1.8,13.5,3.8,0,4.5,FALSE,Best Western,TRUE
09.03.2026,Monday,Chur,BWZRH091,BEST WESTERN HOTEL ZURCHERHOF,261.72,CHF,3.8,"Kirchgasse 14, Chur",ZRH,47.37503,8.54445,94.9,"WiFi,Parking,Breakfast",STANDARD_ROOM,BREAKFAST,593,Graubuenden,city,10,3,1,11,68,FALSE,Spring,FALSE,FALSE,7,1.3,13.7,3.1,0,4.1,FALSE,Best Western,TRUE
09.03.2026,Monday,Chur,MCZRHDTM,Zurich Marriott Hotel,425.43,CHF,4.6,"Kirchgasse 50, Chur",ZRH,47.38247,8.54026,95.65,"WiFi,Restaurant,Room Service",DELUXE_ROOM,ROOM_ONLY,593,Graubuenden,city,9.2,3,1,11,68,FALSE,Spring,FALSE,FALSE,5.7,-0.2,12.4,3.6,0,5.5,FALSE,Marriott,TRUE
09.03.2026,Monday,Chur,ONZRHCTY,HOTEL CITY,227.8,CHF,3.8,"Hauptstrasse 26, Chur",ZRH,47.37474,8.53611,95.38,"WiFi,Restaurant,Room Service",BUDGET_ROOM,ROOM_ONLY,593,Graubuenden,city,10.1,3,1,11,68,FALSE,Spring,FALSE,FALSE,6.3,3.2,11.5,0.6,0,4.2,FALSE,Independent,FALSE
09.03.2026,Monday,Chur,XKZRH001,Hotel du Lac,109.82,CHF,3.3,"Marktplatz 80, Chur",ZRH,47.36649,8.53675,94.78,"WiFi,24h Reception,Luggage Storage",STANDARD_ROOM,BREAKFAST,593,Graubuenden,city,11,3,1,11,68,FALSE,Spring,FALSE,FALSE,8.2,4.2,13.3,0.7,0,6.9,FALSE,Independent,FALSE
09.03.2026,Monday,Genf,ICGVAICA,INTERCONTINENTAL GENEVA,416.39,CHF,4.6,"Marktplatz 91, Genf",GVA,46.22461,6.13268,2.39,"WiFi,Parking,Restaurant,Bar",COMFORT_ROOM,ROOM_ONLY,375,Geneva,city,2.4,3,1,11,68,FALSE,Spring,FALSE,FALSE,10.4,6.1,15.1,2.5,0,6.6,FALSE,IHG (InterContinental),TRUE
09.03.2026,Monday,Genf,RTGVAGAR,ibis Geneve Centre Gare,142.43,CHF,2.7,"Hauptstrasse 81, Genf",GVA,46.20765,6.13827,0.52,"WiFi,Gym,Pool,Spa",STANDARD_ROOM,ROOM_ONLY,375,Geneva,city,4.1,3,1,11,68,FALSE,Spring,FALSE,FALSE,8,4.1,14.6,0,0,5.6,FALSE,Accor (ibis),TRUE
09.03.2026,Monday,Genf,RTGVARES,Résidence Studio Genève Centre,144.42,CHF,3.1,"Marktplatz 8, Genf",GVA,46.2117,6.14696,0.86,"WiFi,Parking,Restaurant,Bar",STANDARD_ROOM,ROOM_ONLY,375,Geneva,city,4.1,3,1,11,68,FALSE,Spring,FALSE,FALSE,10,6.8,16.2,2.4,0,6.3,FALSE,Independent,FALSE
09.03.2026,Monday,Interlaken,BWZRH091,BEST WESTERN HOTEL ZURCHERHOF,289.99,CHF,4,"Hauptstrasse 78, Interlaken",ZRH,47.37503,8.54445,92.36,"WiFi,Parking,Breakfast",STANDARD_ROOM,BREAKFAST,570,Bern,mountain_resort,10,3,1,11,68,FALSE,Spring,FALSE,FALSE,8.2,4,14.9,2.3,0,5.1,TRUE,Best Western,TRUE
09.03.2026,Monday,Interlaken,MCZRHDTM,Zurich Marriott Hotel,497.88,CHF,4.5,"Marktplatz 46, Interlaken",ZRH,47.38247,8.54026,92.87,"WiFi,Parking,Restaurant,Bar",DELUXE_ROOM,ROOM_ONLY,570,Bern,mountain_resort,9.2,3,1,11,68,FALSE,Spring,FALSE,FALSE,4.9,1.4,10.9,2.6,0,5.4,TRUE,Marriott,TRUE
09.03.2026,Monday,Interlaken,ONZRHCTY,HOTEL CITY,259.73,CHF,4,"Bahnhofstrasse 70, Interlaken",ZRH,47.37474,8.53611,91.98,"WiFi,24h Reception,Luggage Storage",BUDGET_ROOM,ROOM_ONLY,570,Bern,mountain_resort,10.1,3,1,11,68,FALSE,Spring,FALSE,FALSE,5.2,-1.6,9.5,0.7,0,5.9,TRUE,Independent,FALSE
09.03.2026,Monday,Interlaken,XKZRH001,Hotel du Lac,131.06,CHF,3,"Hauptstrasse 25, Interlaken",ZRH,47.36649,8.53675,91.25,"WiFi,Parking,Breakfast",STANDARD_ROOM,BREAKFAST,570,Bern,mountain_resort,11,3,1,11,68,FALSE,Spring,FALSE,FALSE,8.5,5.2,12,3.8,0,6.7,TRUE,Independent,FALSE
09.03.2026,Monday,Lausanne,ICGVAICA,INTERCONTINENTAL GENEVA,453.69,CHF,4.4,"Poststrasse 94, Lausanne",GVA,46.22461,6.13268,50.46,"WiFi,Restaurant,Room Service",COMFORT_ROOM,ROOM_ONLY,495,Vaud,city,2.4,3,1,11,68,FALSE,Spring,FALSE,FALSE,8.1,1.4,11.5,1.6,0,6.7,FALSE,IHG (InterContinental),TRUE
09.03.2026,Monday,Lausanne,RTGVAGAR,ibis Geneve Centre Gare,147.05,CHF,2.7,"Marktplatz 71, Lausanne",GVA,46.20765,6.13827,51.39,"WiFi,Parking,Breakfast",STANDARD_ROOM,ROOM_ONLY,495,Vaud,city,4.1,3,1,11,68,FALSE,Spring,FALSE,FALSE,5.4,2,9.1,0,0,3.6,FALSE,Accor (ibis),TRUE
09.03.2026,Monday,Lausanne,RTGVARES,Résidence Studio Genève Centre,145.04,CHF,2.8,"Poststrasse 34, Lausanne",GVA,46.2117,6.14696,50.59,"WiFi,24h Reception,Luggage Storage",STANDARD_ROOM,ROOM_ONLY,495,Vaud,city,4.1,3,1,11,68,FALSE,Spring,FALSE,FALSE,9.2,2.7,14.2,1.8,0,5.6,FALSE,Independent,FALSE
09.03.2026,Monday,Luzern,BWZRH091,BEST WESTERN HOTEL ZURCHERHOF,237.57,CHF,3.7,"Poststrasse 36, Luzern",ZRH,47.37503,8.54445,40.25,"WiFi,24h Reception,Luggage Storage",STANDARD_ROOM,BREAKFAST,435,Lucerne,city,10,3,1,11,68,FALSE,Spring,FALSE,FALSE,7.9,4.2,12.3,3.3,0,7.1,FALSE,Best Western,TRUE
09.03.2026,Monday,Luzern,MCZRHDTM,Zurich Marriott Hotel,394.45,CHF,4.2,"Hauptstrasse 5, Luzern",ZRH,47.38247,8.54026,40.86,"WiFi,Parking,Breakfast",DELUXE_ROOM,ROOM_ONLY,435,Lucerne,city,9.2,3,1,11,68,FALSE,Spring,FALSE,FALSE,7.4,0.7,12.1,0,0,6.4,FALSE,Marriott,TRUE
09.03.2026,Monday,Luzern,ONZRHCTY,HOTEL CITY,197.68,CHF,3.5,"Poststrasse 41, Luzern",ZRH,47.37474,8.53611,39.95,"WiFi,24h Reception,Luggage Storage",BUDGET_ROOM,ROOM_ONLY,435,Lucerne,city,10.1,3,1,11,68,FALSE,Spring,FALSE,FALSE,8.3,3.5,12.4,2.2,0,7,FALSE,Independent,FALSE
09.03.2026,Monday,Luzern,XKZRH001,Hotel du Lac,101.03,CHF,2.8,"Hauptstrasse 5, Luzern",ZRH,47.36649,8.53675,39.14,"WiFi,24h Reception,Luggage Storage",STANDARD_ROOM,BREAKFAST,435,Lucerne,city,11,3,1,11,68,FALSE,Spring,FALSE,FALSE,9.7,3.2,15.4,0.3,0,5.7,FALSE,Independent,FALSE
09.03.2026,Monday,St. Gallen,BWZRH091,BEST WESTERN HOTEL ZURCHERHOF,268.29,CHF,4.3,"Marktplatz 49, St. Gallen",ZRH,47.37503,8.54445,62.88,"WiFi,Gym,Pool,Spa",STANDARD_ROOM,BREAKFAST,675,St. Gallen,city,10,3,1,11,68,FALSE,Spring,FALSE,FALSE,6.7,3.2,13.4,1.9,0,4.9,FALSE,Best Western,TRUE
09.03.2026,Monday,St. Gallen,MCZRHDTM,Zurich Marriott Hotel,444.55,CHF,4.5,"Poststrasse 97, St. Gallen",ZRH,47.38247,8.54026,63.12,"WiFi,Gym,Pool,Spa",DELUXE_ROOM,ROOM_ONLY,675,St. Gallen,city,9.2,3,1,11,68,FALSE,Spring,FALSE,FALSE,6.1,0,12.4,0,0,6.9,FALSE,Marriott,TRUE
09.03.2026,Monday,St. Gallen,ONZRHCTY,HOTEL CITY,220.79,CHF,3.8,"Bahnhofstrasse 58, St. Gallen",ZRH,47.37474,8.53611,63.51,"WiFi,Gym,Pool,Spa",BUDGET_ROOM,ROOM_ONLY,675,St. Gallen,city,10.1,3,1,11,68,FALSE,Spring,FALSE,FALSE,6.9,0,10.7,5.2,0,6.7,FALSE,Independent,FALSE
09.03.2026,Monday,St. Gallen,XKZRH001,Hotel du Lac,110.9,CHF,3.3,"Hauptstrasse 22, St. Gallen",ZRH,47.36649,8.53675,63.55,"WiFi,Restaurant,Room Service",STANDARD_ROOM,BREAKFAST,675,St. Gallen,city,11,3,1,11,68,FALSE,Spring,FALSE,FALSE,6.5,3.2,11.3,3.7,0,6.4,FALSE,Independent,FALSE
09.03.2026,Monday,St. Moritz,BWZRH091,BEST WESTERN HOTEL ZURCHERHOF,221.13,CHF,3.2,"Marktplatz 83, St. Moritz",ZRH,47.37503,8.54445,138.28,"WiFi,Restaurant,Room Service",STANDARD_ROOM,BREAKFAST,1856,Graubuenden,alpine_ski_resort,10,3,1,11,68,FALSE,Spring,FALSE,FALSE,-1,-6.9,2,3.4,87,5.8,TRUE,Best Western,TRUE
09.03.2026,Monday,St. Moritz,MCZRHDTM,Zurich Marriott Hotel,376.21,CHF,4.3,"Kirchgasse 66, St. Moritz",ZRH,47.38247,8.54026,139.08,"WiFi,24h Reception,Luggage Storage",DELUXE_ROOM,ROOM_ONLY,1856,Graubuenden,alpine_ski_resort,9.2,3,1,11,68,FALSE,Spring,FALSE,FALSE,-1.9,-8.7,4.2,2.8,122,3.4,TRUE,Marriott,TRUE
09.03.2026,Monday,St. Moritz,ONZRHCTY,HOTEL CITY,189.3,CHF,3.3,"Kirchgasse 80, St. Moritz",ZRH,47.37474,8.53611,138.7,"WiFi,Parking,Breakfast",BUDGET_ROOM,ROOM_ONLY,1856,Graubuenden,alpine_ski_resort,10.1,3,1,11,68,FALSE,Spring,FALSE,FALSE,-2.1,-5.5,2.1,0,137,7,TRUE,Independent,FALSE
09.03.2026,Monday,St. Moritz,XKZRH001,Hotel du Lac,93.56,CHF,2.7,"Marktplatz 6, St. Moritz",ZRH,47.36649,8.53675,138.03,"WiFi,Parking,Breakfast",STANDARD_ROOM,BREAKFAST,1856,Graubuenden,alpine_ski_resort,11,3,1,11,68,FALSE,Spring,FALSE,FALSE,1.5,-2,6.8,1.6,117,4.5,TRUE,Independent,FALSE
09.03.2026,Monday,Winterthur,BWZRH091,BEST WESTERN HOTEL ZURCHERHOF,249.45,CHF,4.2,"Bahnhofstrasse 73, Winterthur",ZRH,47.37503,8.54445,20.79,"WiFi,Restaurant,Room Service",STANDARD_ROOM,BREAKFAST,439,Zurich,city,10,3,1,11,68,FALSE,Spring,FALSE,FALSE,10.4,5.4,15.1,1.5,0,4.1,FALSE,Best Western,TRUE
09.03.2026,Monday,Winterthur,MCZRHDTM,Zurich Marriott Hotel,436.23,CHF,4.3,"Bahnhofstrasse 54, Winterthur",ZRH,47.38247,8.54026,20.48,"WiFi,Parking,Breakfast",DELUXE_ROOM,ROOM_ONLY,439,Zurich,city,9.2,3,1,11,68,FALSE,Spring,FALSE,FALSE,5.8,0.3,12.1,4.2,0,6.5,FALSE,Marriott,TRUE
09.03.2026,Monday,Winterthur,ONZRHCTY,HOTEL CITY,215.49,CHF,3.6,"Poststrasse 90, Winterthur",ZRH,47.37474,8.53611,21.28,"WiFi,Restaurant,Room Service",BUDGET_ROOM,ROOM_ONLY,439,Zurich,city,10.1,3,1,11,68,FALSE,Spring,FALSE,FALSE,6.5,2.9,13.3,2.8,0,5.8,FALSE,Independent,FALSE
09.03.2026,Monday,Winterthur,XKZRH001,Hotel du Lac,107.35,CHF,2.7,"Hauptstrasse 63, Winterthur",ZRH,47.36649,8.53675,21.86,"WiFi,24h Reception,Luggage Storage",STANDARD_ROOM,BREAKFAST,439,Zurich,city,11,3,1,11,68,FALSE,Spring,FALSE,FALSE,7.4,0.7,12.8,2.1,0,4.2,FALSE,Independent,FALSE
09.03.2026,Monday,Zermatt,BWZRH091,BEST WESTERN HOTEL ZURCHERHOF,211.61,CHF,3.6,"Marktplatz 28, Zermatt",ZRH,47.37503,8.54445,162.35,"WiFi,Parking,Restaurant,Bar",STANDARD_ROOM,BREAKFAST,1620,Valais,alpine_ski_resort,10,3,1,11,68,FALSE,Spring,FALSE,FALSE,-2.3,-7.5,0.7,2,76,5.3,TRUE,Best Western,TRUE
09.03.2026,Monday,Zermatt,MCZRHDTM,Zurich Marriott Hotel,371.64,CHF,4.2,"Bahnhofstrasse 47, Zermatt",ZRH,47.38247,8.54026,163,"WiFi,Restaurant,Room Service",DELUXE_ROOM,ROOM_ONLY,1620,Valais,alpine_ski_resort,9.2,3,1,11,68,FALSE,Spring,FALSE,FALSE,-0.4,-3.6,4,3,150,4,TRUE,Marriott,TRUE
09.03.2026,Monday,Zermatt,ONZRHCTY,HOTEL CITY,183.62,CHF,3.6,"Bahnhofstrasse 96, Zermatt",ZRH,47.37474,8.53611,162.08,"WiFi,Parking,Breakfast",BUDGET_ROOM,ROOM_ONLY,1620,Valais,alpine_ski_resort,10.1,3,1,11,68,FALSE,Spring,FALSE,FALSE,-1,-7.9,3.2,2.4,104,3.2,TRUE,Independent,FALSE
09.03.2026,Monday,Zermatt,XKZRH001,Hotel du Lac,96.1,CHF,3.3,"Poststrasse 49, Zermatt",ZRH,47.36649,8.53675,161.25,"WiFi,Gym,Pool,Spa",STANDARD_ROOM,BREAKFAST,1620,Valais,alpine_ski_resort,11,3,1,11,68,FALSE,Spring,FALSE,FALSE,-1.7,-4.9,1.8,3.1,121,6.9,TRUE,Independent,FALSE
09.03.2026,Monday,Zuerich,BWZRH091,BEST WESTERN HOTEL ZURCHERHOF,266.99,CHF,4,"Poststrasse 83, Zuerich",ZRH,47.37503,8.54445,0.29,"WiFi,Parking,Breakfast",STANDARD_ROOM,BREAKFAST,408,Zurich,city,10,3,1,11,68,FALSE,Spring,FALSE,FALSE,9.8,5.5,14.8,2.4,0,5.6,FALSE,Best Western,TRUE
09.03.2026,Monday,Zuerich,MCZRHDTM,Zurich Marriott Hotel,446.06,CHF,4.6,"Hauptstrasse 15, Zuerich",ZRH,47.38247,8.54026,0.63,"WiFi,Parking,Restaurant,Bar",DELUXE_ROOM,ROOM_ONLY,408,Zurich,city,9.2,3,1,11,68,FALSE,Spring,FALSE,FALSE,6.4,-0.1,12,3.8,0,6,FALSE,Marriott,TRUE
09.03.2026,Monday,Zuerich,ONZRHCTY,HOTEL CITY,221.26,CHF,3.7,"Bahnhofstrasse 71, Zuerich",ZRH,47.37474,8.53611,0.48,"WiFi,Restaurant,Room Service",BUDGET_ROOM,ROOM_ONLY,408,Zurich,city,10.1,3,1,11,68,FALSE,Spring,FALSE,FALSE,8.6,4.6,15,5.7,0,4.1,FALSE,Independent,FALSE
09.03.2026,Monday,Zuerich,XKZRH001,Hotel du Lac,116.16,CHF,2.8,"Bahnhofstrasse 11, Zuerich",ZRH,47.36649,8.53675,1.22,"WiFi,Parking,Restaurant,Bar",STANDARD_ROOM,BREAKFAST,408,Zurich,city,11,3,1,11,68,FALSE,Spring,FALSE,FALSE,10,6.9,15.3,1.5,0,5.2,FALSE,Independent,FALSE
16.03.2026,Monday,Arosa,BWZRH091,BEST WESTERN HOTEL ZURCHERHOF,200.34,CHF,3.8,"Bahnhofstrasse 8, Arosa",ZRH,47.37503,8.54445,107.47,"WiFi,Gym,Pool,Spa",STANDARD_ROOM,BREAKFAST,1775,Graubuenden,alpine_ski_resort,10,3,1,12,75,FALSE,Spring,FALSE,FALSE,2.8,-1.7,6.2,0.7,172,4,TRUE,Best Western,TRUE
16.03.2026,Monday,Arosa,MCZRHDTM,Zurich Marriott Hotel,346.23,CHF,4.3,"Kirchgasse 55, Arosa",ZRH,47.38247,8.54026,108.23,"WiFi,Parking,Restaurant,Bar",DELUXE_ROOM,ROOM_ONLY,1775,Graubuenden,alpine_ski_resort,9.2,3,1,12,75,FALSE,Spring,FALSE,FALSE,2.9,-1.8,8.1,2.9,128,4.5,TRUE,Marriott,TRUE
16.03.2026,Monday,Arosa,ONZRHCTY,HOTEL CITY,171.8,CHF,3.7,"Kirchgasse 55, Arosa",ZRH,47.37474,8.53611,107.95,"WiFi,Parking,Breakfast",BUDGET_ROOM,ROOM_ONLY,1775,Graubuenden,alpine_ski_resort,10.1,3,1,12,75,FALSE,Spring,FALSE,FALSE,3.3,-1.7,8.9,5.1,110,7.6,TRUE,Independent,FALSE
16.03.2026,Monday,Arosa,XKZRH001,Hotel du Lac,85.15,CHF,2.7,"Poststrasse 94, Arosa",ZRH,47.36649,8.53675,107.36,"WiFi,24h Reception,Luggage Storage",STANDARD_ROOM,BREAKFAST,1775,Graubuenden,alpine_ski_resort,11,3,1,12,75,FALSE,Spring,FALSE,FALSE,0.8,-2.8,5.5,3,92,4.8,TRUE,Independent,FALSE
16.03.2026,Monday,Basel,RTBSLBAH,ibis Basel Bahnhof,114.84,CHF,2.9,"Hauptstrasse 62, Basel",BSL,47.54683,7.58427,1.46,"WiFi,Restaurant,Room Service",STANDARD_ROOM,ROOM_ONLY,260,Basel-Stadt,city,7.2,3,1,12,75,FALSE,Spring,FALSE,FALSE,11.8,7.2,18.1,3.9,0,7.5,FALSE,Accor (ibis),TRUE
16.03.2026,Monday,Bern,BWBRN230,Best Western Plus Hotel Bern,209.9,CHF,3.6,"Marktplatz 19, Bern",BRN,46.94877,7.44633,0.12,"WiFi,Gym,Pool,Spa",STANDARD_ROOM,ROOM_ONLY,542,Bern,city,5.5,3,1,12,75,FALSE,Spring,FALSE,FALSE,8.8,3.5,12.9,2,0,5.7,FALSE,Best Western,TRUE
16.03.2026,Monday,Chur,BWZRH091,BEST WESTERN HOTEL ZURCHERHOF,261.66,CHF,3.9,"Hauptstrasse 52, Chur",ZRH,47.37503,8.54445,94.9,"WiFi,Parking,Breakfast",STANDARD_ROOM,BREAKFAST,593,Graubuenden,city,10,3,1,12,75,FALSE,Spring,FALSE,FALSE,7.3,1.9,14.2,4,0,6.5,FALSE,Best Western,TRUE
16.03.2026,Monday,Chur,MCZRHDTM,Zurich Marriott Hotel,415.57,CHF,4.4,"Kirchgasse 55, Chur",ZRH,47.38247,8.54026,95.65,"WiFi,Parking,Breakfast",DELUXE_ROOM,ROOM_ONLY,593,Graubuenden,city,9.2,3,1,12,75,FALSE,Spring,FALSE,FALSE,7.6,3.1,11.4,0.2,0,7.6,FALSE,Marriott,TRUE
16.03.2026,Monday,Chur,ONZRHCTY,HOTEL CITY,217.07,CHF,3.2,"Poststrasse 21, Chur",ZRH,47.37474,8.53611,95.38,"WiFi,Parking,Breakfast",BUDGET_ROOM,ROOM_ONLY,593,Graubuenden,city,10.1,3,1,12,75,FALSE,Spring,FALSE,FALSE,6.8,0.4,11,2.1,0,6.6,FALSE,Independent,FALSE
16.03.2026,Monday,Chur,XKZRH001,Hotel du Lac,108.96,CHF,2.8,"Marktplatz 66, Chur",ZRH,47.36649,8.53675,94.78,"WiFi,Gym,Pool,Spa",STANDARD_ROOM,BREAKFAST,593,Graubuenden,city,11,3,1,12,75,FALSE,Spring,FALSE,FALSE,6.7,-0.2,9.8,3.3,0,7.1,FALSE,Independent,FALSE
16.03.2026,Monday,Genf,ICGVAICA,INTERCONTINENTAL GENEVA,456.42,CHF,4.3,"Bahnhofstrasse 3, Genf",GVA,46.22461,6.13268,2.39,"WiFi,Parking,Restaurant,Bar",COMFORT_ROOM,ROOM_ONLY,375,Geneva,city,2.4,3,1,12,75,FALSE,Spring,FALSE,FALSE,8.7,3.7,13.6,5.3,0,7.5,FALSE,IHG (InterContinental),TRUE
16.03.2026,Monday,Genf,RTGVAGAR,ibis Geneve Centre Gare,152.18,CHF,2.8,"Poststrasse 59, Genf",GVA,46.20765,6.13827,0.52,"WiFi,Gym,Pool,Spa",STANDARD_ROOM,ROOM_ONLY,375,Geneva,city,4.1,3,1,12,75,FALSE,Spring,FALSE,FALSE,11.8,5.1,15.6,0.3,0,7.6,FALSE,Accor (ibis),TRUE
16.03.2026,Monday,Genf,RTGVARES,Résidence Studio Genève Centre,139.15,CHF,3,"Kirchgasse 50, Genf",GVA,46.2117,6.14696,0.86,"WiFi,Parking,Breakfast",STANDARD_ROOM,ROOM_ONLY,375,Geneva,city,4.1,3,1,12,75,FALSE,Spring,FALSE,FALSE,10.6,5.8,17,1.5,0,4,FALSE,Independent,FALSE
16.03.2026,Monday,Interlaken,BWZRH091,BEST WESTERN HOTEL ZURCHERHOF,287.91,CHF,4.1,"Hauptstrasse 2, Interlaken",ZRH,47.37503,8.54445,92.36,"WiFi,Parking,Restaurant,Bar",STANDARD_ROOM,BREAKFAST,570,Bern,mountain_resort,10,3,1,12,75,FALSE,Spring,FALSE,FALSE,7.2,1.1,14.1,2.6,0,4.5,TRUE,Best Western,TRUE
16.03.2026,Monday,Interlaken,MCZRHDTM,Zurich Marriott Hotel,470.8,CHF,4.4,"Bahnhofstrasse 57, Interlaken",ZRH,47.38247,8.54026,92.87,"WiFi,Restaurant,Room Service",DELUXE_ROOM,ROOM_ONLY,570,Bern,mountain_resort,9.2,3,1,12,75,FALSE,Spring,FALSE,FALSE,10,6.1,14.9,4,0,5,TRUE,Marriott,TRUE
16.03.2026,Monday,Interlaken,ONZRHCTY,HOTEL CITY,251.53,CHF,3.9,"Poststrasse 98, Interlaken",ZRH,47.37474,8.53611,91.98,"WiFi,Parking,Restaurant,Bar",BUDGET_ROOM,ROOM_ONLY,570,Bern,mountain_resort,10.1,3,1,12,75,FALSE,Spring,FALSE,FALSE,7.3,2.7,10.4,1.4,0,6.2,TRUE,Independent,FALSE
16.03.2026,Monday,Interlaken,XKZRH001,Hotel du Lac,128.1,CHF,3.3,"Hauptstrasse 72, Interlaken",ZRH,47.36649,8.53675,91.25,"WiFi,24h Reception,Luggage Storage",STANDARD_ROOM,BREAKFAST,570,Bern,mountain_resort,11,3,1,12,75,FALSE,Spring,FALSE,FALSE,11.1,6.2,15.7,4.3,0,5.5,TRUE,Independent,FALSE
16.03.2026,Monday,Lausanne,ICGVAICA,INTERCONTINENTAL GENEVA,417.16,CHF,4.8,"Marktplatz 8, Lausanne",GVA,46.22461,6.13268,50.46,"WiFi,Restaurant,Room Service",COMFORT_ROOM,ROOM_ONLY,495,Vaud,city,2.4,3,1,12,75,FALSE,Spring,FALSE,FALSE,5.7,-0.7,12.3,0,0,6.4,FALSE,IHG (InterContinental),TRUE
16.03.2026,Monday,Lausanne,RTGVAGAR,ibis Geneve Centre Gare,145.42,CHF,3.2,"Poststrasse 48, Lausanne",GVA,46.20765,6.13827,51.39,"WiFi,Parking,Restaurant,Bar",STANDARD_ROOM,ROOM_ONLY,495,Vaud,city,4.1,3,1,12,75,FALSE,Spring,FALSE,FALSE,7.4,1,14,1.8,0,7.3,FALSE,Accor (ibis),TRUE
16.03.2026,Monday,Lausanne,RTGVARES,Résidence Studio Genève Centre,140.11,CHF,3.1,"Bahnhofstrasse 9, Lausanne",GVA,46.2117,6.14696,50.59,"WiFi,Parking,Breakfast",STANDARD_ROOM,ROOM_ONLY,495,Vaud,city,4.1,3,1,12,75,FALSE,Spring,FALSE,FALSE,10.6,7.1,13.8,1.2,0,5.5,FALSE,Independent,FALSE
16.03.2026,Monday,Luzern,BWZRH091,BEST WESTERN HOTEL ZURCHERHOF,232.18,CHF,3.8,"Hauptstrasse 63, Luzern",ZRH,47.37503,8.54445,40.25,"WiFi,24h Reception,Luggage Storage",STANDARD_ROOM,BREAKFAST,435,Lucerne,city,10,3,1,12,75,FALSE,Spring,FALSE,FALSE,7.4,2.8,11.8,4.5,0,4.4,FALSE,Best Western,TRUE
16.03.2026,Monday,Luzern,MCZRHDTM,Zurich Marriott Hotel,395.49,CHF,4.6,"Hauptstrasse 53, Luzern",ZRH,47.38247,8.54026,40.86,"WiFi,Restaurant,Room Service",DELUXE_ROOM,ROOM_ONLY,435,Lucerne,city,9.2,3,1,12,75,FALSE,Spring,FALSE,FALSE,8.7,4.4,13,0,0,5.1,FALSE,Marriott,TRUE
16.03.2026,Monday,Luzern,ONZRHCTY,HOTEL CITY,206.3,CHF,3.8,"Bahnhofstrasse 24, Luzern",ZRH,47.37474,8.53611,39.95,"WiFi,Gym,Pool,Spa",BUDGET_ROOM,ROOM_ONLY,435,Lucerne,city,10.1,3,1,12,75,FALSE,Spring,FALSE,FALSE,11.4,6.1,15,5,0,5.3,FALSE,Independent,FALSE
16.03.2026,Monday,Luzern,XKZRH001,Hotel du Lac,103.95,CHF,2.8,"Marktplatz 21, Luzern",ZRH,47.36649,8.53675,39.14,"WiFi,Gym,Pool,Spa",STANDARD_ROOM,BREAKFAST,435,Lucerne,city,11,3,1,12,75,FALSE,Spring,FALSE,FALSE,6.3,0.9,12.8,2.2,0,7.1,FALSE,Independent,FALSE
16.03.2026,Monday,St. Gallen,BWZRH091,BEST WESTERN HOTEL ZURCHERHOF,269.14,CHF,4.3,"Marktplatz 12, St. Gallen",ZRH,47.37503,8.54445,62.88,"WiFi,24h Reception,Luggage Storage",STANDARD_ROOM,BREAKFAST,675,St. Gallen,city,10,3,1,12,75,FALSE,Spring,FALSE,FALSE,8.2,1.6,11.7,1.8,0,5.6,FALSE,Best Western,TRUE
16.03.2026,Monday,St. Gallen,MCZRHDTM,Zurich Marriott Hotel,414.04,CHF,4.4,"Poststrasse 39, St. Gallen",ZRH,47.38247,8.54026,63.12,"WiFi,Parking,Breakfast",DELUXE_ROOM,ROOM_ONLY,675,St. Gallen,city,9.2,3,1,12,75,FALSE,Spring,FALSE,FALSE,4.7,-0.3,10.9,0,0,5.8,FALSE,Marriott,TRUE
16.03.2026,Monday,St. Gallen,ONZRHCTY,HOTEL CITY,224.34,CHF,3.6,"Hauptstrasse 71, St. Gallen",ZRH,47.37474,8.53611,63.51,"WiFi,Restaurant,Room Service",BUDGET_ROOM,ROOM_ONLY,675,St. Gallen,city,10.1,3,1,12,75,FALSE,Spring,FALSE,FALSE,9,2.4,15.9,2.9,0,6.9,FALSE,Independent,FALSE
16.03.2026,Monday,St. Gallen,XKZRH001,Hotel du Lac,116.43,CHF,3.1,"Marktplatz 79, St. Gallen",ZRH,47.36649,8.53675,63.55,"WiFi,Parking,Breakfast",STANDARD_ROOM,BREAKFAST,675,St. Gallen,city,11,3,1,12,75,FALSE,Spring,FALSE,FALSE,8.8,5.2,14.6,6.3,0,6.6,FALSE,Independent,FALSE
16.03.2026,Monday,St. Moritz,BWZRH091,BEST WESTERN HOTEL ZURCHERHOF,212.27,CHF,3.7,"Bahnhofstrasse 30, St. Moritz",ZRH,47.37503,8.54445,138.28,"WiFi,Parking,Breakfast",STANDARD_ROOM,BREAKFAST,1856,Graubuenden,alpine_ski_resort,10,3,1,12,75,FALSE,Spring,FALSE,FALSE,-0.1,-5.2,3.6,2.5,123,6.5,TRUE,Best Western,TRUE
16.03.2026,Monday,St. Moritz,MCZRHDTM,Zurich Marriott Hotel,349.61,CHF,3.9,"Hauptstrasse 51, St. Moritz",ZRH,47.38247,8.54026,139.08,"WiFi,Restaurant,Room Service",DELUXE_ROOM,ROOM_ONLY,1856,Graubuenden,alpine_ski_resort,9.2,3,1,12,75,FALSE,Spring,FALSE,FALSE,-2.3,-5.7,1.2,2.4,81,7.5,TRUE,Marriott,TRUE
16.03.2026,Monday,St. Moritz,ONZRHCTY,HOTEL CITY,167,CHF,3.3,"Poststrasse 67, St. Moritz",ZRH,47.37474,8.53611,138.7,"WiFi,Restaurant,Room Service",BUDGET_ROOM,ROOM_ONLY,1856,Graubuenden,alpine_ski_resort,10.1,3,1,12,75,FALSE,Spring,FALSE,FALSE,3.3,-2.6,6.9,3.8,60,5.1,TRUE,Independent,FALSE
16.03.2026,Monday,St. Moritz,XKZRH001,Hotel du Lac,83.57,CHF,3.1,"Poststrasse 88, St. Moritz",ZRH,47.36649,8.53675,138.03,"WiFi,Restaurant,Room Service",STANDARD_ROOM,BREAKFAST,1856,Graubuenden,alpine_ski_resort,11,3,1,12,75,FALSE,Spring,FALSE,FALSE,1,-4.2,5.4,0,120,6.8,TRUE,Independent,FALSE
16.03.2026,Monday,Winterthur,BWZRH091,BEST WESTERN HOTEL ZURCHERHOF,263.9,CHF,3.8,"Poststrasse 10, Winterthur",ZRH,47.37503,8.54445,20.79,"WiFi,24h Reception,Luggage Storage",STANDARD_ROOM,BREAKFAST,439,Zurich,city,10,3,1,12,75,FALSE,Spring,FALSE,FALSE,10,3.5,13.7,8.5,0,7.4,FALSE,Best Western,TRUE
16.03.2026,Monday,Winterthur,MCZRHDTM,Zurich Marriott Hotel,433.03,CHF,4.3,"Poststrasse 27, Winterthur",ZRH,47.38247,8.54026,20.48,"WiFi,24h Reception,Luggage Storage",DELUXE_ROOM,ROOM_ONLY,439,Zurich,city,9.2,3,1,12,75,FALSE,Spring,FALSE,FALSE,11,6.5,15.5,1.4,0,7.5,FALSE,Marriott,TRUE
16.03.2026,Monday,Winterthur,ONZRHCTY,HOTEL CITY,237.81,CHF,4,"Marktplatz 90, Winterthur",ZRH,47.37474,8.53611,21.28,"WiFi,Parking,Restaurant,Bar",BUDGET_ROOM,ROOM_ONLY,439,Zurich,city,10.1,3,1,12,75,FALSE,Spring,FALSE,FALSE,11.4,5.6,16.2,0.8,0,5.8,FALSE,Independent,FALSE
16.03.2026,Monday,Winterthur,XKZRH001,Hotel du Lac,114.76,CHF,2.8,"Bahnhofstrasse 46, Winterthur",ZRH,47.36649,8.53675,21.86,"WiFi,Gym,Pool,Spa",STANDARD_ROOM,BREAKFAST,439,Zurich,city,11,3,1,12,75,FALSE,Spring,FALSE,FALSE,8.6,1.6,11.7,0.8,0,7,FALSE,Independent,FALSE
16.03.2026,Monday,Zermatt,BWZRH091,BEST WESTERN HOTEL ZURCHERHOF,210.81,CHF,3.2,"Hauptstrasse 77, Zermatt",ZRH,47.37503,8.54445,162.35,"WiFi,Restaurant,Room Service",STANDARD_ROOM,BREAKFAST,1620,Valais,alpine_ski_resort,10,3,1,12,75,FALSE,Spring,FALSE,FALSE,0.4,-6.5,3.7,2.3,53,3.7,TRUE,Best Western,TRUE
16.03.2026,Monday,Zermatt,MCZRHDTM,Zurich Marriott Hotel,350.38,CHF,4.3,"Bahnhofstrasse 21, Zermatt",ZRH,47.38247,8.54026,163,"WiFi,24h Reception,Luggage Storage",DELUXE_ROOM,ROOM_ONLY,1620,Valais,alpine_ski_resort,9.2,3,1,12,75,FALSE,Spring,FALSE,FALSE,2.3,-0.9,6.6,1.5,171,5.1,TRUE,Marriott,TRUE
16.03.2026,Monday,Zermatt,ONZRHCTY,HOTEL CITY,176.05,CHF,3.4,"Bahnhofstrasse 99, Zermatt",ZRH,47.37474,8.53611,162.08,"WiFi,Restaurant,Room Service",BUDGET_ROOM,ROOM_ONLY,1620,Valais,alpine_ski_resort,10.1,3,1,12,75,FALSE,Spring,FALSE,FALSE,4.3,0.1,10.7,3.3,97,7,TRUE,Independent,FALSE
16.03.2026,Monday,Zermatt,XKZRH001,Hotel du Lac,83.83,CHF,2.9,"Kirchgasse 66, Zermatt",ZRH,47.36649,8.53675,161.25,"WiFi,Parking,Breakfast",STANDARD_ROOM,BREAKFAST,1620,Valais,alpine_ski_resort,11,3,1,12,75,FALSE,Spring,FALSE,FALSE,-0.3,-4.2,5.6,0.5,68,5.3,TRUE,Independent,FALSE
16.03.2026,Monday,Zuerich,BWZRH091,BEST WESTERN HOTEL ZURCHERHOF,270.93,CHF,3.9,"Kirchgasse 79, Zuerich",ZRH,47.37503,8.54445,0.29,"WiFi,Parking,Restaurant,Bar",STANDARD_ROOM,BREAKFAST,408,Zurich,city,10,3,1,12,75,FALSE,Spring,FALSE,FALSE,11.7,8,17.6,0.3,0,6.2,FALSE,Best Western,TRUE
16.03.2026,Monday,Zuerich,MCZRHDTM,Zurich Marriott Hotel,413.95,CHF,4.7,"Kirchgasse 82, Zuerich",ZRH,47.38247,8.54026,0.63,"WiFi,Parking,Breakfast",DELUXE_ROOM,ROOM_ONLY,408,Zurich,city,9.2,3,1,12,75,FALSE,Spring,FALSE,FALSE,11.6,8.4,18.3,1.9,0,7.1,FALSE,Marriott,TRUE
16.03.2026,Monday,Zuerich,ONZRHCTY,HOTEL CITY,231.84,CHF,4,"Bahnhofstrasse 89, Zuerich",ZRH,47.37474,8.53611,0.48,"WiFi,Gym,Pool,Spa",BUDGET_ROOM,ROOM_ONLY,408,Zurich,city,10.1,3,1,12,75,FALSE,Spring,FALSE,FALSE,9.8,4.5,15.2,2.6,0,4.7,FALSE,Independent,FALSE
16.03.2026,Monday,Zuerich,XKZRH001,Hotel du Lac,108.59,CHF,2.9,"Bahnhofstrasse 46, Zuerich",ZRH,47.36649,8.53675,1.22,"WiFi,Parking,Breakfast",STANDARD_ROOM,BREAKFAST,408,Zurich,city,11,3,1,12,75,FALSE,Spring,FALSE,FALSE,11,5,16.9,2.2,0,6.5,FALSE,Independent,FALSE
23.03.2026,Monday,Arosa,BWZRH091,BEST WESTERN HOTEL ZURCHERHOF,196.06,CHF,3.5,"Poststrasse 83, Arosa",ZRH,47.37503,8.54445,107.47,"WiFi,24h Reception,Luggage Storage",STANDARD_ROOM,BREAKFAST,1775,Graubuenden,alpine_ski_resort,10,3,1,13,82,FALSE,Spring,FALSE,FALSE,0.7,-4.1,5.8,2.5,89,7,TRUE,Best Western,TRUE
23.03.2026,Monday,Arosa,ONZRHCTY,HOTEL CITY,167.8,CHF,3.6,"Poststrasse 19, Arosa",ZRH,47.37474,8.53611,107.95,"WiFi,Parking,Breakfast",BUDGET_ROOM,ROOM_ONLY,1775,Graubuenden,alpine_ski_resort,10.1,3,1,13,82,FALSE,Spring,FALSE,FALSE,4.9,-0.9,9.6,0,127,5.6,TRUE,Independent,FALSE
23.03.2026,Monday,Basel,RTBSLBAH,ibis Basel Bahnhof,114.27,CHF,3.1,"Hauptstrasse 22, Basel",BSL,47.54683,7.58427,1.46,"WiFi,Parking,Restaurant,Bar",STANDARD_ROOM,ROOM_ONLY,260,Basel-Stadt,city,7.2,3,1,13,82,FALSE,Spring,FALSE,FALSE,8.8,4.2,14.1,2.4,0,7.6,FALSE,Accor (ibis),TRUE
23.03.2026,Monday,Bern,BWBRN230,Best Western Plus Hotel Bern,205.73,CHF,3.4,"Poststrasse 86, Bern",BRN,46.94877,7.44633,0.12,"WiFi,24h Reception,Luggage Storage",STANDARD_ROOM,ROOM_ONLY,542,Bern,city,5.5,3,1,13,82,FALSE,Spring,FALSE,FALSE,8.5,2.2,13.4,4.7,0,7.7,FALSE,Best Western,TRUE
23.03.2026,Monday,Chur,BWZRH091,BEST WESTERN HOTEL ZURCHERHOF,292.27,CHF,4,"Hauptstrasse 26, Chur",ZRH,47.37503,8.54445,94.9,"WiFi,Restaurant,Room Service",STANDARD_ROOM,BREAKFAST,593,Graubuenden,city,10,3,1,13,82,FALSE,Spring,FALSE,FALSE,11,5.6,14.2,0,0,7.6,FALSE,Best Western,TRUE
23.03.2026,Monday,Chur,MCZRHDTM,Zurich Marriott Hotel,521.52,CHF,4.7,"Poststrasse 60, Chur",ZRH,47.38247,8.54026,95.65,"WiFi,Restaurant,Room Service",STANDARD_ROOM,ROOM_ONLY,593,Graubuenden,city,9.2,3,1,13,82,FALSE,Spring,FALSE,FALSE,10,6.5,14.8,3.5,0,6.4,FALSE,Marriott,TRUE
23.03.2026,Monday,Chur,ONZRHCTY,HOTEL CITY,247.22,CHF,4,"Kirchgasse 20, Chur",ZRH,47.37474,8.53611,95.38,"WiFi,Parking,Breakfast",BUDGET_ROOM,ROOM_ONLY,593,Graubuenden,city,10.1,3,1,13,82,FALSE,Spring,FALSE,FALSE,11.7,6.3,16.8,3.1,0,7.3,FALSE,Independent,FALSE
23.03.2026,Monday,Chur,XKZRH001,Hotel du Lac,128.02,CHF,2.9,"Marktplatz 12, Chur",ZRH,47.36649,8.53675,94.78,"WiFi,Parking,Breakfast",STANDARD_ROOM,BREAKFAST,593,Graubuenden,city,11,3,1,13,82,FALSE,Spring,FALSE,FALSE,10.7,5.8,14.6,0.6,0,7.8,FALSE,Independent,FALSE
23.03.2026,Monday,Genf,ICGVAICA,INTERCONTINENTAL GENEVA,470.83,CHF,4.6,"Poststrasse 95, Genf",GVA,46.22461,6.13268,2.39,"WiFi,Parking,Breakfast",COMFORT_ROOM,ROOM_ONLY,375,Geneva,city,2.4,3,1,13,82,FALSE,Spring,FALSE,FALSE,11.3,4.7,16.7,0,0,7.4,FALSE,IHG (InterContinental),TRUE
23.03.2026,Monday,Genf,RTGVAGAR,ibis Geneve Centre Gare,165.4,CHF,3.6,"Bahnhofstrasse 13, Genf",GVA,46.20765,6.13827,0.52,"WiFi,24h Reception,Luggage Storage",STANDARD_ROOM,ROOM_ONLY,375,Geneva,city,4.1,3,1,13,82,FALSE,Spring,FALSE,FALSE,9,3.6,15.9,4.3,0,7.7,FALSE,Accor (ibis),TRUE
23.03.2026,Monday,Genf,RTGVARES,Résidence Studio Genève Centre,156.87,CHF,3.3,"Bahnhofstrasse 10, Genf",GVA,46.2117,6.14696,0.86,"WiFi,Parking,Breakfast",STANDARD_ROOM,ROOM_ONLY,375,Geneva,city,4.1,3,1,13,82,FALSE,Spring,FALSE,FALSE,7.6,2.3,14.1,4.8,0,4.5,FALSE,Independent,FALSE
23.03.2026,Monday,Interlaken,BWZRH091,BEST WESTERN HOTEL ZURCHERHOF,263.09,CHF,4.2,"Kirchgasse 21, Interlaken",ZRH,47.37503,8.54445,92.36,"WiFi,Gym,Pool,Spa",STANDARD_ROOM,BREAKFAST,570,Bern,mountain_resort,10,3,1,13,82,FALSE,Spring,FALSE,FALSE,9.7,5.6,14.3,0.4,0,6.6,TRUE,Best Western,TRUE
23.03.2026,Monday,Interlaken,MCZRHDTM,Zurich Marriott Hotel,488.02,CHF,4.5,"Marktplatz 50, Interlaken",ZRH,47.38247,8.54026,92.87,"WiFi,Gym,Pool,Spa",STANDARD_ROOM,ROOM_ONLY,570,Bern,mountain_resort,9.2,3,1,13,82,FALSE,Spring,FALSE,FALSE,7.8,0.9,14.4,1.4,0,6,TRUE,Marriott,TRUE
23.03.2026,Monday,Interlaken,ONZRHCTY,HOTEL CITY,245.31,CHF,4.3,"Bahnhofstrasse 41, Interlaken",ZRH,47.37474,8.53611,91.98,"WiFi,Restaurant,Room Service",BUDGET_ROOM,ROOM_ONLY,570,Bern,mountain_resort,10.1,3,1,13,82,FALSE,Spring,FALSE,FALSE,6.6,1.9,12.2,0.1,0,5.6,TRUE,Independent,FALSE
23.03.2026,Monday,Interlaken,XKZRH001,Hotel du Lac,122.81,CHF,3.1,"Bahnhofstrasse 8, Interlaken",ZRH,47.36649,8.53675,91.25,"WiFi,24h Reception,Luggage Storage",STANDARD_ROOM,BREAKFAST,570,Bern,mountain_resort,11,3,1,13,82,FALSE,Spring,FALSE,FALSE,9.4,5.9,13.4,1.1,0,5.2,TRUE,Independent,FALSE
23.03.2026,Monday,Lausanne,ICGVAICA,INTERCONTINENTAL GENEVA,501.33,CHF,4.8,"Bahnhofstrasse 20, Lausanne",GVA,46.22461,6.13268,50.46,"WiFi,Parking,Breakfast",COMFORT_ROOM,ROOM_ONLY,495,Vaud,city,2.4,3,1,13,82,FALSE,Spring,FALSE,FALSE,12.7,8.4,15.9,0.4,0,6.5,FALSE,IHG (InterContinental),TRUE
23.03.2026,Monday,Lausanne,RTGVAGAR,ibis Geneve Centre Gare,175.82,CHF,3.3,"Marktplatz 86, Lausanne",GVA,46.20765,6.13827,51.39,"WiFi,Parking,Restaurant,Bar",STANDARD_ROOM,ROOM_ONLY,495,Vaud,city,4.1,3,1,13,82,FALSE,Spring,FALSE,FALSE,9.9,6.7,16.4,2.5,0,7.3,FALSE,Accor (ibis),TRUE
23.03.2026,Monday,Lausanne,RTGVARES,Résidence Studio Genève Centre,163.13,CHF,3.4,"Marktplatz 95, Lausanne",GVA,46.2117,6.14696,50.59,"WiFi,Gym,Pool,Spa",STANDARD_ROOM,ROOM_ONLY,495,Vaud,city,4.1,3,1,13,82,FALSE,Spring,FALSE,FALSE,9.2,2.9,13.2,3,0,7.7,FALSE,Independent,FALSE
23.03.2026,Monday,Luzern,BWZRH091,BEST WESTERN HOTEL ZURCHERHOF,230.92,CHF,4.2,"Marktplatz 7, Luzern",ZRH,47.37503,8.54445,40.25,"WiFi,Parking,Breakfast",STANDARD_ROOM,BREAKFAST,435,Lucerne,city,10,3,1,13,82,FALSE,Spring,FALSE,FALSE,10.2,5.4,14.6,4.9,0,7.7,FALSE,Best Western,TRUE
23.03.2026,Monday,Luzern,MCZRHDTM,Zurich Marriott Hotel,415.81,CHF,4.6,"Hauptstrasse 19, Luzern",ZRH,47.38247,8.54026,40.86,"WiFi,24h Reception,Luggage Storage",STANDARD_ROOM,ROOM_ONLY,435,Lucerne,city,9.2,3,1,13,82,FALSE,Spring,FALSE,FALSE,7.4,4,13.4,6,0,7.4,FALSE,Marriott,TRUE
23.03.2026,Monday,Luzern,ONZRHCTY,HOTEL CITY,207.97,CHF,3.5,"Marktplatz 32, Luzern",ZRH,47.37474,8.53611,39.95,"WiFi,Gym,Pool,Spa",BUDGET_ROOM,ROOM_ONLY,435,Lucerne,city,10.1,3,1,13,82,FALSE,Spring,FALSE,FALSE,12.5,7.8,16.1,4.2,0,4.9,FALSE,Independent,FALSE
23.03.2026,Monday,Luzern,XKZRH001,Hotel du Lac,100.73,CHF,2.9,"Poststrasse 67, Luzern",ZRH,47.36649,8.53675,39.14,"WiFi,Parking,Breakfast",STANDARD_ROOM,BREAKFAST,435,Lucerne,city,11,3,1,13,82,FALSE,Spring,FALSE,FALSE,12.8,7.2,16.6,2.9,0,6.8,FALSE,Independent,FALSE
23.03.2026,Monday,St. Gallen,BWZRH091,BEST WESTERN HOTEL ZURCHERHOF,294.72,CHF,4.2,"Hauptstrasse 21, St. Gallen",ZRH,47.37503,8.54445,62.88,"WiFi,Parking,Restaurant,Bar",STANDARD_ROOM,BREAKFAST,675,St. Gallen,city,10,3,1,13,82,FALSE,Spring,FALSE,FALSE,8.5,4.7,14.2,5.4,0,7.3,FALSE,Best Western,TRUE
23.03.2026,Monday,St. Gallen,MCZRHDTM,Zurich Marriott Hotel,489.88,CHF,4.6,"Bahnhofstrasse 29, St. Gallen",ZRH,47.38247,8.54026,63.12,"WiFi,Parking,Restaurant,Bar",STANDARD_ROOM,ROOM_ONLY,675,St. Gallen,city,9.2,3,1,13,82,FALSE,Spring,FALSE,FALSE,7.4,1,12,2.1,0,5.2,FALSE,Marriott,TRUE
23.03.2026,Monday,St. Gallen,ONZRHCTY,HOTEL CITY,246.41,CHF,4,"Marktplatz 28, St. Gallen",ZRH,47.37474,8.53611,63.51,"WiFi,Parking,Restaurant,Bar",BUDGET_ROOM,ROOM_ONLY,675,St. Gallen,city,10.1,3,1,13,82,FALSE,Spring,FALSE,FALSE,9.8,5.7,13.1,1.4,0,8.1,FALSE,Independent,FALSE
23.03.2026,Monday,St. Gallen,XKZRH001,Hotel du Lac,125.24,CHF,2.9,"Kirchgasse 45, St. Gallen",ZRH,47.36649,8.53675,63.55,"WiFi,Parking,Breakfast",STANDARD_ROOM,BREAKFAST,675,St. Gallen,city,11,3,1,13,82,FALSE,Spring,FALSE,FALSE,11,7.3,17.4,2.6,0,8.1,FALSE,Independent,FALSE
23.03.2026,Monday,St. Moritz,BWZRH091,BEST WESTERN HOTEL ZURCHERHOF,190.16,CHF,3.5,"Poststrasse 74, St. Moritz",ZRH,47.37503,8.54445,138.28,"WiFi,Restaurant,Room Service",STANDARD_ROOM,BREAKFAST,1856,Graubuenden,alpine_ski_resort,10,3,1,13,82,FALSE,Spring,FALSE,FALSE,-0.4,-4.2,3.1,1.5,106,6.4,TRUE,Best Western,TRUE
23.03.2026,Monday,St. Moritz,MCZRHDTM,Zurich Marriott Hotel,345.1,CHF,4.1,"Poststrasse 19, St. Moritz",ZRH,47.38247,8.54026,139.08,"WiFi,Parking,Breakfast",STANDARD_ROOM,ROOM_ONLY,1856,Graubuenden,alpine_ski_resort,9.2,3,1,13,82,FALSE,Spring,FALSE,FALSE,0,-5.5,3.8,3.4,125,5.3,TRUE,Marriott,TRUE
23.03.2026,Monday,St. Moritz,ONZRHCTY,HOTEL CITY,173.1,CHF,3.7,"Poststrasse 70, St. Moritz",ZRH,47.37474,8.53611,138.7,"WiFi,Gym,Pool,Spa",BUDGET_ROOM,ROOM_ONLY,1856,Graubuenden,alpine_ski_resort,10.1,3,1,13,82,FALSE,Spring,FALSE,FALSE,-0.9,-5,5.2,4.1,82,5.1,TRUE,Independent,FALSE
23.03.2026,Monday,St. Moritz,XKZRH001,Hotel du Lac,78.99,CHF,3.2,"Kirchgasse 44, St. Moritz",ZRH,47.36649,8.53675,138.03,"WiFi,24h Reception,Luggage Storage",STANDARD_ROOM,BREAKFAST,1856,Graubuenden,alpine_ski_resort,11,3,1,13,82,FALSE,Spring,FALSE,FALSE,-0.5,-5.9,4.8,3.1,141,6,TRUE,Independent,FALSE
23.03.2026,Monday,Winterthur,BWZRH091,BEST WESTERN HOTEL ZURCHERHOF,281.04,CHF,4,"Bahnhofstrasse 36, Winterthur",ZRH,47.37503,8.54445,20.79,"WiFi,Gym,Pool,Spa",STANDARD_ROOM,BREAKFAST,439,Zurich,city,10,3,1,13,82,FALSE,Spring,FALSE,FALSE,13.1,6.3,18.5,0.9,0,5.1,FALSE,Best Western,TRUE
23.03.2026,Monday,Winterthur,MCZRHDTM,Zurich Marriott Hotel,499.63,CHF,4.3,"Hauptstrasse 41, Winterthur",ZRH,47.38247,8.54026,20.48,"WiFi,24h Reception,Luggage Storage",STANDARD_ROOM,ROOM_ONLY,439,Zurich,city,9.2,3,1,13,82,FALSE,Spring,FALSE,FALSE,7.4,1.5,11.5,0.6,0,4.6,FALSE,Marriott,TRUE
23.03.2026,Monday,Winterthur,ONZRHCTY,HOTEL CITY,254.39,CHF,3.9,"Hauptstrasse 99, Winterthur",ZRH,47.37474,8.53611,21.28,"WiFi,Parking,Restaurant,Bar",BUDGET_ROOM,ROOM_ONLY,439,Zurich,city,10.1,3,1,13,82,FALSE,Spring,FALSE,FALSE,7.1,3.9,12.2,4.5,0,4.5,FALSE,Independent,FALSE
23.03.2026,Monday,Winterthur,XKZRH001,Hotel du Lac,131.6,CHF,2.7,"Poststrasse 29, Winterthur",ZRH,47.36649,8.53675,21.86,"WiFi,Parking,Restaurant,Bar",STANDARD_ROOM,BREAKFAST,439,Zurich,city,11,3,1,13,82,FALSE,Spring,FALSE,FALSE,9.6,2.8,15.7,0,0,5.3,FALSE,Independent,FALSE
23.03.2026,Monday,Zermatt,BWZRH091,BEST WESTERN HOTEL ZURCHERHOF,182.65,CHF,3.4,"Poststrasse 37, Zermatt",ZRH,47.37503,8.54445,162.35,"WiFi,Gym,Pool,Spa",STANDARD_ROOM,BREAKFAST,1620,Valais,alpine_ski_resort,10,3,1,13,82,FALSE,Spring,FALSE,FALSE,2,-4.8,5.4,3.2,94,5.2,TRUE,Best Western,TRUE
23.03.2026,Monday,Zermatt,MCZRHDTM,Zurich Marriott Hotel,343.25,CHF,3.9,"Poststrasse 3, Zermatt",ZRH,47.38247,8.54026,163,"WiFi,24h Reception,Luggage Storage",STANDARD_ROOM,ROOM_ONLY,1620,Valais,alpine_ski_resort,9.2,3,1,13,82,FALSE,Spring,FALSE,FALSE,3.8,0.3,7.7,2,69,4.3,TRUE,Marriott,TRUE
23.03.2026,Monday,Zermatt,ONZRHCTY,HOTEL CITY,163.87,CHF,3.5,"Bahnhofstrasse 69, Zermatt",ZRH,47.37474,8.53611,162.08,"WiFi,Gym,Pool,Spa",BUDGET_ROOM,ROOM_ONLY,1620,Valais,alpine_ski_resort,10.1,3,1,13,82,FALSE,Spring,FALSE,FALSE,1.8,-4.8,7.6,0.7,85,6.1,TRUE,Independent,FALSE
23.03.2026,Monday,Zermatt,XKZRH001,Hotel du Lac,86.79,CHF,2.7,"Marktplatz 77, Zermatt",ZRH,47.36649,8.53675,161.25,"WiFi,24h Reception,Luggage Storage",STANDARD_ROOM,BREAKFAST,1620,Valais,alpine_ski_resort,11,3,1,13,82,FALSE,Spring,FALSE,FALSE,3.1,-3.8,9.7,4.1,175,5.7,TRUE,Independent,FALSE
23.03.2026,Monday,Zuerich,BWZRH091,BEST WESTERN HOTEL ZURCHERHOF,296.92,CHF,4.3,"Kirchgasse 34, Zuerich",ZRH,47.37503,8.54445,0.29,"WiFi,Parking,Restaurant,Bar",STANDARD_ROOM,BREAKFAST,408,Zurich,city,10,3,1,13,82,FALSE,Spring,FALSE,FALSE,13.1,9.7,16.5,2.2,0,4.7,FALSE,Best Western,TRUE
23.03.2026,Monday,Zuerich,MCZRHDTM,Zurich Marriott Hotel,512.1,CHF,4.5,"Poststrasse 31, Zuerich",ZRH,47.38247,8.54026,0.63,"WiFi,Parking,Restaurant,Bar",STANDARD_ROOM,ROOM_ONLY,408,Zurich,city,9.2,3,1,13,82,FALSE,Spring,FALSE,FALSE,10.1,4.5,15,3.1,0,4.3,FALSE,Marriott,TRUE
23.03.2026,Monday,Zuerich,ONZRHCTY,HOTEL CITY,250.87,CHF,3.8,"Kirchgasse 16, Zuerich",ZRH,47.37474,8.53611,0.48,"WiFi,Parking,Breakfast",BUDGET_ROOM,ROOM_ONLY,408,Zurich,city,10.1,3,1,13,82,FALSE,Spring,FALSE,FALSE,8.1,3.5,13.2,0,0,5.1,FALSE,Independent,FALSE
23.03.2026,Monday,Zuerich,XKZRH001,Hotel du Lac,126.76,CHF,3.2,"Poststrasse 70, Zuerich",ZRH,47.36649,8.53675,1.22,"WiFi,Parking,Restaurant,Bar",STANDARD_ROOM,BREAKFAST,408,Zurich,city,11,3,1,13,82,FALSE,Spring,FALSE,FALSE,8.6,2.8,15.3,1.7,0,5.1,FALSE,Independent,FALSE
30.03.2026,Monday,Arosa,BWZRH091,BEST WESTERN HOTEL ZURCHERHOF,184.62,CHF,3.5,"Kirchgasse 81, Arosa",ZRH,47.37503,8.54445,107.47,"WiFi,Parking,Breakfast",STANDARD_ROOM,BREAKFAST,1775,Graubuenden,alpine_ski_resort,10,3,1,14,89,FALSE,Spring,FALSE,FALSE,1.9,-2,7.2,0,132,5.9,TRUE,Best Western,TRUE
30.03.2026,Monday,Arosa,MCZRHDTM,Zurich Marriott Hotel,330.74,CHF,4,"Poststrasse 41, Arosa",ZRH,47.38247,8.54026,108.23,"WiFi,24h Reception,Luggage Storage",STANDARD_ROOM,ROOM_ONLY,1775,Graubuenden,alpine_ski_resort,9.2,3,1,14,89,FALSE,Spring,FALSE,FALSE,5.1,1.8,11.3,0,164,5.3,TRUE,Marriott,TRUE
30.03.2026,Monday,Arosa,ONZRHCTY,HOTEL CITY,167.34,CHF,3.4,"Bahnhofstrasse 53, Arosa",ZRH,47.37474,8.53611,107.95,"WiFi,Gym,Pool,Spa",BUDGET_ROOM,ROOM_ONLY,1775,Graubuenden,alpine_ski_resort,10.1,3,1,14,89,FALSE,Spring,FALSE,FALSE,1.2,-3.8,5.2,0.9,45,7,TRUE,Independent,FALSE
30.03.2026,Monday,Arosa,XKZRH001,Hotel du Lac,80.99,CHF,3.1,"Marktplatz 31, Arosa",ZRH,47.36649,8.53675,107.36,"WiFi,Parking,Restaurant,Bar",STANDARD_ROOM,BREAKFAST,1775,Graubuenden,alpine_ski_resort,11,3,1,14,89,FALSE,Spring,FALSE,FALSE,0.9,-2.7,6.3,2.1,60,6.3,TRUE,Independent,FALSE
30.03.2026,Monday,Basel,RTBSLBAH,ibis Basel Bahnhof,110.06,CHF,2.9,"Poststrasse 43, Basel",BSL,47.54683,7.58427,1.46,"WiFi,Parking,Restaurant,Bar",STANDARD_ROOM,ROOM_ONLY,260,Basel-Stadt,city,7.2,3,1,14,89,FALSE,Spring,FALSE,FALSE,13.5,8.9,18,0.5,0,5,FALSE,Accor (ibis),TRUE
30.03.2026,Monday,Bern,BWBRN230,Best Western Plus Hotel Bern,205.87,CHF,3.3,"Marktplatz 80, Bern",BRN,46.94877,7.44633,0.12,"WiFi,Restaurant,Room Service",STANDARD_ROOM,ROOM_ONLY,542,Bern,city,5.5,3,1,14,89,FALSE,Spring,FALSE,FALSE,12,8.7,17.4,6.4,0,7.1,FALSE,Best Western,TRUE
30.03.2026,Monday,Chur,BWZRH091,BEST WESTERN HOTEL ZURCHERHOF,282.34,CHF,4.2,"Poststrasse 59, Chur",ZRH,47.37503,8.54445,94.9,"WiFi,Parking,Restaurant,Bar",STANDARD_ROOM,BREAKFAST,593,Graubuenden,city,10,3,1,14,89,FALSE,Spring,FALSE,FALSE,11.6,8.5,15.5,2.2,0,7.3,FALSE,Best Western,TRUE
30.03.2026,Monday,Chur,ONZRHCTY,HOTEL CITY,284.91,CHF,3.9,"Kirchgasse 52, Chur",ZRH,47.37474,8.53611,95.38,"WiFi,Parking,Restaurant,Bar",BUDGET_ROOM,ROOM_ONLY,593,Graubuenden,city,10.1,3,1,14,89,FALSE,Spring,FALSE,FALSE,9.6,4.5,14.4,2,0,6.4,FALSE,Independent,FALSE
30.03.2026,Monday,Genf,ICGVAICA,INTERCONTINENTAL GENEVA,516.97,CHF,4.7,"Marktplatz 75, Genf",GVA,46.22461,6.13268,2.39,"WiFi,Parking,Breakfast",COMFORT_ROOM,ROOM_ONLY,375,Geneva,city,2.4,3,1,14,89,FALSE,Spring,FALSE,FALSE,14.5,7.8,20.2,0.7,0,8.5,FALSE,IHG (InterContinental),TRUE
30.03.2026,Monday,Genf,RTGVAGAR,ibis Geneve Centre Gare,169.95,CHF,3.3,"Hauptstrasse 96, Genf",GVA,46.20765,6.13827,0.52,"WiFi,Parking,Restaurant,Bar",STANDARD_ROOM,ROOM_ONLY,375,Geneva,city,4.1,3,1,14,89,FALSE,Spring,FALSE,FALSE,10.8,7.7,15.3,0,0,8.1,FALSE,Accor (ibis),TRUE
30.03.2026,Monday,Genf,RTGVARES,Résidence Studio Genève Centre,160.84,CHF,3.3,"Kirchgasse 45, Genf",GVA,46.2117,6.14696,0.86,"WiFi,24h Reception,Luggage Storage",STANDARD_ROOM,ROOM_ONLY,375,Geneva,city,4.1,3,1,14,89,FALSE,Spring,FALSE,FALSE,12.1,6.5,19,0.3,0,7.1,FALSE,Independent,FALSE
30.03.2026,Monday,Interlaken,BWZRH091,BEST WESTERN HOTEL ZURCHERHOF,264.72,CHF,3.9,"Poststrasse 57, Interlaken",ZRH,47.37503,8.54445,92.36,"WiFi,Gym,Pool,Spa",STANDARD_ROOM,BREAKFAST,570,Bern,mountain_resort,10,3,1,14,89,FALSE,Spring,FALSE,FALSE,13.5,8.8,17.2,1.8,0,4.9,TRUE,Best Western,TRUE
30.03.2026,Monday,Interlaken,MCZRHDTM,Zurich Marriott Hotel,462.62,CHF,4.4,"Marktplatz 3, Interlaken",ZRH,47.38247,8.54026,92.87,"WiFi,Parking,Breakfast",STANDARD_ROOM,ROOM_ONLY,570,Bern,mountain_resort,9.2,3,1,14,89,FALSE,Spring,FALSE,FALSE,10.2,7,15.4,0.2,0,6.3,TRUE,Marriott,TRUE
30.03.2026,Monday,Interlaken,ONZRHCTY,HOTEL CITY,236.86,CHF,4.3,"Marktplatz 80, Interlaken",ZRH,47.37474,8.53611,91.98,"WiFi,Parking,Breakfast",BUDGET_ROOM,ROOM_ONLY,570,Bern,mountain_resort,10.1,3,1,14,89,FALSE,Spring,FALSE,FALSE,12.4,9.2,15.5,3.8,0,7.6,TRUE,Independent,FALSE
30.03.2026,Monday,Interlaken,XKZRH001,Hotel du Lac,114.39,CHF,2.8,"Marktplatz 28, Interlaken",ZRH,47.36649,8.53675,91.25,"WiFi,Parking,Restaurant,Bar",STANDARD_ROOM,BREAKFAST,570,Bern,mountain_resort,11,3,1,14,89,FALSE,Spring,FALSE,FALSE,9.1,6,14,1.3,0,8.4,TRUE,Independent,FALSE
30.03.2026,Monday,Lausanne,ICGVAICA,INTERCONTINENTAL GENEVA,492.5,CHF,4.4,"Poststrasse 11, Lausanne",GVA,46.22461,6.13268,50.46,"WiFi,Parking,Restaurant,Bar",COMFORT_ROOM,ROOM_ONLY,495,Vaud,city,2.4,3,1,14,89,FALSE,Spring,FALSE,FALSE,9.3,2.4,16.1,1.8,0,6.6,FALSE,IHG (InterContinental),TRUE
30.03.2026,Monday,Lausanne,RTGVAGAR,ibis Geneve Centre Gare,174.92,CHF,3.7,"Poststrasse 69, Lausanne",GVA,46.20765,6.13827,51.39,"WiFi,Parking,Restaurant,Bar",STANDARD_ROOM,ROOM_ONLY,495,Vaud,city,4.1,3,1,14,89,FALSE,Spring,FALSE,FALSE,10.5,6.2,14.6,0.2,0,6.5,FALSE,Accor (ibis),TRUE
30.03.2026,Monday,Lausanne,RTGVARES,Résidence Studio Genève Centre,152.67,CHF,3.4,"Bahnhofstrasse 7, Lausanne",GVA,46.2117,6.14696,50.59,"WiFi,Parking,Breakfast",STANDARD_ROOM,ROOM_ONLY,495,Vaud,city,4.1,3,1,14,89,FALSE,Spring,FALSE,FALSE,8.9,5.2,13.9,2,0,6.9,FALSE,Independent,FALSE
30.03.2026,Monday,Luzern,BWZRH091,BEST WESTERN HOTEL ZURCHERHOF,239.12,CHF,4.2,"Bahnhofstrasse 62, Luzern",ZRH,47.37503,8.54445,40.25,"WiFi,Parking,Breakfast",STANDARD_ROOM,BREAKFAST,435,Lucerne,city,10,3,1,14,89,FALSE,Spring,FALSE,FALSE,14.3,8.8,17.4,6.6,0,6.9,FALSE,Best Western,TRUE
30.03.2026,Monday,Luzern,ONZRHCTY,HOTEL CITY,221.58,CHF,3.5,"Bahnhofstrasse 50, Luzern",ZRH,47.37474,8.53611,39.95,"WiFi,Gym,Pool,Spa",BUDGET_ROOM,ROOM_ONLY,435,Lucerne,city,10.1,3,1,14,89,FALSE,Spring,FALSE,FALSE,9.1,6,14.7,3.1,0,7.3,FALSE,Independent,FALSE
30.03.2026,Monday,St. Gallen,BWZRH091,BEST WESTERN HOTEL ZURCHERHOF,307.86,CHF,4.2,"Bahnhofstrasse 71, St. Gallen",ZRH,47.37503,8.54445,62.88,"WiFi,Restaurant,Room Service",STANDARD_ROOM,BREAKFAST,675,St. Gallen,city,10,3,1,14,89,FALSE,Spring,FALSE,FALSE,12.7,6.7,18.6,1.6,0,6.3,FALSE,Best Western,TRUE
30.03.2026,Monday,St. Gallen,ONZRHCTY,HOTEL CITY,286.07,CHF,4.3,"Kirchgasse 9, St. Gallen",ZRH,47.37474,8.53611,63.51,"WiFi,Gym,Pool,Spa",BUDGET_ROOM,ROOM_ONLY,675,St. Gallen,city,10.1,3,1,14,89,FALSE,Spring,FALSE,FALSE,12,8.7,18.1,3.2,0,4.7,FALSE,Independent,FALSE
30.03.2026,Monday,St. Moritz,BWZRH091,BEST WESTERN HOTEL ZURCHERHOF,192.37,CHF,3.7,"Bahnhofstrasse 80, St. Moritz",ZRH,47.37503,8.54445,138.28,"WiFi,Restaurant,Room Service",STANDARD_ROOM,BREAKFAST,1856,Graubuenden,alpine_ski_resort,10,3,1,14,89,FALSE,Spring,FALSE,FALSE,1.8,-1.8,7,3.4,69,5.4,TRUE,Best Western,TRUE
30.03.2026,Monday,St. Moritz,MCZRHDTM,Zurich Marriott Hotel,336.62,CHF,4,"Bahnhofstrasse 42, St. Moritz",ZRH,47.38247,8.54026,139.08,"WiFi,Parking,Breakfast",STANDARD_ROOM,ROOM_ONLY,1856,Graubuenden,alpine_ski_resort,9.2,3,1,14,89,FALSE,Spring,FALSE,FALSE,0.7,-4.3,6.5,3,123,4.9,TRUE,Marriott,TRUE
30.03.2026,Monday,St. Moritz,ONZRHCTY,HOTEL CITY,174.42,CHF,3.6,"Marktplatz 95, St. Moritz",ZRH,47.37474,8.53611,138.7,"WiFi,24h Reception,Luggage Storage",BUDGET_ROOM,ROOM_ONLY,1856,Graubuenden,alpine_ski_resort,10.1,3,1,14,89,FALSE,Spring,FALSE,FALSE,3.7,-2.8,7.3,3.6,108,5.1,TRUE,Independent,FALSE
30.03.2026,Monday,St. Moritz,XKZRH001,Hotel du Lac,81.25,CHF,3.3,"Hauptstrasse 16, St. Moritz",ZRH,47.36649,8.53675,138.03,"WiFi,Parking,Breakfast",STANDARD_ROOM,BREAKFAST,1856,Graubuenden,alpine_ski_resort,11,3,1,14,89,FALSE,Spring,FALSE,FALSE,5.2,2,9.7,7.3,154,7.4,TRUE,Independent,FALSE
30.03.2026,Monday,Winterthur,BWZRH091,BEST WESTERN HOTEL ZURCHERHOF,279.4,CHF,4.2,"Kirchgasse 71, Winterthur",ZRH,47.37503,8.54445,20.79,"WiFi,Parking,Breakfast",STANDARD_ROOM,BREAKFAST,439,Zurich,city,10,3,1,14,89,FALSE,Spring,FALSE,FALSE,10.4,3.8,16.4,0,0,5.1,FALSE,Best Western,TRUE
30.03.2026,Monday,Winterthur,MCZRHDTM,Zurich Marriott Hotel,515.24,CHF,4.6,"Kirchgasse 43, Winterthur",ZRH,47.38247,8.54026,20.48,"WiFi,Parking,Breakfast",STANDARD_ROOM,ROOM_ONLY,439,Zurich,city,9.2,3,1,14,89,FALSE,Spring,FALSE,FALSE,11.2,7.4,17.1,0.6,0,6.8,FALSE,Marriott,TRUE
30.03.2026,Monday,Winterthur,ONZRHCTY,HOTEL CITY,279.49,CHF,4,"Kirchgasse 41, Winterthur",ZRH,47.37474,8.53611,21.28,"WiFi,Restaurant,Room Service",BUDGET_ROOM,ROOM_ONLY,439,Zurich,city,10.1,3,1,14,89,FALSE,Spring,FALSE,FALSE,13.2,8,16.2,1,0,8,FALSE,Independent,FALSE
30.03.2026,Monday,Winterthur,XKZRH001,Hotel du Lac,129.14,CHF,3,"Marktplatz 60, Winterthur",ZRH,47.36649,8.53675,21.86,"WiFi,Restaurant,Room Service",STANDARD_ROOM,BREAKFAST,439,Zurich,city,11,3,1,14,89,FALSE,Spring,FALSE,FALSE,8.7,3.4,11.9,1.6,0,6.5,FALSE,Independent,FALSE
30.03.2026,Monday,Zermatt,BWZRH091,BEST WESTERN HOTEL ZURCHERHOF,188.41,CHF,3.3,"Hauptstrasse 64, Zermatt",ZRH,47.37503,8.54445,162.35,"WiFi,Parking,Restaurant,Bar",STANDARD_ROOM,BREAKFAST,1620,Valais,alpine_ski_resort,10,3,1,14,89,FALSE,Spring,FALSE,FALSE,6,2.3,9,1.3,157,7.5,TRUE,Best Western,TRUE
30.03.2026,Monday,Zermatt,MCZRHDTM,Zurich Marriott Hotel,322.03,CHF,4.1,"Bahnhofstrasse 93, Zermatt",ZRH,47.38247,8.54026,163,"WiFi,Restaurant,Room Service",STANDARD_ROOM,ROOM_ONLY,1620,Valais,alpine_ski_resort,9.2,3,1,14,89,FALSE,Spring,FALSE,FALSE,6.1,2.9,9.7,2,134,6.5,TRUE,Marriott,TRUE
30.03.2026,Monday,Zermatt,ONZRHCTY,HOTEL CITY,180.62,CHF,3.5,"Marktplatz 69, Zermatt",ZRH,47.37474,8.53611,162.08,"WiFi,Parking,Breakfast",BUDGET_ROOM,ROOM_ONLY,1620,Valais,alpine_ski_resort,10.1,3,1,14,89,FALSE,Spring,FALSE,FALSE,5,-0.8,11,2.3,69,7.5,TRUE,Independent,FALSE
30.03.2026,Monday,Zermatt,XKZRH001,Hotel du Lac,77.87,CHF,2.9,"Hauptstrasse 92, Zermatt",ZRH,47.36649,8.53675,161.25,"WiFi,Parking,Breakfast",STANDARD_ROOM,BREAKFAST,1620,Valais,alpine_ski_resort,11,3,1,14,89,FALSE,Spring,FALSE,FALSE,4.7,-1.1,11.1,2.2,86,5.6,TRUE,Independent,FALSE
30.03.2026,Monday,Zuerich,BWZRH091,BEST WESTERN HOTEL ZURCHERHOF,303.24,CHF,3.8,"Bahnhofstrasse 5, Zuerich",ZRH,47.37503,8.54445,0.29,"WiFi,Restaurant,Room Service",STANDARD_ROOM,BREAKFAST,408,Zurich,city,10,3,1,14,89,FALSE,Spring,FALSE,FALSE,14.3,8.4,20.3,1.1,0,5.7,FALSE,Best Western,TRUE
30.03.2026,Monday,Zuerich,MCZRHDTM,Zurich Marriott Hotel,507.52,CHF,4.8,"Bahnhofstrasse 87, Zuerich",ZRH,47.38247,8.54026,0.63,"WiFi,Parking,Breakfast",STANDARD_ROOM,ROOM_ONLY,408,Zurich,city,9.2,3,1,14,89,FALSE,Spring,FALSE,FALSE,11.5,7,15.1,4.9,0,5.5,FALSE,Marriott,TRUE
30.03.2026,Monday,Zuerich,ONZRHCTY,HOTEL CITY,281.76,CHF,4.1,"Poststrasse 2, Zuerich",ZRH,47.37474,8.53611,0.48,"WiFi,Restaurant,Room Service",BUDGET_ROOM,ROOM_ONLY,408,Zurich,city,10.1,3,1,14,89,FALSE,Spring,FALSE,FALSE,11.2,5.4,16.3,2.8,0,5.7,FALSE,Independent,FALSE
30.03.2026,Monday,Zuerich,XKZRH001,Hotel du Lac,125.48,CHF,3.2,"Hauptstrasse 72, Zuerich",ZRH,47.36649,8.53675,1.22,"WiFi,Parking,Breakfast",STANDARD_ROOM,BREAKFAST,408,Zurich,city,11,3,1,14,89,FALSE,Spring,FALSE,FALSE,9.7,4,15.2,3.7,0,8.4,FALSE,Independent,FALSE
06.04.2026,Monday,Arosa,BWZRH091,BEST WESTERN HOTEL ZURCHERHOF,205.49,CHF,3.3,"Bahnhofstrasse 87, Arosa",ZRH,47.37503,8.54445,107.47,"WiFi,24h Reception,Luggage Storage",STANDARD_ROOM,BREAKFAST,1775,Graubuenden,alpine_ski_resort,10,4,2,15,96,FALSE,Spring,TRUE,TRUE,2.7,-3.7,7.2,10.4,43,7.8,TRUE,Best Western,TRUE
06.04.2026,Monday,Arosa,MCZRHDTM,Zurich Marriott Hotel,292.62,CHF,4,"Hauptstrasse 70, Arosa",ZRH,47.38247,8.54026,108.23,"WiFi,Restaurant,Room Service",DELUXE_ROOM,ROOM_ONLY,1775,Graubuenden,alpine_ski_resort,9.2,4,2,15,96,FALSE,Spring,TRUE,TRUE,6.9,2.1,10.3,5.1,100,6.3,TRUE,Marriott,TRUE
06.04.2026,Monday,Arosa,ONZRHCTY,HOTEL CITY,177.59,CHF,3.8,"Poststrasse 84, Arosa",ZRH,47.37474,8.53611,107.95,"WiFi,Parking,Restaurant,Bar",BUDGET_ROOM,ROOM_ONLY,1775,Graubuenden,alpine_ski_resort,10.1,4,2,15,96,FALSE,Spring,TRUE,TRUE,3.1,-0.1,9.7,2.8,123,6.8,TRUE,Independent,FALSE
06.04.2026,Monday,Arosa,XKZRH001,Hotel du Lac,88.97,CHF,2.9,"Bahnhofstrasse 64, Arosa",ZRH,47.36649,8.53675,107.36,"WiFi,Restaurant,Room Service",STANDARD_ROOM,BREAKFAST,1775,Graubuenden,alpine_ski_resort,11,4,2,15,96,FALSE,Spring,TRUE,TRUE,6.6,0.2,12.8,5.7,79,7.8,TRUE,Independent,FALSE
06.04.2026,Monday,Basel,RTBSLBAH,ibis Basel Bahnhof,112.18,CHF,3.1,"Hauptstrasse 78, Basel",BSL,47.54683,7.58427,1.46,"WiFi,24h Reception,Luggage Storage",STANDARD_ROOM,ROOM_ONLY,260,Basel-Stadt,city,7.2,4,2,15,96,FALSE,Spring,TRUE,TRUE,12.2,7.6,18.1,7.2,0,7.1,FALSE,Accor (ibis),TRUE
06.04.2026,Monday,Bern,BWBRN230,Best Western Plus Hotel Bern,210.13,CHF,3.6,"Poststrasse 77, Bern",BRN,46.94877,7.44633,0.12,"WiFi,Parking,Breakfast",STANDARD_ROOM,ROOM_ONLY,542,Bern,city,5.5,4,2,15,96,FALSE,Spring,TRUE,TRUE,11,7.3,16.5,11.5,0,8.1,FALSE,Best Western,TRUE
06.04.2026,Monday,Chur,BWZRH091,BEST WESTERN HOTEL ZURCHERHOF,308.83,CHF,4.1,"Marktplatz 4, Chur",ZRH,47.37503,8.54445,94.9,"WiFi,Parking,Restaurant,Bar",STANDARD_ROOM,BREAKFAST,593,Graubuenden,city,10,4,2,15,96,FALSE,Spring,TRUE,TRUE,12.2,8.6,17.8,5,0,7.6,FALSE,Best Western,TRUE
06.04.2026,Monday,Chur,MCZRHDTM,Zurich Marriott Hotel,392.56,CHF,4.4,"Poststrasse 15, Chur",ZRH,47.38247,8.54026,95.65,"WiFi,24h Reception,Luggage Storage",DELUXE_ROOM,ROOM_ONLY,593,Graubuenden,city,9.2,4,2,15,96,FALSE,Spring,TRUE,TRUE,10.6,4.8,15.2,2.8,0,5.7,FALSE,Marriott,TRUE
06.04.2026,Monday,Chur,ONZRHCTY,HOTEL CITY,254.83,CHF,4.3,"Kirchgasse 90, Chur",ZRH,47.37474,8.53611,95.38,"WiFi,24h Reception,Luggage Storage",BUDGET_ROOM,ROOM_ONLY,593,Graubuenden,city,10.1,4,2,15,96,FALSE,Spring,TRUE,TRUE,12.1,8.1,18.5,3.5,0,8.5,FALSE,Independent,FALSE
06.04.2026,Monday,Chur,XKZRH001,Hotel du Lac,128.89,CHF,3.1,"Kirchgasse 21, Chur",ZRH,47.36649,8.53675,94.78,"WiFi,Restaurant,Room Service",STANDARD_ROOM,BREAKFAST,593,Graubuenden,city,11,4,2,15,96,FALSE,Spring,TRUE,TRUE,13.7,8.2,17.5,11.4,0,7.9,FALSE,Independent,FALSE
06.04.2026,Monday,Genf,ICGVAICA,INTERCONTINENTAL GENEVA,501.59,CHF,4.5,"Bahnhofstrasse 31, Genf",GVA,46.22461,6.13268,2.39,"WiFi,24h Reception,Luggage Storage",COMFORT_ROOM,ROOM_ONLY,375,Geneva,city,2.4,4,2,15,96,FALSE,Spring,TRUE,TRUE,11,6.6,16.2,4.9,0,6.2,FALSE,IHG (InterContinental),TRUE
06.04.2026,Monday,Genf,RTGVAGAR,ibis Geneve Centre Gare,177.5,CHF,3.7,"Hauptstrasse 34, Genf",GVA,46.20765,6.13827,0.52,"WiFi,Parking,Restaurant,Bar",STANDARD_ROOM,ROOM_ONLY,375,Geneva,city,4.1,4,2,15,96,FALSE,Spring,TRUE,TRUE,14.6,11,20.6,1.5,0,7.4,FALSE,Accor (ibis),TRUE
06.04.2026,Monday,Genf,RTGVARES,Résidence Studio Genève Centre,151.86,CHF,2.8,"Hauptstrasse 50, Genf",GVA,46.2117,6.14696,0.86,"WiFi,Restaurant,Room Service",STANDARD_ROOM,ROOM_ONLY,375,Geneva,city,4.1,4,2,15,96,FALSE,Spring,TRUE,TRUE,10,5,13.3,2.4,0,5.7,FALSE,Independent,FALSE
06.04.2026,Monday,Interlaken,BWZRH091,BEST WESTERN HOTEL ZURCHERHOF,246.73,CHF,4,"Hauptstrasse 73, Interlaken",ZRH,47.37503,8.54445,92.36,"WiFi,Gym,Pool,Spa",STANDARD_ROOM,BREAKFAST,570,Bern,mountain_resort,10,4,2,15,96,FALSE,Spring,TRUE,TRUE,9.7,5.3,16,12.4,0,6.1,TRUE,Best Western,TRUE
06.04.2026,Monday,Interlaken,MCZRHDTM,Zurich Marriott Hotel,330.58,CHF,4.2,"Bahnhofstrasse 20, Interlaken",ZRH,47.38247,8.54026,92.87,"WiFi,Gym,Pool,Spa",DELUXE_ROOM,ROOM_ONLY,570,Bern,mountain_resort,9.2,4,2,15,96,FALSE,Spring,TRUE,TRUE,11,5.8,16.9,0,0,7,TRUE,Marriott,TRUE
06.04.2026,Monday,Interlaken,ONZRHCTY,HOTEL CITY,209.91,CHF,3.6,"Hauptstrasse 10, Interlaken",ZRH,47.37474,8.53611,91.98,"WiFi,Parking,Restaurant,Bar",BUDGET_ROOM,ROOM_ONLY,570,Bern,mountain_resort,10.1,4,2,15,96,FALSE,Spring,TRUE,TRUE,14.3,8.3,18.9,2.3,0,7.7,TRUE,Independent,FALSE
06.04.2026,Monday,Interlaken,XKZRH001,Hotel du Lac,105.27,CHF,3.1,"Hauptstrasse 10, Interlaken",ZRH,47.36649,8.53675,91.25,"WiFi,Parking,Breakfast",STANDARD_ROOM,BREAKFAST,570,Bern,mountain_resort,11,4,2,15,96,FALSE,Spring,TRUE,TRUE,9.1,4.5,13.9,3.6,0,8.2,TRUE,Independent,FALSE
06.04.2026,Monday,Lausanne,ICGVAICA,INTERCONTINENTAL GENEVA,479.1,CHF,4.3,"Poststrasse 35, Lausanne",GVA,46.22461,6.13268,50.46,"WiFi,Parking,Restaurant,Bar",COMFORT_ROOM,ROOM_ONLY,495,Vaud,city,2.4,4,2,15,96,FALSE,Spring,TRUE,TRUE,11.7,5,15.4,1.5,0,8.1,FALSE,IHG (InterContinental),TRUE
06.04.2026,Monday,Lausanne,RTGVAGAR,ibis Geneve Centre Gare,169.73,CHF,3.4,"Marktplatz 47, Lausanne",GVA,46.20765,6.13827,51.39,"WiFi,24h Reception,Luggage Storage",STANDARD_ROOM,ROOM_ONLY,495,Vaud,city,4.1,4,2,15,96,FALSE,Spring,TRUE,TRUE,9.4,2.8,14.6,3,0,8.8,FALSE,Accor (ibis),TRUE
06.04.2026,Monday,Lausanne,RTGVARES,Résidence Studio Genève Centre,153.61,CHF,3.2,"Bahnhofstrasse 65, Lausanne",GVA,46.2117,6.14696,50.59,"WiFi,Gym,Pool,Spa",STANDARD_ROOM,ROOM_ONLY,495,Vaud,city,4.1,4,2,15,96,FALSE,Spring,TRUE,TRUE,14.3,7.4,21.3,4.3,0,8.7,FALSE,Independent,FALSE
06.04.2026,Monday,Luzern,BWZRH091,BEST WESTERN HOTEL ZURCHERHOF,233.12,CHF,4.1,"Kirchgasse 98, Luzern",ZRH,47.37503,8.54445,40.25,"WiFi,Gym,Pool,Spa",STANDARD_ROOM,BREAKFAST,435,Lucerne,city,10,4,2,15,96,FALSE,Spring,TRUE,TRUE,11.6,5.5,17.2,1.8,0,8.3,FALSE,Best Western,TRUE
06.04.2026,Monday,Luzern,MCZRHDTM,Zurich Marriott Hotel,314.26,CHF,4,"Marktplatz 2, Luzern",ZRH,47.38247,8.54026,40.86,"WiFi,24h Reception,Luggage Storage",DELUXE_ROOM,ROOM_ONLY,435,Lucerne,city,9.2,4,2,15,96,FALSE,Spring,TRUE,TRUE,11.8,8.5,15,8.1,0,5.3,FALSE,Marriott,TRUE
06.04.2026,Monday,Luzern,ONZRHCTY,HOTEL CITY,207.41,CHF,3.5,"Bahnhofstrasse 34, Luzern",ZRH,47.37474,8.53611,39.95,"WiFi,Parking,Restaurant,Bar",BUDGET_ROOM,ROOM_ONLY,435,Lucerne,city,10.1,4,2,15,96,FALSE,Spring,TRUE,TRUE,10.8,5.6,14.9,0,0,5.2,FALSE,Independent,FALSE
06.04.2026,Monday,Luzern,XKZRH001,Hotel du Lac,101.08,CHF,3.3,"Poststrasse 14, Luzern",ZRH,47.36649,8.53675,39.14,"WiFi,Parking,Restaurant,Bar",STANDARD_ROOM,BREAKFAST,435,Lucerne,city,11,4,2,15,96,FALSE,Spring,TRUE,TRUE,14.8,11.1,18.7,4.1,0,8.6,FALSE,Independent,FALSE
06.04.2026,Monday,St. Gallen,BWZRH091,BEST WESTERN HOTEL ZURCHERHOF,303.05,CHF,4.3,"Hauptstrasse 44, St. Gallen",ZRH,47.37503,8.54445,62.88,"WiFi,Restaurant,Room Service",STANDARD_ROOM,BREAKFAST,675,St. Gallen,city,10,4,2,15,96,FALSE,Spring,TRUE,TRUE,12.7,7,17.1,7.1,0,8,FALSE,Best Western,TRUE
06.04.2026,Monday,St. Gallen,MCZRHDTM,Zurich Marriott Hotel,404.28,CHF,4.5,"Bahnhofstrasse 72, St. Gallen",ZRH,47.38247,8.54026,63.12,"WiFi,Gym,Pool,Spa",DELUXE_ROOM,ROOM_ONLY,675,St. Gallen,city,9.2,4,2,15,96,FALSE,Spring,TRUE,TRUE,13.1,6.2,19.9,8.7,0,7.1,FALSE,Marriott,TRUE
06.04.2026,Monday,St. Gallen,ONZRHCTY,HOTEL CITY,252.38,CHF,4,"Kirchgasse 86, St. Gallen",ZRH,47.37474,8.53611,63.51,"WiFi,Parking,Restaurant,Bar",BUDGET_ROOM,ROOM_ONLY,675,St. Gallen,city,10.1,4,2,15,96,FALSE,Spring,TRUE,TRUE,13,8.9,19.4,6.7,0,6.4,FALSE,Independent,FALSE
06.04.2026,Monday,St. Gallen,XKZRH001,Hotel du Lac,131.8,CHF,3.2,"Kirchgasse 15, St. Gallen",ZRH,47.36649,8.53675,63.55,"WiFi,Gym,Pool,Spa",STANDARD_ROOM,BREAKFAST,675,St. Gallen,city,11,4,2,15,96,FALSE,Spring,TRUE,TRUE,9,3.6,15.9,3.4,0,7.7,FALSE,Independent,FALSE
06.04.2026,Monday,St. Moritz,BWZRH091,BEST WESTERN HOTEL ZURCHERHOF,209.62,CHF,3.8,"Poststrasse 67, St. Moritz",ZRH,47.37503,8.54445,138.28,"WiFi,Parking,Breakfast",STANDARD_ROOM,BREAKFAST,1856,Graubuenden,alpine_ski_resort,10,4,2,15,96,FALSE,Spring,TRUE,TRUE,3.3,-2.3,6.7,8.4,155,9,TRUE,Best Western,TRUE
06.04.2026,Monday,St. Moritz,MCZRHDTM,Zurich Marriott Hotel,287.81,CHF,4.2,"Poststrasse 81, St. Moritz",ZRH,47.38247,8.54026,139.08,"WiFi,Parking,Breakfast",DELUXE_ROOM,ROOM_ONLY,1856,Graubuenden,alpine_ski_resort,9.2,4,2,15,96,FALSE,Spring,TRUE,TRUE,6.9,3.6,12.5,7.7,75,8.1,TRUE,Marriott,TRUE
06.04.2026,Monday,St. Moritz,ONZRHCTY,HOTEL CITY,191.56,CHF,3.6,"Hauptstrasse 67, St. Moritz",ZRH,47.37474,8.53611,138.7,"WiFi,Parking,Restaurant,Bar",BUDGET_ROOM,ROOM_ONLY,1856,Graubuenden,alpine_ski_resort,10.1,4,2,15,96,FALSE,Spring,TRUE,TRUE,4.7,1.3,8.4,1.4,54,7.7,TRUE,Independent,FALSE
06.04.2026,Monday,St. Moritz,XKZRH001,Hotel du Lac,93.43,CHF,3.2,"Marktplatz 25, St. Moritz",ZRH,47.36649,8.53675,138.03,"WiFi,Parking,Breakfast",STANDARD_ROOM,BREAKFAST,1856,Graubuenden,alpine_ski_resort,11,4,2,15,96,FALSE,Spring,TRUE,TRUE,3,-3.3,6.2,8,171,8.1,TRUE,Independent,FALSE
06.04.2026,Monday,Winterthur,BWZRH091,BEST WESTERN HOTEL ZURCHERHOF,288.16,CHF,3.9,"Bahnhofstrasse 12, Winterthur",ZRH,47.37503,8.54445,20.79,"WiFi,Parking,Breakfast",STANDARD_ROOM,BREAKFAST,439,Zurich,city,10,4,2,15,96,FALSE,Spring,TRUE,TRUE,13.6,7.1,20.3,5.5,0,6,FALSE,Best Western,TRUE
06.04.2026,Monday,Winterthur,MCZRHDTM,Zurich Marriott Hotel,382.97,CHF,4.4,"Bahnhofstrasse 3, Winterthur",ZRH,47.38247,8.54026,20.48,"WiFi,Restaurant,Room Service",DELUXE_ROOM,ROOM_ONLY,439,Zurich,city,9.2,4,2,15,96,FALSE,Spring,TRUE,TRUE,14.4,10.5,20.8,4.1,0,7.7,FALSE,Marriott,TRUE
06.04.2026,Monday,Winterthur,ONZRHCTY,HOTEL CITY,246.78,CHF,4.1,"Kirchgasse 83, Winterthur",ZRH,47.37474,8.53611,21.28,"WiFi,Restaurant,Room Service",BUDGET_ROOM,ROOM_ONLY,439,Zurich,city,10.1,4,2,15,96,FALSE,Spring,TRUE,TRUE,12,6.2,17.2,3.4,0,8.2,FALSE,Independent,FALSE
06.04.2026,Monday,Winterthur,XKZRH001,Hotel du Lac,122.37,CHF,3.1,"Kirchgasse 77, Winterthur",ZRH,47.36649,8.53675,21.86,"WiFi,Gym,Pool,Spa",STANDARD_ROOM,BREAKFAST,439,Zurich,city,11,4,2,15,96,FALSE,Spring,TRUE,TRUE,12,5.1,16.7,5.7,0,8.9,FALSE,Independent,FALSE
06.04.2026,Monday,Zermatt,BWZRH091,BEST WESTERN HOTEL ZURCHERHOF,205.93,CHF,3.2,"Marktplatz 17, Zermatt",ZRH,47.37503,8.54445,162.35,"WiFi,Gym,Pool,Spa",STANDARD_ROOM,BREAKFAST,1620,Valais,alpine_ski_resort,10,4,2,15,96,FALSE,Spring,TRUE,TRUE,8.2,2.9,12.7,5.8,134,5.8,TRUE,Best Western,TRUE
06.04.2026,Monday,Zermatt,MCZRHDTM,Zurich Marriott Hotel,275.31,CHF,4,"Bahnhofstrasse 63, Zermatt",ZRH,47.38247,8.54026,163,"WiFi,Parking,Breakfast",DELUXE_ROOM,ROOM_ONLY,1620,Valais,alpine_ski_resort,9.2,4,2,15,96,FALSE,Spring,TRUE,TRUE,8.1,4.1,13.1,5,41,6.6,TRUE,Marriott,TRUE
06.04.2026,Monday,Zermatt,ONZRHCTY,HOTEL CITY,178.58,CHF,3.7,"Poststrasse 98, Zermatt",ZRH,47.37474,8.53611,162.08,"WiFi,Restaurant,Room Service",BUDGET_ROOM,ROOM_ONLY,1620,Valais,alpine_ski_resort,10.1,4,2,15,96,FALSE,Spring,TRUE,TRUE,4.1,0.1,7.1,9.1,156,5.6,TRUE,Independent,FALSE
06.04.2026,Monday,Zermatt,XKZRH001,Hotel du Lac,88.85,CHF,3.3,"Kirchgasse 53, Zermatt",ZRH,47.36649,8.53675,161.25,"WiFi,24h Reception,Luggage Storage",STANDARD_ROOM,BREAKFAST,1620,Valais,alpine_ski_resort,11,4,2,15,96,FALSE,Spring,TRUE,TRUE,7.5,3.2,13.8,7,60,7.2,TRUE,Independent,FALSE
06.04.2026,Monday,Zuerich,BWZRH091,BEST WESTERN HOTEL ZURCHERHOF,286.23,CHF,3.9,"Hauptstrasse 32, Zuerich",ZRH,47.37503,8.54445,0.29,"WiFi,Gym,Pool,Spa",STANDARD_ROOM,BREAKFAST,408,Zurich,city,10,4,2,15,96,FALSE,Spring,TRUE,TRUE,12.7,6.5,18.7,1.9,0,6.3,FALSE,Best Western,TRUE
06.04.2026,Monday,Zuerich,MCZRHDTM,Zurich Marriott Hotel,380.01,CHF,4.5,"Marktplatz 55, Zuerich",ZRH,47.38247,8.54026,0.63,"WiFi,Restaurant,Room Service",DELUXE_ROOM,ROOM_ONLY,408,Zurich,city,9.2,4,2,15,96,FALSE,Spring,TRUE,TRUE,14.1,7.3,17.1,8.2,0,6.3,FALSE,Marriott,TRUE
06.04.2026,Monday,Zuerich,ONZRHCTY,HOTEL CITY,245.74,CHF,4.1,"Poststrasse 61, Zuerich",ZRH,47.37474,8.53611,0.48,"WiFi,Parking,Breakfast",BUDGET_ROOM,ROOM_ONLY,408,Zurich,city,10.1,4,2,15,96,FALSE,Spring,TRUE,TRUE,14.6,8.4,18,0,0,7.8,FALSE,Independent,FALSE
06.04.2026,Monday,Zuerich,XKZRH001,Hotel du Lac,125.29,CHF,3.2,"Marktplatz 33, Zuerich",ZRH,47.36649,8.53675,1.22,"WiFi,24h Reception,Luggage Storage",STANDARD_ROOM,BREAKFAST,408,Zurich,city,11,4,2,15,96,FALSE,Spring,TRUE,TRUE,10.2,3.9,15.8,7.2,0,8,FALSE,Independent,FALSE
13.04.2026,Monday,Arosa,BWZRH091,BEST WESTERN HOTEL ZURCHERHOF,224.07,CHF,3.3,"Kirchgasse 80, Arosa",ZRH,47.37503,8.54445,107.47,"WiFi,24h Reception,Luggage Storage",STANDARD_ROOM,BREAKFAST,1775,Graubuenden,alpine_ski_resort,10,4,2,16,103,FALSE,Spring,FALSE,TRUE,7.9,4.5,14.4,4.2,86,8.3,FALSE,Best Western,TRUE
13.04.2026,Monday,Arosa,MCZRHDTM,Zurich Marriott Hotel,336.28,CHF,4.2,"Kirchgasse 67, Arosa",ZRH,47.38247,8.54026,108.23,"WiFi,24h Reception,Luggage Storage",STANDARD_ROOM,ROOM_ONLY,1775,Graubuenden,alpine_ski_resort,9.2,4,2,16,103,FALSE,Spring,FALSE,TRUE,5.6,1.4,11,1.7,52,7.4,FALSE,Marriott,TRUE
13.04.2026,Monday,Arosa,ONZRHCTY,HOTEL CITY,186.75,CHF,3.6,"Poststrasse 32, Arosa",ZRH,47.37474,8.53611,107.95,"WiFi,24h Reception,Luggage Storage",BUDGET_ROOM,ROOM_ONLY,1775,Graubuenden,alpine_ski_resort,10.1,4,2,16,103,FALSE,Spring,FALSE,TRUE,5.2,-1.1,12,9.4,152,6.9,FALSE,Independent,FALSE
13.04.2026,Monday,Arosa,XKZRH001,Hotel du Lac,89.38,CHF,2.8,"Hauptstrasse 39, Arosa",ZRH,47.36649,8.53675,107.36,"WiFi,Parking,Restaurant,Bar",STANDARD_ROOM,BREAKFAST,1775,Graubuenden,alpine_ski_resort,11,4,2,16,103,FALSE,Spring,FALSE,TRUE,6.7,1,10.3,6.4,132,8.3,FALSE,Independent,FALSE
13.04.2026,Monday,Basel,RTBSLBAH,ibis Basel Bahnhof,112.85,CHF,3,"Poststrasse 68, Basel",BSL,47.54683,7.58427,1.46,"WiFi,Parking,Restaurant,Bar",STANDARD_ROOM,ROOM_ONLY,260,Basel-Stadt,city,7.2,4,2,16,103,FALSE,Spring,FALSE,TRUE,16.6,11.6,21.1,13,0,7.3,FALSE,Accor (ibis),TRUE
13.04.2026,Monday,Bern,BWBRN230,Best Western Plus Hotel Bern,205.65,CHF,3.5,"Kirchgasse 34, Bern",BRN,46.94877,7.44633,0.12,"WiFi,Gym,Pool,Spa",STANDARD_ROOM,ROOM_ONLY,542,Bern,city,5.5,4,2,16,103,FALSE,Spring,FALSE,TRUE,12.5,7,15.6,3.8,0,7.8,FALSE,Best Western,TRUE
13.04.2026,Monday,Chur,BWZRH091,BEST WESTERN HOTEL ZURCHERHOF,295.16,CHF,4.1,"Marktplatz 76, Chur",ZRH,47.37503,8.54445,94.9,"WiFi,24h Reception,Luggage Storage",STANDARD_ROOM,BREAKFAST,593,Graubuenden,city,10,4,2,16,103,FALSE,Spring,FALSE,TRUE,15.6,11.8,20.1,6.5,0,8.2,FALSE,Best Western,TRUE
13.04.2026,Monday,Chur,MCZRHDTM,Zurich Marriott Hotel,453.7,CHF,4.3,"Hauptstrasse 51, Chur",ZRH,47.38247,8.54026,95.65,"WiFi,Restaurant,Room Service",STANDARD_ROOM,ROOM_ONLY,593,Graubuenden,city,9.2,4,2,16,103,FALSE,Spring,FALSE,TRUE,10.1,3.9,15.9,9.7,0,6,FALSE,Marriott,TRUE
13.04.2026,Monday,Chur,ONZRHCTY,HOTEL CITY,258.85,CHF,4,"Marktplatz 11, Chur",ZRH,47.37474,8.53611,95.38,"WiFi,Parking,Breakfast",BUDGET_ROOM,ROOM_ONLY,593,Graubuenden,city,10.1,4,2,16,103,FALSE,Spring,FALSE,TRUE,11.7,5.8,15.5,6.3,0,9.4,FALSE,Independent,FALSE
13.04.2026,Monday,Chur,XKZRH001,Hotel du Lac,127.12,CHF,3.2,"Bahnhofstrasse 32, Chur",ZRH,47.36649,8.53675,94.78,"WiFi,Parking,Breakfast",STANDARD_ROOM,BREAKFAST,593,Graubuenden,city,11,4,2,16,103,FALSE,Spring,FALSE,TRUE,11.7,5.1,15.7,6.6,0,6.5,FALSE,Independent,FALSE
13.04.2026,Monday,Genf,RTGVAGAR,ibis Geneve Centre Gare,174.63,CHF,3.7,"Poststrasse 83, Genf",GVA,46.20765,6.13827,0.52,"WiFi,Parking,Restaurant,Bar",STANDARD_ROOM,ROOM_ONLY,375,Geneva,city,4.1,4,2,16,103,FALSE,Spring,FALSE,TRUE,12.4,7.3,17.8,5.3,0,7.4,FALSE,Accor (ibis),TRUE
13.04.2026,Monday,Genf,RTGVARES,Résidence Studio Genève Centre,152.94,CHF,3.3,"Poststrasse 63, Genf",GVA,46.2117,6.14696,0.86,"WiFi,Parking,Restaurant,Bar",STANDARD_ROOM,ROOM_ONLY,375,Geneva,city,4.1,4,2,16,103,FALSE,Spring,FALSE,TRUE,14.6,8.7,19.6,7.2,0,6.1,FALSE,Independent,FALSE
13.04.2026,Monday,Interlaken,BWZRH091,BEST WESTERN HOTEL ZURCHERHOF,252.74,CHF,4.2,"Poststrasse 65, Interlaken",ZRH,47.37503,8.54445,92.36,"WiFi,Parking,Restaurant,Bar",STANDARD_ROOM,BREAKFAST,570,Bern,mountain_resort,10,4,2,16,103,FALSE,Spring,FALSE,TRUE,10.1,6.2,13.8,5.7,0,9.3,FALSE,Best Western,TRUE
13.04.2026,Monday,Interlaken,MCZRHDTM,Zurich Marriott Hotel,374.06,CHF,4.5,"Marktplatz 61, Interlaken",ZRH,47.38247,8.54026,92.87,"WiFi,Restaurant,Room Service",STANDARD_ROOM,ROOM_ONLY,570,Bern,mountain_resort,9.2,4,2,16,103,FALSE,Spring,FALSE,TRUE,15.8,11.6,22.7,6.3,0,6.3,FALSE,Marriott,TRUE
13.04.2026,Monday,Interlaken,ONZRHCTY,HOTEL CITY,203.55,CHF,3.7,"Poststrasse 82, Interlaken",ZRH,47.37474,8.53611,91.98,"WiFi,Parking,Breakfast",BUDGET_ROOM,ROOM_ONLY,570,Bern,mountain_resort,10.1,4,2,16,103,FALSE,Spring,FALSE,TRUE,14.6,8.2,20.7,6.9,0,8.2,FALSE,Independent,FALSE
13.04.2026,Monday,Interlaken,XKZRH001,Hotel du Lac,108.73,CHF,3.3,"Kirchgasse 96, Interlaken",ZRH,47.36649,8.53675,91.25,"WiFi,Parking,Restaurant,Bar",STANDARD_ROOM,BREAKFAST,570,Bern,mountain_resort,11,4,2,16,103,FALSE,Spring,FALSE,TRUE,12.8,6.3,16.3,5.7,0,8.3,FALSE,Independent,FALSE
13.04.2026,Monday,Lausanne,RTGVAGAR,ibis Geneve Centre Gare,165.45,CHF,3.7,"Poststrasse 56, Lausanne",GVA,46.20765,6.13827,51.39,"WiFi,Restaurant,Room Service",STANDARD_ROOM,ROOM_ONLY,495,Vaud,city,4.1,4,2,16,103,FALSE,Spring,FALSE,TRUE,12.1,7.3,15.1,4.9,0,8.7,FALSE,Accor (ibis),TRUE
13.04.2026,Monday,Lausanne,RTGVARES,Résidence Studio Genève Centre,155.87,CHF,3.4,"Poststrasse 70, Lausanne",GVA,46.2117,6.14696,50.59,"WiFi,Restaurant,Room Service",STANDARD_ROOM,ROOM_ONLY,495,Vaud,city,4.1,4,2,16,103,FALSE,Spring,FALSE,TRUE,15.8,9.9,21.1,3.2,0,6.4,FALSE,Independent,FALSE
13.04.2026,Monday,Luzern,BWZRH091,BEST WESTERN HOTEL ZURCHERHOF,238.2,CHF,4.1,"Kirchgasse 56, Luzern",ZRH,47.37503,8.54445,40.25,"WiFi,Gym,Pool,Spa",STANDARD_ROOM,BREAKFAST,435,Lucerne,city,10,4,2,16,103,FALSE,Spring,FALSE,TRUE,15.8,11.2,20.3,1.2,0,5.8,FALSE,Best Western,TRUE
13.04.2026,Monday,Luzern,MCZRHDTM,Zurich Marriott Hotel,354.77,CHF,4.6,"Poststrasse 90, Luzern",ZRH,47.38247,8.54026,40.86,"WiFi,Parking,Restaurant,Bar",STANDARD_ROOM,ROOM_ONLY,435,Lucerne,city,9.2,4,2,16,103,FALSE,Spring,FALSE,TRUE,15.6,11.8,21,11.9,0,9.4,FALSE,Marriott,TRUE
13.04.2026,Monday,Luzern,ONZRHCTY,HOTEL CITY,204.05,CHF,3.6,"Poststrasse 36, Luzern",ZRH,47.37474,8.53611,39.95,"WiFi,Parking,Breakfast",BUDGET_ROOM,ROOM_ONLY,435,Lucerne,city,10.1,4,2,16,103,FALSE,Spring,FALSE,TRUE,15.9,12.7,20.8,8.1,0,6.8,FALSE,Independent,FALSE
13.04.2026,Monday,Luzern,XKZRH001,Hotel du Lac,103.26,CHF,3.2,"Poststrasse 94, Luzern",ZRH,47.36649,8.53675,39.14,"WiFi,Parking,Breakfast",STANDARD_ROOM,BREAKFAST,435,Lucerne,city,11,4,2,16,103,FALSE,Spring,FALSE,TRUE,13.9,10.2,18.2,4.5,0,8.2,FALSE,Independent,FALSE
13.04.2026,Monday,St. Gallen,BWZRH091,BEST WESTERN HOTEL ZURCHERHOF,308.06,CHF,3.9,"Poststrasse 87, St. Gallen",ZRH,47.37503,8.54445,62.88,"WiFi,Gym,Pool,Spa",STANDARD_ROOM,BREAKFAST,675,St. Gallen,city,10,4,2,16,103,FALSE,Spring,FALSE,TRUE,10.9,5.2,16.2,8.7,0,8,FALSE,Best Western,TRUE
13.04.2026,Monday,St. Gallen,MCZRHDTM,Zurich Marriott Hotel,449.47,CHF,4.3,"Hauptstrasse 20, St. Gallen",ZRH,47.38247,8.54026,63.12,"WiFi,Parking,Breakfast",STANDARD_ROOM,ROOM_ONLY,675,St. Gallen,city,9.2,4,2,16,103,FALSE,Spring,FALSE,TRUE,13.4,7.9,19.2,5.9,0,6.9,FALSE,Marriott,TRUE
13.04.2026,Monday,St. Gallen,ONZRHCTY,HOTEL CITY,244.6,CHF,3.7,"Marktplatz 1, St. Gallen",ZRH,47.37474,8.53611,63.51,"WiFi,24h Reception,Luggage Storage",BUDGET_ROOM,ROOM_ONLY,675,St. Gallen,city,10.1,4,2,16,103,FALSE,Spring,FALSE,TRUE,14.3,10.1,20.7,3.2,0,6.2,FALSE,Independent,FALSE
13.04.2026,Monday,St. Gallen,XKZRH001,Hotel du Lac,131.5,CHF,2.8,"Bahnhofstrasse 59, St. Gallen",ZRH,47.36649,8.53675,63.55,"WiFi,Parking,Restaurant,Bar",STANDARD_ROOM,BREAKFAST,675,St. Gallen,city,11,4,2,16,103,FALSE,Spring,FALSE,TRUE,13.1,9.1,16.4,6.4,0,9.4,FALSE,Independent,FALSE
13.04.2026,Monday,St. Moritz,BWZRH091,BEST WESTERN HOTEL ZURCHERHOF,214.42,CHF,3.4,"Poststrasse 54, St. Moritz",ZRH,47.37503,8.54445,138.28,"WiFi,Parking,Breakfast",STANDARD_ROOM,BREAKFAST,1856,Graubuenden,alpine_ski_resort,10,4,2,16,103,FALSE,Spring,FALSE,TRUE,7.2,1.3,12.4,7.5,40,6.9,FALSE,Best Western,TRUE
13.04.2026,Monday,St. Moritz,MCZRHDTM,Zurich Marriott Hotel,326.57,CHF,3.9,"Poststrasse 88, St. Moritz",ZRH,47.38247,8.54026,139.08,"WiFi,24h Reception,Luggage Storage",STANDARD_ROOM,ROOM_ONLY,1856,Graubuenden,alpine_ski_resort,9.2,4,2,16,103,FALSE,Spring,FALSE,TRUE,3.5,-1,6.9,9.4,17,9.1,FALSE,Marriott,TRUE
13.04.2026,Monday,St. Moritz,ONZRHCTY,HOTEL CITY,187.14,CHF,3.7,"Bahnhofstrasse 40, St. Moritz",ZRH,47.37474,8.53611,138.7,"WiFi,24h Reception,Luggage Storage",BUDGET_ROOM,ROOM_ONLY,1856,Graubuenden,alpine_ski_resort,10.1,4,2,16,103,FALSE,Spring,FALSE,TRUE,3.5,0.4,9.3,6.7,75,9.3,FALSE,Independent,FALSE
13.04.2026,Monday,St. Moritz,XKZRH001,Hotel du Lac,90.89,CHF,3,"Poststrasse 53, St. Moritz",ZRH,47.36649,8.53675,138.03,"WiFi,Gym,Pool,Spa",STANDARD_ROOM,BREAKFAST,1856,Graubuenden,alpine_ski_resort,11,4,2,16,103,FALSE,Spring,FALSE,TRUE,6,2.4,10.3,2,134,8,FALSE,Independent,FALSE
13.04.2026,Monday,Winterthur,BWZRH091,BEST WESTERN HOTEL ZURCHERHOF,290.52,CHF,4,"Marktplatz 41, Winterthur",ZRH,47.37503,8.54445,20.79,"WiFi,24h Reception,Luggage Storage",STANDARD_ROOM,BREAKFAST,439,Zurich,city,10,4,2,16,103,FALSE,Spring,FALSE,TRUE,11.9,8.8,18.6,6.6,0,9.3,FALSE,Best Western,TRUE
13.04.2026,Monday,Winterthur,MCZRHDTM,Zurich Marriott Hotel,477.68,CHF,4.8,"Marktplatz 39, Winterthur",ZRH,47.38247,8.54026,20.48,"WiFi,24h Reception,Luggage Storage",STANDARD_ROOM,ROOM_ONLY,439,Zurich,city,9.2,4,2,16,103,FALSE,Spring,FALSE,TRUE,15.7,10.4,18.9,7.2,0,9.5,FALSE,Marriott,TRUE
13.04.2026,Monday,Winterthur,ONZRHCTY,HOTEL CITY,246.1,CHF,4.1,"Poststrasse 45, Winterthur",ZRH,47.37474,8.53611,21.28,"WiFi,Restaurant,Room Service",BUDGET_ROOM,ROOM_ONLY,439,Zurich,city,10.1,4,2,16,103,FALSE,Spring,FALSE,TRUE,10.7,5,14.4,5.9,0,6.8,FALSE,Independent,FALSE
13.04.2026,Monday,Winterthur,XKZRH001,Hotel du Lac,128.79,CHF,3.1,"Poststrasse 3, Winterthur",ZRH,47.36649,8.53675,21.86,"WiFi,Gym,Pool,Spa",STANDARD_ROOM,BREAKFAST,439,Zurich,city,11,4,2,16,103,FALSE,Spring,FALSE,TRUE,13.8,8.5,17.1,9,0,6.3,FALSE,Independent,FALSE
13.04.2026,Monday,Zermatt,BWZRH091,BEST WESTERN HOTEL ZURCHERHOF,212.9,CHF,3.4,"Bahnhofstrasse 77, Zermatt",ZRH,47.37503,8.54445,162.35,"WiFi,Parking,Restaurant,Bar",STANDARD_ROOM,BREAKFAST,1620,Valais,alpine_ski_resort,10,4,2,16,103,FALSE,Spring,FALSE,TRUE,6.4,1,12.2,7.7,136,6.2,FALSE,Best Western,TRUE
13.04.2026,Monday,Zermatt,MCZRHDTM,Zurich Marriott Hotel,329.24,CHF,3.9,"Kirchgasse 25, Zermatt",ZRH,47.38247,8.54026,163,"WiFi,Gym,Pool,Spa",STANDARD_ROOM,ROOM_ONLY,1620,Valais,alpine_ski_resort,9.2,4,2,16,103,FALSE,Spring,FALSE,TRUE,8.2,2.1,12,11.6,77,9.2,FALSE,Marriott,TRUE
13.04.2026,Monday,Zermatt,ONZRHCTY,HOTEL CITY,177.58,CHF,3.3,"Kirchgasse 1, Zermatt",ZRH,47.37474,8.53611,162.08,"WiFi,Parking,Restaurant,Bar",BUDGET_ROOM,ROOM_ONLY,1620,Valais,alpine_ski_resort,10.1,4,2,16,103,FALSE,Spring,FALSE,TRUE,7.4,2,14.1,3.4,99,9,FALSE,Independent,FALSE
13.04.2026,Monday,Zermatt,XKZRH001,Hotel du Lac,90.35,CHF,2.8,"Marktplatz 14, Zermatt",ZRH,47.36649,8.53675,161.25,"WiFi,24h Reception,Luggage Storage",STANDARD_ROOM,BREAKFAST,1620,Valais,alpine_ski_resort,11,4,2,16,103,FALSE,Spring,FALSE,TRUE,4.1,-1.3,10,7,119,7,FALSE,Independent,FALSE
13.04.2026,Monday,Zuerich,BWZRH091,BEST WESTERN HOTEL ZURCHERHOF,294.46,CHF,4.2,"Bahnhofstrasse 54, Zuerich",ZRH,47.37503,8.54445,0.29,"WiFi,Restaurant,Room Service",STANDARD_ROOM,BREAKFAST,408,Zurich,city,10,4,2,16,103,FALSE,Spring,FALSE,TRUE,15.6,11.6,20.1,2.6,0,9.4,FALSE,Best Western,TRUE
13.04.2026,Monday,Zuerich,MCZRHDTM,Zurich Marriott Hotel,453.49,CHF,4.6,"Kirchgasse 25, Zuerich",ZRH,47.38247,8.54026,0.63,"WiFi,Parking,Restaurant,Bar",STANDARD_ROOM,ROOM_ONLY,408,Zurich,city,9.2,4,2,16,103,FALSE,Spring,FALSE,TRUE,14.7,10.4,18.2,0,0,7.8,FALSE,Marriott,TRUE
13.04.2026,Monday,Zuerich,ONZRHCTY,HOTEL CITY,248.31,CHF,4.1,"Marktplatz 75, Zuerich",ZRH,47.37474,8.53611,0.48,"WiFi,Gym,Pool,Spa",BUDGET_ROOM,ROOM_ONLY,408,Zurich,city,10.1,4,2,16,103,FALSE,Spring,FALSE,TRUE,13.9,7.2,18.4,3.2,0,5.6,FALSE,Independent,FALSE
13.04.2026,Monday,Zuerich,XKZRH001,Hotel du Lac,127.64,CHF,3,"Marktplatz 1, Zuerich",ZRH,47.36649,8.53675,1.22,"WiFi,Parking,Restaurant,Bar",STANDARD_ROOM,BREAKFAST,408,Zurich,city,11,4,2,16,103,FALSE,Spring,FALSE,TRUE,11.6,7.6,18.1,7.8,0,8.9,FALSE,Independent,FALSE
20.04.2026,Monday,Arosa,BWZRH091,BEST WESTERN HOTEL ZURCHERHOF,218.83,CHF,3.2,"Bahnhofstrasse 51, Arosa",ZRH,47.37503,8.54445,107.47,"WiFi,Gym,Pool,Spa",STANDARD_ROOM,BREAKFAST,1775,Graubuenden,alpine_ski_resort,10,4,2,17,110,FALSE,Spring,FALSE,FALSE,4.3,-2.5,9.4,5.1,0,7,FALSE,Best Western,TRUE
20.04.2026,Monday,Arosa,MCZRHDTM,Zurich Marriott Hotel,376.63,CHF,4.3,"Bahnhofstrasse 90, Arosa",ZRH,47.38247,8.54026,108.23,"WiFi,Gym,Pool,Spa",DELUXE_ROOM,ROOM_ONLY,1775,Graubuenden,alpine_ski_resort,9.2,4,2,17,110,FALSE,Spring,FALSE,FALSE,6,1,10,4.9,0,9.3,FALSE,Marriott,TRUE
20.04.2026,Monday,Arosa,ONZRHCTY,HOTEL CITY,187.21,CHF,3.8,"Marktplatz 69, Arosa",ZRH,47.37474,8.53611,107.95,"WiFi,Parking,Restaurant,Bar",BUDGET_ROOM,ROOM_ONLY,1775,Graubuenden,alpine_ski_resort,10.1,4,2,17,110,FALSE,Spring,FALSE,FALSE,5.1,1.5,11.1,0.5,0,6.4,FALSE,Independent,FALSE
20.04.2026,Monday,Arosa,XKZRH001,Hotel du Lac,90.56,CHF,3.3,"Kirchgasse 46, Arosa",ZRH,47.36649,8.53675,107.36,"WiFi,Gym,Pool,Spa",STANDARD_ROOM,BREAKFAST,1775,Graubuenden,alpine_ski_resort,11,4,2,17,110,FALSE,Spring,FALSE,FALSE,4.5,-1.4,9.2,4.3,0,7.8,FALSE,Independent,FALSE
20.04.2026,Monday,Basel,RTBSLBAH,ibis Basel Bahnhof,111.83,CHF,3.1,"Poststrasse 78, Basel",BSL,47.54683,7.58427,1.46,"WiFi,Parking,Breakfast",STANDARD_ROOM,ROOM_ONLY,260,Basel-Stadt,city,7.2,4,2,17,110,FALSE,Spring,FALSE,FALSE,15.1,9.5,19.9,7.8,0,8.6,FALSE,Accor (ibis),TRUE
20.04.2026,Monday,Bern,BWBRN230,Best Western Plus Hotel Bern,212.6,CHF,3.3,"Marktplatz 29, Bern",BRN,46.94877,7.44633,0.12,"WiFi,24h Reception,Luggage Storage",STANDARD_ROOM,ROOM_ONLY,542,Bern,city,5.5,4,2,17,110,FALSE,Spring,FALSE,FALSE,17,13.6,21.8,8.7,0,6.4,FALSE,Best Western,TRUE
20.04.2026,Monday,Chur,BWZRH091,BEST WESTERN HOTEL ZURCHERHOF,285.73,CHF,4.2,"Poststrasse 72, Chur",ZRH,47.37503,8.54445,94.9,"WiFi,Parking,Restaurant,Bar",STANDARD_ROOM,BREAKFAST,593,Graubuenden,city,10,4,2,17,110,FALSE,Spring,FALSE,FALSE,10.9,4.6,15.4,7.1,0,8.9,FALSE,Best Western,TRUE
20.04.2026,Monday,Chur,MCZRHDTM,Zurich Marriott Hotel,470.67,CHF,4.5,"Kirchgasse 52, Chur",ZRH,47.38247,8.54026,95.65,"WiFi,24h Reception,Luggage Storage",DELUXE_ROOM,ROOM_ONLY,593,Graubuenden,city,9.2,4,2,17,110,FALSE,Spring,FALSE,FALSE,15,10.2,20.9,3.7,0,8.9,FALSE,Marriott,TRUE
20.04.2026,Monday,Chur,ONZRHCTY,HOTEL CITY,249.65,CHF,4.2,"Poststrasse 39, Chur",ZRH,47.37474,8.53611,95.38,"WiFi,Parking,Restaurant,Bar",BUDGET_ROOM,ROOM_ONLY,593,Graubuenden,city,10.1,4,2,17,110,FALSE,Spring,FALSE,FALSE,10.9,4.6,15.6,6.5,0,9,FALSE,Independent,FALSE
20.04.2026,Monday,Chur,XKZRH001,Hotel du Lac,123.76,CHF,2.9,"Hauptstrasse 51, Chur",ZRH,47.36649,8.53675,94.78,"WiFi,Parking,Restaurant,Bar",STANDARD_ROOM,BREAKFAST,593,Graubuenden,city,11,4,2,17,110,FALSE,Spring,FALSE,FALSE,13.5,7.4,16.9,7.1,0,6.1,FALSE,Independent,FALSE
20.04.2026,Monday,Genf,ICGVAICA,INTERCONTINENTAL GENEVA,638.05,CHF,4.3,"Poststrasse 95, Genf",GVA,46.22461,6.13268,2.39,"WiFi,24h Reception,Luggage Storage",COMFORT_ROOM,ROOM_ONLY,375,Geneva,city,2.4,4,2,17,110,FALSE,Spring,FALSE,FALSE,12.1,6.4,17.2,5.9,0,7.3,FALSE,IHG (InterContinental),TRUE
20.04.2026,Monday,Genf,RTGVAGAR,ibis Geneve Centre Gare,171.83,CHF,3.6,"Marktplatz 91, Genf",GVA,46.20765,6.13827,0.52,"WiFi,24h Reception,Luggage Storage",STANDARD_ROOM,ROOM_ONLY,375,Geneva,city,4.1,4,2,17,110,FALSE,Spring,FALSE,FALSE,13.7,9.4,19.1,4.7,0,10,FALSE,Accor (ibis),TRUE
20.04.2026,Monday,Genf,RTGVARES,Résidence Studio Genève Centre,155.84,CHF,3.5,"Bahnhofstrasse 79, Genf",GVA,46.2117,6.14696,0.86,"WiFi,24h Reception,Luggage Storage",STANDARD_ROOM,ROOM_ONLY,375,Geneva,city,4.1,4,2,17,110,FALSE,Spring,FALSE,FALSE,14.3,10,20.3,3.7,0,7,FALSE,Independent,FALSE
20.04.2026,Monday,Interlaken,BWZRH091,BEST WESTERN HOTEL ZURCHERHOF,236.65,CHF,3.7,"Kirchgasse 47, Interlaken",ZRH,47.37503,8.54445,92.36,"WiFi,Parking,Restaurant,Bar",STANDARD_ROOM,BREAKFAST,570,Bern,mountain_resort,10,4,2,17,110,FALSE,Spring,FALSE,FALSE,15.8,11.9,21.6,4.8,0,6.7,FALSE,Best Western,TRUE
20.04.2026,Monday,Interlaken,MCZRHDTM,Zurich Marriott Hotel,413.85,CHF,4.3,"Marktplatz 88, Interlaken",ZRH,47.38247,8.54026,92.87,"WiFi,Restaurant,Room Service",DELUXE_ROOM,ROOM_ONLY,570,Bern,mountain_resort,9.2,4,2,17,110,FALSE,Spring,FALSE,FALSE,12.7,6.8,16.5,4.8,0,8.2,FALSE,Marriott,TRUE
20.04.2026,Monday,Interlaken,ONZRHCTY,HOTEL CITY,202.45,CHF,3.7,"Hauptstrasse 72, Interlaken",ZRH,47.37474,8.53611,91.98,"WiFi,Gym,Pool,Spa",BUDGET_ROOM,ROOM_ONLY,570,Bern,mountain_resort,10.1,4,2,17,110,FALSE,Spring,FALSE,FALSE,16.1,12.1,19.3,8.9,0,8.2,FALSE,Independent,FALSE
20.04.2026,Monday,Interlaken,XKZRH001,Hotel du Lac,100,CHF,3.3,"Kirchgasse 46, Interlaken",ZRH,47.36649,8.53675,91.25,"WiFi,Parking,Breakfast",STANDARD_ROOM,BREAKFAST,570,Bern,mountain_resort,11,4,2,17,110,FALSE,Spring,FALSE,FALSE,14.9,9.6,19,7.9,0,9.9,FALSE,Independent,FALSE
20.04.2026,Monday,Lausanne,ICGVAICA,INTERCONTINENTAL GENEVA,584.22,CHF,4.5,"Kirchgasse 59, Lausanne",GVA,46.22461,6.13268,50.46,"WiFi,Parking,Restaurant,Bar",COMFORT_ROOM,ROOM_ONLY,495,Vaud,city,2.4,4,2,17,110,FALSE,Spring,FALSE,FALSE,14.2,8.6,20.7,7.8,0,7.4,FALSE,IHG (InterContinental),TRUE
20.04.2026,Monday,Lausanne,RTGVAGAR,ibis Geneve Centre Gare,172.42,CHF,3.8,"Marktplatz 87, Lausanne",GVA,46.20765,6.13827,51.39,"WiFi,Parking,Restaurant,Bar",STANDARD_ROOM,ROOM_ONLY,495,Vaud,city,4.1,4,2,17,110,FALSE,Spring,FALSE,FALSE,16.6,11,20.9,1.5,0,9.3,FALSE,Accor (ibis),TRUE
20.04.2026,Monday,Lausanne,RTGVARES,Résidence Studio Genève Centre,153.97,CHF,3.7,"Marktplatz 6, Lausanne",GVA,46.2117,6.14696,50.59,"WiFi,24h Reception,Luggage Storage",STANDARD_ROOM,ROOM_ONLY,495,Vaud,city,4.1,4,2,17,110,FALSE,Spring,FALSE,FALSE,15.9,10.7,19.5,3,0,7.4,FALSE,Independent,FALSE
20.04.2026,Monday,Luzern,BWZRH091,BEST WESTERN HOTEL ZURCHERHOF,237.45,CHF,3.8,"Hauptstrasse 89, Luzern",ZRH,47.37503,8.54445,40.25,"WiFi,Parking,Breakfast",STANDARD_ROOM,BREAKFAST,435,Lucerne,city,10,4,2,17,110,FALSE,Spring,FALSE,FALSE,13,8.5,16.8,4.3,0,9.6,FALSE,Best Western,TRUE
20.04.2026,Monday,Luzern,ONZRHCTY,HOTEL CITY,201.67,CHF,3.3,"Hauptstrasse 18, Luzern",ZRH,47.37474,8.53611,39.95,"WiFi,Gym,Pool,Spa",BUDGET_ROOM,ROOM_ONLY,435,Lucerne,city,10.1,4,2,17,110,FALSE,Spring,FALSE,FALSE,14.2,9.3,20.9,6,0,8.1,FALSE,Independent,FALSE
20.04.2026,Monday,St. Gallen,BWZRH091,BEST WESTERN HOTEL ZURCHERHOF,284.98,CHF,4,"Poststrasse 65, St. Gallen",ZRH,47.37503,8.54445,62.88,"WiFi,Restaurant,Room Service",STANDARD_ROOM,BREAKFAST,675,St. Gallen,city,10,4,2,17,110,FALSE,Spring,FALSE,FALSE,14.3,8.7,17.8,6.3,0,6.5,FALSE,Best Western,TRUE
20.04.2026,Monday,St. Gallen,MCZRHDTM,Zurich Marriott Hotel,480.53,CHF,4.4,"Kirchgasse 20, St. Gallen",ZRH,47.38247,8.54026,63.12,"WiFi,Parking,Restaurant,Bar",DELUXE_ROOM,ROOM_ONLY,675,St. Gallen,city,9.2,4,2,17,110,FALSE,Spring,FALSE,FALSE,10.9,7.8,17,2.1,0,9.9,FALSE,Marriott,TRUE
20.04.2026,Monday,St. Gallen,ONZRHCTY,HOTEL CITY,250.62,CHF,3.9,"Poststrasse 58, St. Gallen",ZRH,47.37474,8.53611,63.51,"WiFi,Parking,Restaurant,Bar",BUDGET_ROOM,ROOM_ONLY,675,St. Gallen,city,10.1,4,2,17,110,FALSE,Spring,FALSE,FALSE,11.6,5.6,16.2,3,0,9.5,FALSE,Independent,FALSE
20.04.2026,Monday,St. Gallen,XKZRH001,Hotel du Lac,129.63,CHF,3,"Hauptstrasse 29, St. Gallen",ZRH,47.36649,8.53675,63.55,"WiFi,Parking,Breakfast",STANDARD_ROOM,BREAKFAST,675,St. Gallen,city,11,4,2,17,110,FALSE,Spring,FALSE,FALSE,11.1,7.8,17.4,4.2,0,6.7,FALSE,Independent,FALSE
20.04.2026,Monday,St. Moritz,BWZRH091,BEST WESTERN HOTEL ZURCHERHOF,216.06,CHF,3.6,"Hauptstrasse 14, St. Moritz",ZRH,47.37503,8.54445,138.28,"WiFi,24h Reception,Luggage Storage",STANDARD_ROOM,BREAKFAST,1856,Graubuenden,alpine_ski_resort,10,4,2,17,110,FALSE,Spring,FALSE,FALSE,3.7,0.6,8.2,2.4,0,6.2,FALSE,Best Western,TRUE
20.04.2026,Monday,St. Moritz,MCZRHDTM,Zurich Marriott Hotel,372.43,CHF,4.4,"Poststrasse 90, St. Moritz",ZRH,47.38247,8.54026,139.08,"WiFi,Parking,Breakfast",DELUXE_ROOM,ROOM_ONLY,1856,Graubuenden,alpine_ski_resort,9.2,4,2,17,110,FALSE,Spring,FALSE,FALSE,4.6,0,8.9,4.6,0,6.8,FALSE,Marriott,TRUE
20.04.2026,Monday,St. Moritz,ONZRHCTY,HOTEL CITY,197.77,CHF,3.2,"Marktplatz 77, St. Moritz",ZRH,47.37474,8.53611,138.7,"WiFi,Restaurant,Room Service",BUDGET_ROOM,ROOM_ONLY,1856,Graubuenden,alpine_ski_resort,10.1,4,2,17,110,FALSE,Spring,FALSE,FALSE,4.2,0.2,9.3,3.1,0,7.4,FALSE,Independent,FALSE
20.04.2026,Monday,St. Moritz,XKZRH001,Hotel du Lac,97.21,CHF,2.8,"Poststrasse 67, St. Moritz",ZRH,47.36649,8.53675,138.03,"WiFi,Parking,Breakfast",STANDARD_ROOM,BREAKFAST,1856,Graubuenden,alpine_ski_resort,11,4,2,17,110,FALSE,Spring,FALSE,FALSE,7.5,2.2,13.7,10,0,9.4,FALSE,Independent,FALSE
20.04.2026,Monday,Winterthur,BWZRH091,BEST WESTERN HOTEL ZURCHERHOF,297.68,CHF,3.8,"Poststrasse 70, Winterthur",ZRH,47.37503,8.54445,20.79,"WiFi,24h Reception,Luggage Storage",STANDARD_ROOM,BREAKFAST,439,Zurich,city,10,4,2,17,110,FALSE,Spring,FALSE,FALSE,13.8,7.2,17.6,4.2,0,6.4,FALSE,Best Western,TRUE
20.04.2026,Monday,Winterthur,MCZRHDTM,Zurich Marriott Hotel,476.48,CHF,4.7,"Bahnhofstrasse 74, Winterthur",ZRH,47.38247,8.54026,20.48,"WiFi,Parking,Breakfast",DELUXE_ROOM,ROOM_ONLY,439,Zurich,city,9.2,4,2,17,110,FALSE,Spring,FALSE,FALSE,12.2,6.8,18.5,4.2,0,9.9,FALSE,Marriott,TRUE
20.04.2026,Monday,Winterthur,ONZRHCTY,HOTEL CITY,257.99,CHF,3.8,"Marktplatz 40, Winterthur",ZRH,47.37474,8.53611,21.28,"WiFi,24h Reception,Luggage Storage",BUDGET_ROOM,ROOM_ONLY,439,Zurich,city,10.1,4,2,17,110,FALSE,Spring,FALSE,FALSE,15.8,10.8,19.7,4.2,0,6.7,FALSE,Independent,FALSE
20.04.2026,Monday,Winterthur,XKZRH001,Hotel du Lac,131.2,CHF,3,"Poststrasse 19, Winterthur",ZRH,47.36649,8.53675,21.86,"WiFi,24h Reception,Luggage Storage",STANDARD_ROOM,BREAKFAST,439,Zurich,city,11,4,2,17,110,FALSE,Spring,FALSE,FALSE,11.9,7.4,18.5,4.6,0,8.1,FALSE,Independent,FALSE
20.04.2026,Monday,Zermatt,BWZRH091,BEST WESTERN HOTEL ZURCHERHOF,213.01,CHF,3.7,"Bahnhofstrasse 22, Zermatt",ZRH,47.37503,8.54445,162.35,"WiFi,24h Reception,Luggage Storage",STANDARD_ROOM,BREAKFAST,1620,Valais,alpine_ski_resort,10,4,2,17,110,FALSE,Spring,FALSE,FALSE,5.4,1.6,10.5,2.3,0,7.4,FALSE,Best Western,TRUE
20.04.2026,Monday,Zermatt,MCZRHDTM,Zurich Marriott Hotel,365.35,CHF,4.7,"Kirchgasse 46, Zermatt",ZRH,47.38247,8.54026,163,"WiFi,Restaurant,Room Service",DELUXE_ROOM,ROOM_ONLY,1620,Valais,alpine_ski_resort,9.2,4,2,17,110,FALSE,Spring,FALSE,FALSE,6.5,2.8,11.3,2,0,8.2,FALSE,Marriott,TRUE
20.04.2026,Monday,Zermatt,ONZRHCTY,HOTEL CITY,182.69,CHF,3.6,"Kirchgasse 60, Zermatt",ZRH,47.37474,8.53611,162.08,"WiFi,Restaurant,Room Service",BUDGET_ROOM,ROOM_ONLY,1620,Valais,alpine_ski_resort,10.1,4,2,17,110,FALSE,Spring,FALSE,FALSE,8,2.5,11.4,5.2,0,8.4,FALSE,Independent,FALSE
20.04.2026,Monday,Zermatt,XKZRH001,Hotel du Lac,98.27,CHF,2.8,"Bahnhofstrasse 50, Zermatt",ZRH,47.36649,8.53675,161.25,"WiFi,Restaurant,Room Service",STANDARD_ROOM,BREAKFAST,1620,Valais,alpine_ski_resort,11,4,2,17,110,FALSE,Spring,FALSE,FALSE,9.1,5.3,15.4,3,0,6.3,FALSE,Independent,FALSE
20.04.2026,Monday,Zuerich,BWZRH091,BEST WESTERN HOTEL ZURCHERHOF,301.3,CHF,4,"Kirchgasse 53, Zuerich",ZRH,47.37503,8.54445,0.29,"WiFi,Parking,Restaurant,Bar",STANDARD_ROOM,BREAKFAST,408,Zurich,city,10,4,2,17,110,FALSE,Spring,FALSE,FALSE,13.9,9.3,20.5,0.3,0,8.4,FALSE,Best Western,TRUE
20.04.2026,Monday,Zuerich,MCZRHDTM,Zurich Marriott Hotel,487.12,CHF,4.5,"Poststrasse 1, Zuerich",ZRH,47.38247,8.54026,0.63,"WiFi,Parking,Breakfast",DELUXE_ROOM,ROOM_ONLY,408,Zurich,city,9.2,4,2,17,110,FALSE,Spring,FALSE,FALSE,12.2,7,16.1,4.6,0,6.6,FALSE,Marriott,TRUE
20.04.2026,Monday,Zuerich,ONZRHCTY,HOTEL CITY,263.56,CHF,4.1,"Kirchgasse 1, Zuerich",ZRH,47.37474,8.53611,0.48,"WiFi,Gym,Pool,Spa",BUDGET_ROOM,ROOM_ONLY,408,Zurich,city,10.1,4,2,17,110,FALSE,Spring,FALSE,FALSE,13.4,9.7,17.6,5,0,9.1,FALSE,Independent,FALSE
20.04.2026,Monday,Zuerich,XKZRH001,Hotel du Lac,122.48,CHF,2.9,"Kirchgasse 12, Zuerich",ZRH,47.36649,8.53675,1.22,"WiFi,Parking,Restaurant,Bar",STANDARD_ROOM,BREAKFAST,408,Zurich,city,11,4,2,17,110,FALSE,Spring,FALSE,FALSE,15.4,9.4,19.8,4.7,0,6.9,FALSE,Independent,FALSE
27.04.2026,Monday,Arosa,BWZRH091,BEST WESTERN HOTEL ZURCHERHOF,231.37,CHF,3.9,"Hauptstrasse 98, Arosa",ZRH,47.37503,8.54445,107.47,"WiFi,Parking,Restaurant,Bar",STANDARD_ROOM,BREAKFAST,1775,Graubuenden,alpine_ski_resort,10,4,2,18,117,FALSE,Spring,FALSE,FALSE,10.6,6.8,15.7,1.1,0,8,FALSE,Best Western,TRUE
27.04.2026,Monday,Arosa,MCZRHDTM,Zurich Marriott Hotel,392.75,CHF,4.7,"Kirchgasse 99, Arosa",ZRH,47.38247,8.54026,108.23,"WiFi,Gym,Pool,Spa",STANDARD_ROOM,ROOM_ONLY,1775,Graubuenden,alpine_ski_resort,9.2,4,2,18,117,FALSE,Spring,FALSE,FALSE,5.7,-0.3,10.1,0.4,0,9.6,FALSE,Marriott,TRUE
27.04.2026,Monday,Arosa,ONZRHCTY,HOTEL CITY,184.14,CHF,3.7,"Bahnhofstrasse 51, Arosa",ZRH,47.37474,8.53611,107.95,"WiFi,Gym,Pool,Spa",BUDGET_ROOM,ROOM_ONLY,1775,Graubuenden,alpine_ski_resort,10.1,4,2,18,117,FALSE,Spring,FALSE,FALSE,5,1.6,11.7,7,0,8.6,FALSE,Independent,FALSE
27.04.2026,Monday,Arosa,XKZRH001,Hotel du Lac,99.61,CHF,2.9,"Poststrasse 10, Arosa",ZRH,47.36649,8.53675,107.36,"WiFi,Parking,Restaurant,Bar",STANDARD_ROOM,BREAKFAST,1775,Graubuenden,alpine_ski_resort,11,4,2,18,117,FALSE,Spring,FALSE,FALSE,4.9,0.6,9.2,8.6,0,8.9,FALSE,Independent,FALSE
27.04.2026,Monday,Basel,RTBSLBAH,ibis Basel Bahnhof,109.86,CHF,2.9,"Poststrasse 42, Basel",BSL,47.54683,7.58427,1.46,"WiFi,Parking,Restaurant,Bar",STANDARD_ROOM,ROOM_ONLY,260,Basel-Stadt,city,7.2,4,2,18,117,FALSE,Spring,FALSE,FALSE,17.2,10.7,23.6,0.4,0,7.7,FALSE,Accor (ibis),TRUE
27.04.2026,Monday,Bern,BWBRN230,Best Western Plus Hotel Bern,206.61,CHF,3.4,"Hauptstrasse 64, Bern",BRN,46.94877,7.44633,0.12,"WiFi,Parking,Restaurant,Bar",STANDARD_ROOM,ROOM_ONLY,542,Bern,city,5.5,4,2,18,117,FALSE,Spring,FALSE,FALSE,13.8,8.4,19,7.3,0,7,FALSE,Best Western,TRUE
27.04.2026,Monday,Chur,BWZRH091,BEST WESTERN HOTEL ZURCHERHOF,273.81,CHF,4.2,"Bahnhofstrasse 98, Chur",ZRH,47.37503,8.54445,94.9,"WiFi,Parking,Restaurant,Bar",STANDARD_ROOM,BREAKFAST,593,Graubuenden,city,10,4,2,18,117,FALSE,Spring,FALSE,FALSE,17.3,11.3,21.7,7,0,7.7,FALSE,Best Western,TRUE
27.04.2026,Monday,Chur,MCZRHDTM,Zurich Marriott Hotel,471.41,CHF,4.8,"Kirchgasse 70, Chur",ZRH,47.38247,8.54026,95.65,"WiFi,Restaurant,Room Service",STANDARD_ROOM,ROOM_ONLY,593,Graubuenden,city,9.2,4,2,18,117,FALSE,Spring,FALSE,FALSE,16.3,11.2,21.3,5.7,0,8.3,FALSE,Marriott,TRUE
27.04.2026,Monday,Chur,ONZRHCTY,HOTEL CITY,238.78,CHF,4.1,"Poststrasse 46, Chur",ZRH,47.37474,8.53611,95.38,"WiFi,24h Reception,Luggage Storage",BUDGET_ROOM,ROOM_ONLY,593,Graubuenden,city,10.1,4,2,18,117,FALSE,Spring,FALSE,FALSE,13.4,8.8,17,4.5,0,8,FALSE,Independent,FALSE
27.04.2026,Monday,Chur,XKZRH001,Hotel du Lac,115.75,CHF,2.9,"Kirchgasse 95, Chur",ZRH,47.36649,8.53675,94.78,"WiFi,Restaurant,Room Service",STANDARD_ROOM,BREAKFAST,593,Graubuenden,city,11,4,2,18,117,FALSE,Spring,FALSE,FALSE,17.3,11.2,22,2.6,0,7.6,FALSE,Independent,FALSE
27.04.2026,Monday,Genf,ICGVAICA,INTERCONTINENTAL GENEVA,541.3,CHF,4.3,"Poststrasse 92, Genf",GVA,46.22461,6.13268,2.39,"WiFi,Restaurant,Room Service",COMFORT_ROOM,ROOM_ONLY,375,Geneva,city,2.4,4,2,18,117,FALSE,Spring,FALSE,FALSE,18.2,15.1,24.5,4.6,0,10,FALSE,IHG (InterContinental),TRUE
27.04.2026,Monday,Genf,RTGVAGAR,ibis Geneve Centre Gare,149.35,CHF,3.1,"Bahnhofstrasse 84, Genf",GVA,46.20765,6.13827,0.52,"WiFi,Restaurant,Room Service",STANDARD_ROOM,ROOM_ONLY,375,Geneva,city,4.1,4,2,18,117,FALSE,Spring,FALSE,FALSE,15.5,9.8,20.3,0,0,10.2,FALSE,Accor (ibis),TRUE
27.04.2026,Monday,Genf,RTGVARES,Résidence Studio Genève Centre,137.39,CHF,2.9,"Kirchgasse 54, Genf",GVA,46.2117,6.14696,0.86,"WiFi,Restaurant,Room Service",STANDARD_ROOM,ROOM_ONLY,375,Geneva,city,4.1,4,2,18,117,FALSE,Spring,FALSE,FALSE,14.3,10.6,21.1,4.7,0,7.9,FALSE,Independent,FALSE
27.04.2026,Monday,Interlaken,BWZRH091,BEST WESTERN HOTEL ZURCHERHOF,236.53,CHF,3.8,"Poststrasse 42, Interlaken",ZRH,47.37503,8.54445,92.36,"WiFi,Parking,Restaurant,Bar",STANDARD_ROOM,BREAKFAST,570,Bern,mountain_resort,10,4,2,18,117,FALSE,Spring,FALSE,FALSE,16.5,10.4,23.2,4.2,0,9.9,FALSE,Best Western,TRUE
27.04.2026,Monday,Interlaken,MCZRHDTM,Zurich Marriott Hotel,432.14,CHF,4.8,"Marktplatz 11, Interlaken",ZRH,47.38247,8.54026,92.87,"WiFi,Parking,Breakfast",STANDARD_ROOM,ROOM_ONLY,570,Bern,mountain_resort,9.2,4,2,18,117,FALSE,Spring,FALSE,FALSE,17.7,14.6,23.6,11.2,0,7.1,FALSE,Marriott,TRUE
27.04.2026,Monday,Interlaken,ONZRHCTY,HOTEL CITY,203.39,CHF,3.7,"Marktplatz 54, Interlaken",ZRH,47.37474,8.53611,91.98,"WiFi,Gym,Pool,Spa",BUDGET_ROOM,ROOM_ONLY,570,Bern,mountain_resort,10.1,4,2,18,117,FALSE,Spring,FALSE,FALSE,12.8,6.8,19,11.9,0,10,FALSE,Independent,FALSE
27.04.2026,Monday,Interlaken,XKZRH001,Hotel du Lac,106.4,CHF,2.9,"Kirchgasse 62, Interlaken",ZRH,47.36649,8.53675,91.25,"WiFi,Gym,Pool,Spa",STANDARD_ROOM,BREAKFAST,570,Bern,mountain_resort,11,4,2,18,117,FALSE,Spring,FALSE,FALSE,16.9,11,23,3.4,0,10.2,FALSE,Independent,FALSE
27.04.2026,Monday,Lausanne,ICGVAICA,INTERCONTINENTAL GENEVA,503.36,CHF,4.6,"Bahnhofstrasse 76, Lausanne",GVA,46.22461,6.13268,50.46,"WiFi,Parking,Breakfast",COMFORT_ROOM,ROOM_ONLY,495,Vaud,city,2.4,4,2,18,117,FALSE,Spring,FALSE,FALSE,17.7,13.2,22.2,8.3,0,6.7,FALSE,IHG (InterContinental),TRUE
27.04.2026,Monday,Lausanne,RTGVAGAR,ibis Geneve Centre Gare,152.26,CHF,3.8,"Hauptstrasse 41, Lausanne",GVA,46.20765,6.13827,51.39,"WiFi,Parking,Restaurant,Bar",STANDARD_ROOM,ROOM_ONLY,495,Vaud,city,4.1,4,2,18,117,FALSE,Spring,FALSE,FALSE,14.7,10.1,19,4.1,0,9.2,FALSE,Accor (ibis),TRUE
27.04.2026,Monday,Lausanne,RTGVARES,Résidence Studio Genève Centre,148.11,CHF,2.9,"Kirchgasse 85, Lausanne",GVA,46.2117,6.14696,50.59,"WiFi,Parking,Restaurant,Bar",STANDARD_ROOM,ROOM_ONLY,495,Vaud,city,4.1,4,2,18,117,FALSE,Spring,FALSE,FALSE,15,10.6,21.1,5.3,0,9.3,FALSE,Independent,FALSE
27.04.2026,Monday,Luzern,BWZRH091,BEST WESTERN HOTEL ZURCHERHOF,235.55,CHF,4.2,"Poststrasse 95, Luzern",ZRH,47.37503,8.54445,40.25,"WiFi,Parking,Restaurant,Bar",STANDARD_ROOM,BREAKFAST,435,Lucerne,city,10,4,2,18,117,FALSE,Spring,FALSE,FALSE,17.7,13.2,21.7,2.8,0,8.2,FALSE,Best Western,TRUE
27.04.2026,Monday,Luzern,MCZRHDTM,Zurich Marriott Hotel,408.28,CHF,4.4,"Poststrasse 66, Luzern",ZRH,47.38247,8.54026,40.86,"WiFi,24h Reception,Luggage Storage",STANDARD_ROOM,ROOM_ONLY,435,Lucerne,city,9.2,4,2,18,117,FALSE,Spring,FALSE,FALSE,16.7,11.9,22.1,4.6,0,7.4,FALSE,Marriott,TRUE
27.04.2026,Monday,Luzern,ONZRHCTY,HOTEL CITY,199.93,CHF,3.2,"Hauptstrasse 58, Luzern",ZRH,47.37474,8.53611,39.95,"WiFi,Parking,Restaurant,Bar",BUDGET_ROOM,ROOM_ONLY,435,Lucerne,city,10.1,4,2,18,117,FALSE,Spring,FALSE,FALSE,16.8,13.6,20.1,8.3,0,8.5,FALSE,Independent,FALSE
27.04.2026,Monday,Luzern,XKZRH001,Hotel du Lac,98.91,CHF,2.8,"Hauptstrasse 9, Luzern",ZRH,47.36649,8.53675,39.14,"WiFi,Restaurant,Room Service",STANDARD_ROOM,BREAKFAST,435,Lucerne,city,11,4,2,18,117,FALSE,Spring,FALSE,FALSE,14.3,11,20.5,5,0,7.7,FALSE,Independent,FALSE
27.04.2026,Monday,St. Gallen,BWZRH091,BEST WESTERN HOTEL ZURCHERHOF,268.42,CHF,3.9,"Kirchgasse 34, St. Gallen",ZRH,47.37503,8.54445,62.88,"WiFi,Parking,Restaurant,Bar",STANDARD_ROOM,BREAKFAST,675,St. Gallen,city,10,4,2,18,117,FALSE,Spring,FALSE,FALSE,16.6,11.1,20.6,0.5,0,7.6,FALSE,Best Western,TRUE
27.04.2026,Monday,St. Gallen,MCZRHDTM,Zurich Marriott Hotel,446.02,CHF,4.2,"Marktplatz 30, St. Gallen",ZRH,47.38247,8.54026,63.12,"WiFi,Gym,Pool,Spa",STANDARD_ROOM,ROOM_ONLY,675,St. Gallen,city,9.2,4,2,18,117,FALSE,Spring,FALSE,FALSE,16,10.4,20.8,7.8,0,9.1,FALSE,Marriott,TRUE
27.04.2026,Monday,St. Gallen,ONZRHCTY,HOTEL CITY,233.48,CHF,3.9,"Poststrasse 44, St. Gallen",ZRH,47.37474,8.53611,63.51,"WiFi,Parking,Restaurant,Bar",BUDGET_ROOM,ROOM_ONLY,675,St. Gallen,city,10.1,4,2,18,117,FALSE,Spring,FALSE,FALSE,12,7.8,18.1,8.3,0,7.3,FALSE,Independent,FALSE
27.04.2026,Monday,St. Gallen,XKZRH001,Hotel du Lac,114.18,CHF,3.2,"Bahnhofstrasse 23, St. Gallen",ZRH,47.36649,8.53675,63.55,"WiFi,24h Reception,Luggage Storage",STANDARD_ROOM,BREAKFAST,675,St. Gallen,city,11,4,2,18,117,FALSE,Spring,FALSE,FALSE,13.7,8.5,20,0.5,0,9.4,FALSE,Independent,FALSE
27.04.2026,Monday,St. Moritz,BWZRH091,BEST WESTERN HOTEL ZURCHERHOF,214.04,CHF,3.8,"Bahnhofstrasse 69, St. Moritz",ZRH,47.37503,8.54445,138.28,"WiFi,Parking,Breakfast",STANDARD_ROOM,BREAKFAST,1856,Graubuenden,alpine_ski_resort,10,4,2,18,117,FALSE,Spring,FALSE,FALSE,4.5,0.7,10.3,0.6,0,8.6,FALSE,Best Western,TRUE
27.04.2026,Monday,St. Moritz,MCZRHDTM,Zurich Marriott Hotel,393.14,CHF,4.8,"Hauptstrasse 69, St. Moritz",ZRH,47.38247,8.54026,139.08,"WiFi,Gym,Pool,Spa",STANDARD_ROOM,ROOM_ONLY,1856,Graubuenden,alpine_ski_resort,9.2,4,2,18,117,FALSE,Spring,FALSE,FALSE,9.6,3.6,13.8,7.4,0,7.4,FALSE,Marriott,TRUE
27.04.2026,Monday,St. Moritz,ONZRHCTY,HOTEL CITY,183.04,CHF,3.2,"Marktplatz 48, St. Moritz",ZRH,47.37474,8.53611,138.7,"WiFi,Parking,Breakfast",BUDGET_ROOM,ROOM_ONLY,1856,Graubuenden,alpine_ski_resort,10.1,4,2,18,117,FALSE,Spring,FALSE,FALSE,4.5,-0.6,11,4.3,0,7.3,FALSE,Independent,FALSE
27.04.2026,Monday,St. Moritz,XKZRH001,Hotel du Lac,96.14,CHF,2.8,"Poststrasse 2, St. Moritz",ZRH,47.36649,8.53675,138.03,"WiFi,Gym,Pool,Spa",STANDARD_ROOM,BREAKFAST,1856,Graubuenden,alpine_ski_resort,11,4,2,18,117,FALSE,Spring,FALSE,FALSE,6.8,0.8,13.7,1.7,0,8.3,FALSE,Independent,FALSE
27.04.2026,Monday,Winterthur,BWZRH091,BEST WESTERN HOTEL ZURCHERHOF,259.88,CHF,3.8,"Kirchgasse 23, Winterthur",ZRH,47.37503,8.54445,20.79,"WiFi,24h Reception,Luggage Storage",STANDARD_ROOM,BREAKFAST,439,Zurich,city,10,4,2,18,117,FALSE,Spring,FALSE,FALSE,13.9,7.8,20,8.1,0,8,FALSE,Best Western,TRUE
27.04.2026,Monday,Winterthur,MCZRHDTM,Zurich Marriott Hotel,481.64,CHF,4.2,"Bahnhofstrasse 32, Winterthur",ZRH,47.38247,8.54026,20.48,"WiFi,Parking,Restaurant,Bar",STANDARD_ROOM,ROOM_ONLY,439,Zurich,city,9.2,4,2,18,117,FALSE,Spring,FALSE,FALSE,15.1,10,19.6,6.8,0,6.6,FALSE,Marriott,TRUE
27.04.2026,Monday,Winterthur,ONZRHCTY,HOTEL CITY,224.91,CHF,3.3,"Bahnhofstrasse 20, Winterthur",ZRH,47.37474,8.53611,21.28,"WiFi,Restaurant,Room Service",BUDGET_ROOM,ROOM_ONLY,439,Zurich,city,10.1,4,2,18,117,FALSE,Spring,FALSE,FALSE,14.4,10.5,20.9,5.3,0,9.7,FALSE,Independent,FALSE
27.04.2026,Monday,Winterthur,XKZRH001,Hotel du Lac,117.99,CHF,3,"Kirchgasse 92, Winterthur",ZRH,47.36649,8.53675,21.86,"WiFi,24h Reception,Luggage Storage",STANDARD_ROOM,BREAKFAST,439,Zurich,city,11,4,2,18,117,FALSE,Spring,FALSE,FALSE,16,11.2,21.3,7.2,0,9,FALSE,Independent,FALSE
27.04.2026,Monday,Zermatt,BWZRH091,BEST WESTERN HOTEL ZURCHERHOF,228.65,CHF,3.9,"Kirchgasse 63, Zermatt",ZRH,47.37503,8.54445,162.35,"WiFi,Gym,Pool,Spa",STANDARD_ROOM,BREAKFAST,1620,Valais,alpine_ski_resort,10,4,2,18,117,FALSE,Spring,FALSE,FALSE,7.7,3.8,14.7,6.9,0,8.3,FALSE,Best Western,TRUE
27.04.2026,Monday,Zermatt,MCZRHDTM,Zurich Marriott Hotel,395.22,CHF,4.6,"Marktplatz 82, Zermatt",ZRH,47.38247,8.54026,163,"WiFi,Restaurant,Room Service",STANDARD_ROOM,ROOM_ONLY,1620,Valais,alpine_ski_resort,9.2,4,2,18,117,FALSE,Spring,FALSE,FALSE,10.1,4.2,15.8,3.2,0,8.2,FALSE,Marriott,TRUE
27.04.2026,Monday,Zermatt,ONZRHCTY,HOTEL CITY,184.44,CHF,3.6,"Kirchgasse 60, Zermatt",ZRH,47.37474,8.53611,162.08,"WiFi,24h Reception,Luggage Storage",BUDGET_ROOM,ROOM_ONLY,1620,Valais,alpine_ski_resort,10.1,4,2,18,117,FALSE,Spring,FALSE,FALSE,6,1.7,10.8,5.8,0,8.7,FALSE,Independent,FALSE
27.04.2026,Monday,Zermatt,XKZRH001,Hotel du Lac,92.58,CHF,3,"Hauptstrasse 31, Zermatt",ZRH,47.36649,8.53675,161.25,"WiFi,Parking,Breakfast",STANDARD_ROOM,BREAKFAST,1620,Valais,alpine_ski_resort,11,4,2,18,117,FALSE,Spring,FALSE,FALSE,6.7,1.4,11.3,12.2,0,6.5,FALSE,Independent,FALSE
27.04.2026,Monday,Zuerich,BWZRH091,BEST WESTERN HOTEL ZURCHERHOF,260.51,CHF,3.7,"Hauptstrasse 88, Zuerich",ZRH,47.37503,8.54445,0.29,"WiFi,Parking,Restaurant,Bar",STANDARD_ROOM,BREAKFAST,408,Zurich,city,10,4,2,18,117,FALSE,Spring,FALSE,FALSE,14.9,10.2,19,3.2,0,6.8,FALSE,Best Western,TRUE
27.04.2026,Monday,Zuerich,MCZRHDTM,Zurich Marriott Hotel,463.46,CHF,4.2,"Kirchgasse 72, Zuerich",ZRH,47.38247,8.54026,0.63,"WiFi,Parking,Restaurant,Bar",STANDARD_ROOM,ROOM_ONLY,408,Zurich,city,9.2,4,2,18,117,FALSE,Spring,FALSE,FALSE,18.7,14.7,23.4,7.2,0,9.2,FALSE,Marriott,TRUE
27.04.2026,Monday,Zuerich,ONZRHCTY,HOTEL CITY,228.62,CHF,3.8,"Kirchgasse 82, Zuerich",ZRH,47.37474,8.53611,0.48,"WiFi,Parking,Breakfast",BUDGET_ROOM,ROOM_ONLY,408,Zurich,city,10.1,4,2,18,117,FALSE,Spring,FALSE,FALSE,14.5,9.8,19,0,0,7.9,FALSE,Independent,FALSE
27.04.2026,Monday,Zuerich,XKZRH001,Hotel du Lac,116.16,CHF,2.8,"Poststrasse 15, Zuerich",ZRH,47.36649,8.53675,1.22,"WiFi,24h Reception,Luggage Storage",STANDARD_ROOM,BREAKFAST,408,Zurich,city,11,4,2,18,117,FALSE,Spring,FALSE,FALSE,15.4,8.9,18.4,11.2,0,8.9,FALSE,Independent,FALSE
04.05.2026,Monday,Arosa,BWZRH091,BEST WESTERN HOTEL ZURCHERHOF,230.37,CHF,3.8,"Marktplatz 25, Arosa",ZRH,47.37503,8.54445,107.47,"WiFi,Parking,Breakfast",STANDARD_ROOM,BREAKFAST,1775,Graubuenden,alpine_ski_resort,10,5,2,19,124,FALSE,Spring,FALSE,FALSE,9,5.4,15.4,0,0,9.2,FALSE,Best Western,TRUE
04.05.2026,Monday,Arosa,MCZRHDTM,Zurich Marriott Hotel,437.42,CHF,4.6,"Hauptstrasse 43, Arosa",ZRH,47.38247,8.54026,108.23,"WiFi,Parking,Restaurant,Bar",STANDARD_ROOM,ROOM_ONLY,1775,Graubuenden,alpine_ski_resort,9.2,5,2,19,124,FALSE,Spring,FALSE,FALSE,7.6,2.5,13.6,6.4,0,8.8,FALSE,Marriott,TRUE
04.05.2026,Monday,Arosa,ONZRHCTY,HOTEL CITY,187.02,CHF,3.4,"Hauptstrasse 7, Arosa",ZRH,47.37474,8.53611,107.95,"WiFi,Parking,Restaurant,Bar",BUDGET_ROOM,ROOM_ONLY,1775,Graubuenden,alpine_ski_resort,10.1,5,2,19,124,FALSE,Spring,FALSE,FALSE,10.3,4.1,14.1,3.4,0,8.1,FALSE,Independent,FALSE
04.05.2026,Monday,Arosa,XKZRH001,Hotel du Lac,94.21,CHF,3.1,"Hauptstrasse 11, Arosa",ZRH,47.36649,8.53675,107.36,"WiFi,Parking,Restaurant,Bar",STANDARD_ROOM,BREAKFAST,1775,Graubuenden,alpine_ski_resort,11,5,2,19,124,FALSE,Spring,FALSE,FALSE,9.5,6,13.4,6.4,0,8.9,FALSE,Independent,FALSE
04.05.2026,Monday,Basel,RTBSLBAH,ibis Basel Bahnhof,113.7,CHF,3.2,"Marktplatz 42, Basel",BSL,47.54683,7.58427,1.46,"WiFi,24h Reception,Luggage Storage",STANDARD_ROOM,ROOM_ONLY,260,Basel-Stadt,city,7.2,5,2,19,124,FALSE,Spring,FALSE,FALSE,18.8,15.1,22.1,3.9,0,7.2,FALSE,Accor (ibis),TRUE
04.05.2026,Monday,Bern,BWBRN230,Best Western Plus Hotel Bern,210.73,CHF,3.6,"Hauptstrasse 5, Bern",BRN,46.94877,7.44633,0.12,"WiFi,Gym,Pool,Spa",STANDARD_ROOM,ROOM_ONLY,542,Bern,city,5.5,5,2,19,124,FALSE,Spring,FALSE,FALSE,16.3,10.7,20.7,3.5,0,8.5,FALSE,Best Western,TRUE
04.05.2026,Monday,Chur,BWZRH091,BEST WESTERN HOTEL ZURCHERHOF,280.06,CHF,3.9,"Kirchgasse 20, Chur",ZRH,47.37503,8.54445,94.9,"WiFi,Restaurant,Room Service",STANDARD_ROOM,BREAKFAST,593,Graubuenden,city,10,5,2,19,124,FALSE,Spring,FALSE,FALSE,14.3,7.5,17.9,5.5,0,10,FALSE,Best Western,TRUE
04.05.2026,Monday,Chur,MCZRHDTM,Zurich Marriott Hotel,525.29,CHF,4.5,"Poststrasse 44, Chur",ZRH,47.38247,8.54026,95.65,"WiFi,Gym,Pool,Spa",STANDARD_ROOM,ROOM_ONLY,593,Graubuenden,city,9.2,5,2,19,124,FALSE,Spring,FALSE,FALSE,18.5,12,23.5,0,0,9.6,FALSE,Marriott,TRUE
04.05.2026,Monday,Chur,ONZRHCTY,HOTEL CITY,235.11,CHF,4.2,"Kirchgasse 78, Chur",ZRH,47.37474,8.53611,95.38,"WiFi,24h Reception,Luggage Storage",BUDGET_ROOM,ROOM_ONLY,593,Graubuenden,city,10.1,5,2,19,124,FALSE,Spring,FALSE,FALSE,14.3,8.2,21,9.9,0,7.2,FALSE,Independent,FALSE
04.05.2026,Monday,Chur,XKZRH001,Hotel du Lac,111.61,CHF,2.9,"Marktplatz 81, Chur",ZRH,47.36649,8.53675,94.78,"WiFi,Restaurant,Room Service",STANDARD_ROOM,BREAKFAST,593,Graubuenden,city,11,5,2,19,124,FALSE,Spring,FALSE,FALSE,17.1,10.4,21.8,3.8,0,6.9,FALSE,Independent,FALSE
04.05.2026,Monday,Genf,ICGVAICA,INTERCONTINENTAL GENEVA,548.06,CHF,4.3,"Bahnhofstrasse 53, Genf",GVA,46.22461,6.13268,2.39,"WiFi,Parking,Breakfast",COMFORT_ROOM,ROOM_ONLY,375,Geneva,city,2.4,5,2,19,124,FALSE,Spring,FALSE,FALSE,15,11.5,21.1,1.2,0,8.4,FALSE,IHG (InterContinental),TRUE
04.05.2026,Monday,Genf,RTGVAGAR,ibis Geneve Centre Gare,160.81,CHF,3.2,"Bahnhofstrasse 86, Genf",GVA,46.20765,6.13827,0.52,"WiFi,Parking,Restaurant,Bar",STANDARD_ROOM,ROOM_ONLY,375,Geneva,city,4.1,5,2,19,124,FALSE,Spring,FALSE,FALSE,17.9,14.8,22,5.1,0,7.6,FALSE,Accor (ibis),TRUE
04.05.2026,Monday,Genf,RTGVARES,Résidence Studio Genève Centre,141.64,CHF,3.1,"Marktplatz 67, Genf",GVA,46.2117,6.14696,0.86,"WiFi,Restaurant,Room Service",STANDARD_ROOM,ROOM_ONLY,375,Geneva,city,4.1,5,2,19,124,FALSE,Spring,FALSE,FALSE,18.2,13.4,22.1,4.8,0,8.6,FALSE,Independent,FALSE
04.05.2026,Monday,Interlaken,BWZRH091,BEST WESTERN HOTEL ZURCHERHOF,243.61,CHF,4.2,"Kirchgasse 6, Interlaken",ZRH,47.37503,8.54445,92.36,"WiFi,Parking,Restaurant,Bar",STANDARD_ROOM,BREAKFAST,570,Bern,mountain_resort,10,5,2,19,124,FALSE,Spring,FALSE,FALSE,17,13.6,21,4.4,0,7.1,FALSE,Best Western,TRUE
04.05.2026,Monday,Interlaken,MCZRHDTM,Zurich Marriott Hotel,472.75,CHF,4.3,"Kirchgasse 17, Interlaken",ZRH,47.38247,8.54026,92.87,"WiFi,Parking,Restaurant,Bar",STANDARD_ROOM,ROOM_ONLY,570,Bern,mountain_resort,9.2,5,2,19,124,FALSE,Spring,FALSE,FALSE,16,10.2,20,5.2,0,6.8,FALSE,Marriott,TRUE
04.05.2026,Monday,Interlaken,ONZRHCTY,HOTEL CITY,207.25,CHF,3.7,"Bahnhofstrasse 57, Interlaken",ZRH,47.37474,8.53611,91.98,"WiFi,24h Reception,Luggage Storage",BUDGET_ROOM,ROOM_ONLY,570,Bern,mountain_resort,10.1,5,2,19,124,FALSE,Spring,FALSE,FALSE,17.9,13.4,22.7,6.9,0,9.5,FALSE,Independent,FALSE
04.05.2026,Monday,Interlaken,XKZRH001,Hotel du Lac,106.17,CHF,2.9,"Kirchgasse 62, Interlaken",ZRH,47.36649,8.53675,91.25,"WiFi,Gym,Pool,Spa",STANDARD_ROOM,BREAKFAST,570,Bern,mountain_resort,11,5,2,19,124,FALSE,Spring,FALSE,FALSE,15.3,8.3,21.3,0,0,8.5,FALSE,Independent,FALSE
04.05.2026,Monday,Lausanne,ICGVAICA,INTERCONTINENTAL GENEVA,524.78,CHF,4.5,"Marktplatz 55, Lausanne",GVA,46.22461,6.13268,50.46,"WiFi,Parking,Breakfast",COMFORT_ROOM,ROOM_ONLY,495,Vaud,city,2.4,5,2,19,124,FALSE,Spring,FALSE,FALSE,17.5,10.9,24.2,7.2,0,8.1,FALSE,IHG (InterContinental),TRUE
04.05.2026,Monday,Lausanne,RTGVAGAR,ibis Geneve Centre Gare,160.91,CHF,3.3,"Kirchgasse 66, Lausanne",GVA,46.20765,6.13827,51.39,"WiFi,Restaurant,Room Service",STANDARD_ROOM,ROOM_ONLY,495,Vaud,city,4.1,5,2,19,124,FALSE,Spring,FALSE,FALSE,16.5,11.1,23.1,4.3,0,8.3,FALSE,Accor (ibis),TRUE
04.05.2026,Monday,Lausanne,RTGVARES,Résidence Studio Genève Centre,145.08,CHF,3.2,"Hauptstrasse 43, Lausanne",GVA,46.2117,6.14696,50.59,"WiFi,Parking,Restaurant,Bar",STANDARD_ROOM,ROOM_ONLY,495,Vaud,city,4.1,5,2,19,124,FALSE,Spring,FALSE,FALSE,17.4,12.1,21.6,1.2,0,8,FALSE,Independent,FALSE
04.05.2026,Monday,Luzern,BWZRH091,BEST WESTERN HOTEL ZURCHERHOF,232.27,CHF,3.9,"Marktplatz 85, Luzern",ZRH,47.37503,8.54445,40.25,"WiFi,Parking,Breakfast",STANDARD_ROOM,BREAKFAST,435,Lucerne,city,10,5,2,19,124,FALSE,Spring,FALSE,FALSE,16.8,10.1,21.2,7.5,0,10.3,FALSE,Best Western,TRUE
04.05.2026,Monday,Luzern,MCZRHDTM,Zurich Marriott Hotel,460.35,CHF,4.6,"Kirchgasse 76, Luzern",ZRH,47.38247,8.54026,40.86,"WiFi,Parking,Breakfast",STANDARD_ROOM,ROOM_ONLY,435,Lucerne,city,9.2,5,2,19,124,FALSE,Spring,FALSE,FALSE,16.8,10.6,20.5,5.3,0,9.1,FALSE,Marriott,TRUE
04.05.2026,Monday,Luzern,ONZRHCTY,HOTEL CITY,202.05,CHF,3.6,"Marktplatz 4, Luzern",ZRH,47.37474,8.53611,39.95,"WiFi,Restaurant,Room Service",BUDGET_ROOM,ROOM_ONLY,435,Lucerne,city,10.1,5,2,19,124,FALSE,Spring,FALSE,FALSE,18,12.5,21.4,11.3,0,10,FALSE,Independent,FALSE
04.05.2026,Monday,Luzern,XKZRH001,Hotel du Lac,102.5,CHF,2.8,"Kirchgasse 97, Luzern",ZRH,47.36649,8.53675,39.14,"WiFi,Parking,Breakfast",STANDARD_ROOM,BREAKFAST,435,Lucerne,city,11,5,2,19,124,FALSE,Spring,FALSE,FALSE,16.4,12.6,22.6,6.3,0,8.7,FALSE,Independent,FALSE
04.05.2026,Monday,St. Gallen,BWZRH091,BEST WESTERN HOTEL ZURCHERHOF,268.33,CHF,3.7,"Kirchgasse 79, St. Gallen",ZRH,47.37503,8.54445,62.88,"WiFi,Parking,Breakfast",STANDARD_ROOM,BREAKFAST,675,St. Gallen,city,10,5,2,19,124,FALSE,Spring,FALSE,FALSE,17,13.3,21.6,3.8,0,10.2,FALSE,Best Western,TRUE
04.05.2026,Monday,St. Gallen,ONZRHCTY,HOTEL CITY,225.93,CHF,3.8,"Kirchgasse 34, St. Gallen",ZRH,47.37474,8.53611,63.51,"WiFi,Restaurant,Room Service",BUDGET_ROOM,ROOM_ONLY,675,St. Gallen,city,10.1,5,2,19,124,FALSE,Spring,FALSE,FALSE,15.6,9.5,20.5,0,0,9.9,FALSE,Independent,FALSE
04.05.2026,Monday,St. Moritz,BWZRH091,BEST WESTERN HOTEL ZURCHERHOF,229.37,CHF,4.1,"Poststrasse 79, St. Moritz",ZRH,47.37503,8.54445,138.28,"WiFi,Parking,Restaurant,Bar",STANDARD_ROOM,BREAKFAST,1856,Graubuenden,alpine_ski_resort,10,5,2,19,124,FALSE,Spring,FALSE,FALSE,11.1,7.1,14.1,7.5,0,8.5,FALSE,Best Western,TRUE
04.05.2026,Monday,St. Moritz,MCZRHDTM,Zurich Marriott Hotel,448.93,CHF,4.3,"Marktplatz 47, St. Moritz",ZRH,47.38247,8.54026,139.08,"WiFi,Gym,Pool,Spa",STANDARD_ROOM,ROOM_ONLY,1856,Graubuenden,alpine_ski_resort,9.2,5,2,19,124,FALSE,Spring,FALSE,FALSE,7.8,4.2,12.3,5.1,0,8.5,FALSE,Marriott,TRUE
04.05.2026,Monday,St. Moritz,ONZRHCTY,HOTEL CITY,184.73,CHF,3.6,"Kirchgasse 68, St. Moritz",ZRH,47.37474,8.53611,138.7,"WiFi,Restaurant,Room Service",BUDGET_ROOM,ROOM_ONLY,1856,Graubuenden,alpine_ski_resort,10.1,5,2,19,124,FALSE,Spring,FALSE,FALSE,9.5,2.9,13.7,6.9,0,8.3,FALSE,Independent,FALSE
04.05.2026,Monday,St. Moritz,XKZRH001,Hotel du Lac,99.18,CHF,2.9,"Kirchgasse 18, St. Moritz",ZRH,47.36649,8.53675,138.03,"WiFi,Parking,Breakfast",STANDARD_ROOM,BREAKFAST,1856,Graubuenden,alpine_ski_resort,11,5,2,19,124,FALSE,Spring,FALSE,FALSE,8.9,3,14.4,2.1,0,6.8,FALSE,Independent,FALSE
04.05.2026,Monday,Winterthur,BWZRH091,BEST WESTERN HOTEL ZURCHERHOF,277.55,CHF,3.9,"Bahnhofstrasse 63, Winterthur",ZRH,47.37503,8.54445,20.79,"WiFi,Parking,Restaurant,Bar",STANDARD_ROOM,BREAKFAST,439,Zurich,city,10,5,2,19,124,FALSE,Spring,FALSE,FALSE,18.6,12.5,24.6,4.3,0,8.3,FALSE,Best Western,TRUE
04.05.2026,Monday,Winterthur,MCZRHDTM,Zurich Marriott Hotel,528.62,CHF,4.8,"Bahnhofstrasse 81, Winterthur",ZRH,47.38247,8.54026,20.48,"WiFi,Gym,Pool,Spa",STANDARD_ROOM,ROOM_ONLY,439,Zurich,city,9.2,5,2,19,124,FALSE,Spring,FALSE,FALSE,14.6,11.3,19.3,4.4,0,7.8,FALSE,Marriott,TRUE
04.05.2026,Monday,Winterthur,ONZRHCTY,HOTEL CITY,223.5,CHF,3.3,"Hauptstrasse 17, Winterthur",ZRH,47.37474,8.53611,21.28,"WiFi,Parking,Breakfast",BUDGET_ROOM,ROOM_ONLY,439,Zurich,city,10.1,5,2,19,124,FALSE,Spring,FALSE,FALSE,18.8,12.4,23.2,7,0,9.6,FALSE,Independent,FALSE
04.05.2026,Monday,Winterthur,XKZRH001,Hotel du Lac,119.23,CHF,3.3,"Marktplatz 35, Winterthur",ZRH,47.36649,8.53675,21.86,"WiFi,Gym,Pool,Spa",STANDARD_ROOM,BREAKFAST,439,Zurich,city,11,5,2,19,124,FALSE,Spring,FALSE,FALSE,19.1,13,22.8,2.9,0,7,FALSE,Independent,FALSE
04.05.2026,Monday,Zermatt,BWZRH091,BEST WESTERN HOTEL ZURCHERHOF,232.35,CHF,3.9,"Marktplatz 36, Zermatt",ZRH,47.37503,8.54445,162.35,"WiFi,Parking,Breakfast",STANDARD_ROOM,BREAKFAST,1620,Valais,alpine_ski_resort,10,5,2,19,124,FALSE,Spring,FALSE,FALSE,6.9,2.4,13.8,4.1,0,9,FALSE,Best Western,TRUE
04.05.2026,Monday,Zermatt,MCZRHDTM,Zurich Marriott Hotel,460.13,CHF,4.3,"Poststrasse 81, Zermatt",ZRH,47.38247,8.54026,163,"WiFi,Parking,Breakfast",STANDARD_ROOM,ROOM_ONLY,1620,Valais,alpine_ski_resort,9.2,5,2,19,124,FALSE,Spring,FALSE,FALSE,11.6,7.1,17.2,2.7,0,10.1,FALSE,Marriott,TRUE
04.05.2026,Monday,Zermatt,ONZRHCTY,HOTEL CITY,190.71,CHF,3.5,"Poststrasse 99, Zermatt",ZRH,47.37474,8.53611,162.08,"WiFi,Restaurant,Room Service",BUDGET_ROOM,ROOM_ONLY,1620,Valais,alpine_ski_resort,10.1,5,2,19,124,FALSE,Spring,FALSE,FALSE,9.3,2.5,12.7,7.6,0,7.8,FALSE,Independent,FALSE
04.05.2026,Monday,Zermatt,XKZRH001,Hotel du Lac,92.88,CHF,3.2,"Hauptstrasse 6, Zermatt",ZRH,47.36649,8.53675,161.25,"WiFi,Parking,Breakfast",STANDARD_ROOM,BREAKFAST,1620,Valais,alpine_ski_resort,11,5,2,19,124,FALSE,Spring,FALSE,FALSE,7.7,3.8,10.8,3.4,0,8.7,FALSE,Independent,FALSE
04.05.2026,Monday,Zuerich,BWZRH091,BEST WESTERN HOTEL ZURCHERHOF,268.88,CHF,3.9,"Marktplatz 74, Zuerich",ZRH,47.37503,8.54445,0.29,"WiFi,Parking,Restaurant,Bar",STANDARD_ROOM,BREAKFAST,408,Zurich,city,10,5,2,19,124,FALSE,Spring,FALSE,FALSE,15.5,9.6,19.8,10.8,0,7.7,FALSE,Best Western,TRUE
04.05.2026,Monday,Zuerich,MCZRHDTM,Zurich Marriott Hotel,554.26,CHF,4.3,"Hauptstrasse 41, Zuerich",ZRH,47.38247,8.54026,0.63,"WiFi,Parking,Breakfast",STANDARD_ROOM,ROOM_ONLY,408,Zurich,city,9.2,5,2,19,124,FALSE,Spring,FALSE,FALSE,16.8,13.6,21.6,6.4,0,8.3,FALSE,Marriott,TRUE
04.05.2026,Monday,Zuerich,ONZRHCTY,HOTEL CITY,228.87,CHF,4.1,"Hauptstrasse 87, Zuerich",ZRH,47.37474,8.53611,0.48,"WiFi,24h Reception,Luggage Storage",BUDGET_ROOM,ROOM_ONLY,408,Zurich,city,10.1,5,2,19,124,FALSE,Spring,FALSE,FALSE,16.5,11.7,19.9,1.7,0,7.2,FALSE,Independent,FALSE
04.05.2026,Monday,Zuerich,XKZRH001,Hotel du Lac,114.54,CHF,3,"Kirchgasse 4, Zuerich",ZRH,47.36649,8.53675,1.22,"WiFi,24h Reception,Luggage Storage",STANDARD_ROOM,BREAKFAST,408,Zurich,city,11,5,2,19,124,FALSE,Spring,FALSE,FALSE,17.2,14,20.9,1.6,0,7.3,FALSE,Independent,FALSE
11.05.2026,Monday,Arosa,BWZRH091,BEST WESTERN HOTEL ZURCHERHOF,229.12,CHF,4.1,"Kirchgasse 31, Arosa",ZRH,47.37503,8.54445,107.47,"WiFi,Parking,Restaurant,Bar",STANDARD_ROOM,BREAKFAST,1775,Graubuenden,alpine_ski_resort,10,5,2,20,131,FALSE,Spring,FALSE,FALSE,10.7,4,15.5,6.2,0,10.1,FALSE,Best Western,TRUE
11.05.2026,Monday,Arosa,MCZRHDTM,Zurich Marriott Hotel,483.12,CHF,4.4,"Kirchgasse 18, Arosa",ZRH,47.38247,8.54026,108.23,"WiFi,Gym,Pool,Spa",DELUXE_ROOM,ROOM_ONLY,1775,Graubuenden,alpine_ski_resort,9.2,5,2,20,131,FALSE,Spring,FALSE,FALSE,9.8,5.8,13.3,7.4,0,9.5,FALSE,Marriott,TRUE
11.05.2026,Monday,Arosa,ONZRHCTY,HOTEL CITY,194.7,CHF,3.5,"Marktplatz 3, Arosa",ZRH,47.37474,8.53611,107.95,"WiFi,24h Reception,Luggage Storage",BUDGET_ROOM,ROOM_ONLY,1775,Graubuenden,alpine_ski_resort,10.1,5,2,20,131,FALSE,Spring,FALSE,FALSE,8.8,5.1,14,7.7,0,8.3,FALSE,Independent,FALSE
11.05.2026,Monday,Arosa,XKZRH001,Hotel du Lac,102.1,CHF,3,"Hauptstrasse 44, Arosa",ZRH,47.36649,8.53675,107.36,"WiFi,24h Reception,Luggage Storage",STANDARD_ROOM,BREAKFAST,1775,Graubuenden,alpine_ski_resort,11,5,2,20,131,FALSE,Spring,FALSE,FALSE,7.5,0.8,12.5,1.5,0,9.6,FALSE,Independent,FALSE
11.05.2026,Monday,Basel,RTBSLBAH,ibis Basel Bahnhof,112.52,CHF,2.8,"Kirchgasse 13, Basel",BSL,47.54683,7.58427,1.46,"WiFi,Restaurant,Room Service",STANDARD_ROOM,ROOM_ONLY,260,Basel-Stadt,city,7.2,5,2,20,131,FALSE,Spring,FALSE,FALSE,19,15.5,23.7,6.9,0,9.4,FALSE,Accor (ibis),TRUE
11.05.2026,Monday,Bern,BWBRN230,Best Western Plus Hotel Bern,213.96,CHF,3.2,"Marktplatz 38, Bern",BRN,46.94877,7.44633,0.12,"WiFi,Gym,Pool,Spa",STANDARD_ROOM,ROOM_ONLY,542,Bern,city,5.5,5,2,20,131,FALSE,Spring,FALSE,FALSE,14.4,9.3,20.4,0.9,0,10.5,FALSE,Best Western,TRUE
11.05.2026,Monday,Chur,BWZRH091,BEST WESTERN HOTEL ZURCHERHOF,277.03,CHF,4.2,"Kirchgasse 29, Chur",ZRH,47.37503,8.54445,94.9,"WiFi,Gym,Pool,Spa",STANDARD_ROOM,BREAKFAST,593,Graubuenden,city,10,5,2,20,131,FALSE,Spring,FALSE,FALSE,18.6,12.8,25.4,5,0,10.9,FALSE,Best Western,TRUE
11.05.2026,Monday,Chur,MCZRHDTM,Zurich Marriott Hotel,559.66,CHF,4.2,"Kirchgasse 15, Chur",ZRH,47.38247,8.54026,95.65,"WiFi,24h Reception,Luggage Storage",DELUXE_ROOM,ROOM_ONLY,593,Graubuenden,city,9.2,5,2,20,131,FALSE,Spring,FALSE,FALSE,15.1,8.1,19.5,2.5,0,9,FALSE,Marriott,TRUE
11.05.2026,Monday,Chur,ONZRHCTY,HOTEL CITY,241.12,CHF,4.1,"Hauptstrasse 78, Chur",ZRH,47.37474,8.53611,95.38,"WiFi,24h Reception,Luggage Storage",BUDGET_ROOM,ROOM_ONLY,593,Graubuenden,city,10.1,5,2,20,131,FALSE,Spring,FALSE,FALSE,18.4,14.5,22.5,9,0,10.9,FALSE,Independent,FALSE
11.05.2026,Monday,Chur,XKZRH001,Hotel du Lac,117.55,CHF,3.2,"Bahnhofstrasse 10, Chur",ZRH,47.36649,8.53675,94.78,"WiFi,24h Reception,Luggage Storage",STANDARD_ROOM,BREAKFAST,593,Graubuenden,city,11,5,2,20,131,FALSE,Spring,FALSE,FALSE,14.5,11.5,18.5,2.2,0,7.6,FALSE,Independent,FALSE
11.05.2026,Monday,Genf,ICGVAICA,INTERCONTINENTAL GENEVA,584.84,CHF,4.3,"Kirchgasse 47, Genf",GVA,46.22461,6.13268,2.39,"WiFi,Gym,Pool,Spa",COMFORT_ROOM,ROOM_ONLY,375,Geneva,city,2.4,5,2,20,131,FALSE,Spring,FALSE,FALSE,15.1,11.3,20.6,4.6,0,8.3,FALSE,IHG (InterContinental),TRUE
11.05.2026,Monday,Genf,RTGVAGAR,ibis Geneve Centre Gare,160.84,CHF,3.7,"Kirchgasse 37, Genf",GVA,46.20765,6.13827,0.52,"WiFi,Parking,Restaurant,Bar",STANDARD_ROOM,ROOM_ONLY,375,Geneva,city,4.1,5,2,20,131,FALSE,Spring,FALSE,FALSE,19.3,16.1,24,5.5,0,8.1,FALSE,Accor (ibis),TRUE
11.05.2026,Monday,Genf,RTGVARES,Résidence Studio Genève Centre,137.73,CHF,2.8,"Hauptstrasse 3, Genf",GVA,46.2117,6.14696,0.86,"WiFi,Parking,Breakfast",STANDARD_ROOM,ROOM_ONLY,375,Geneva,city,4.1,5,2,20,131,FALSE,Spring,FALSE,FALSE,15.9,11.5,20.1,9.1,0,10.1,FALSE,Independent,FALSE
11.05.2026,Monday,Interlaken,BWZRH091,BEST WESTERN HOTEL ZURCHERHOF,245.54,CHF,3.9,"Hauptstrasse 18, Interlaken",ZRH,47.37503,8.54445,92.36,"WiFi,Parking,Breakfast",STANDARD_ROOM,BREAKFAST,570,Bern,mountain_resort,10,5,2,20,131,FALSE,Spring,FALSE,FALSE,14.3,10.8,20.5,0,0,9.3,FALSE,Best Western,TRUE
11.05.2026,Monday,Interlaken,MCZRHDTM,Zurich Marriott Hotel,473.41,CHF,4.7,"Hauptstrasse 22, Interlaken",ZRH,47.38247,8.54026,92.87,"WiFi,Parking,Breakfast",DELUXE_ROOM,ROOM_ONLY,570,Bern,mountain_resort,9.2,5,2,20,131,FALSE,Spring,FALSE,FALSE,14.9,11,20.6,11.3,0,9.5,FALSE,Marriott,TRUE
11.05.2026,Monday,Interlaken,ONZRHCTY,HOTEL CITY,208.1,CHF,3.5,"Bahnhofstrasse 20, Interlaken",ZRH,47.37474,8.53611,91.98,"WiFi,Parking,Breakfast",BUDGET_ROOM,ROOM_ONLY,570,Bern,mountain_resort,10.1,5,2,20,131,FALSE,Spring,FALSE,FALSE,18.9,14.6,24.8,5.1,0,10.5,FALSE,Independent,FALSE
11.05.2026,Monday,Interlaken,XKZRH001,Hotel du Lac,102.46,CHF,2.9,"Poststrasse 82, Interlaken",ZRH,47.36649,8.53675,91.25,"WiFi,24h Reception,Luggage Storage",STANDARD_ROOM,BREAKFAST,570,Bern,mountain_resort,11,5,2,20,131,FALSE,Spring,FALSE,FALSE,19.2,12.2,24.1,9.5,0,8,FALSE,Independent,FALSE
11.05.2026,Monday,Lausanne,ICGVAICA,INTERCONTINENTAL GENEVA,551.9,CHF,4.6,"Poststrasse 40, Lausanne",GVA,46.22461,6.13268,50.46,"WiFi,Restaurant,Room Service",COMFORT_ROOM,ROOM_ONLY,495,Vaud,city,2.4,5,2,20,131,FALSE,Spring,FALSE,FALSE,19.5,13.4,26.1,7.1,0,10.5,FALSE,IHG (InterContinental),TRUE
11.05.2026,Monday,Lausanne,RTGVAGAR,ibis Geneve Centre Gare,154.04,CHF,3.4,"Bahnhofstrasse 80, Lausanne",GVA,46.20765,6.13827,51.39,"WiFi,Parking,Breakfast",STANDARD_ROOM,ROOM_ONLY,495,Vaud,city,4.1,5,2,20,131,FALSE,Spring,FALSE,FALSE,14.4,11.1,19.2,6.1,0,10.6,FALSE,Accor (ibis),TRUE
11.05.2026,Monday,Lausanne,RTGVARES,Résidence Studio Genève Centre,144.27,CHF,2.7,"Poststrasse 24, Lausanne",GVA,46.2117,6.14696,50.59,"WiFi,Restaurant,Room Service",STANDARD_ROOM,ROOM_ONLY,495,Vaud,city,4.1,5,2,20,131,FALSE,Spring,FALSE,FALSE,16.2,9.5,19.7,1.3,0,8.5,FALSE,Independent,FALSE
11.05.2026,Monday,Luzern,BWZRH091,BEST WESTERN HOTEL ZURCHERHOF,234.6,CHF,3.8,"Marktplatz 46, Luzern",ZRH,47.37503,8.54445,40.25,"WiFi,Parking,Restaurant,Bar",STANDARD_ROOM,BREAKFAST,435,Lucerne,city,10,5,2,20,131,FALSE,Spring,FALSE,FALSE,20.1,13.9,25.4,4,0,7.2,FALSE,Best Western,TRUE
11.05.2026,Monday,Luzern,MCZRHDTM,Zurich Marriott Hotel,482.64,CHF,4.7,"Kirchgasse 14, Luzern",ZRH,47.38247,8.54026,40.86,"WiFi,24h Reception,Luggage Storage",DELUXE_ROOM,ROOM_ONLY,435,Lucerne,city,9.2,5,2,20,131,FALSE,Spring,FALSE,FALSE,15.5,11.3,19.2,4.4,0,10.1,FALSE,Marriott,TRUE
11.05.2026,Monday,Luzern,ONZRHCTY,HOTEL CITY,199.48,CHF,3.2,"Hauptstrasse 20, Luzern",ZRH,47.37474,8.53611,39.95,"WiFi,Gym,Pool,Spa",BUDGET_ROOM,ROOM_ONLY,435,Lucerne,city,10.1,5,2,20,131,FALSE,Spring,FALSE,FALSE,16.1,11.5,20.4,5.6,0,7.5,FALSE,Independent,FALSE
11.05.2026,Monday,Luzern,XKZRH001,Hotel du Lac,99.07,CHF,3.1,"Marktplatz 72, Luzern",ZRH,47.36649,8.53675,39.14,"WiFi,Gym,Pool,Spa",STANDARD_ROOM,BREAKFAST,435,Lucerne,city,11,5,2,20,131,FALSE,Spring,FALSE,FALSE,17.6,12.7,21.1,5.8,0,8.2,FALSE,Independent,FALSE
11.05.2026,Monday,St. Gallen,BWZRH091,BEST WESTERN HOTEL ZURCHERHOF,278,CHF,4.2,"Hauptstrasse 84, St. Gallen",ZRH,47.37503,8.54445,62.88,"WiFi,Parking,Restaurant,Bar",STANDARD_ROOM,BREAKFAST,675,St. Gallen,city,10,5,2,20,131,FALSE,Spring,FALSE,FALSE,15.1,9.1,20.5,4.8,0,9,FALSE,Best Western,TRUE
11.05.2026,Monday,St. Gallen,MCZRHDTM,Zurich Marriott Hotel,550.53,CHF,4.8,"Marktplatz 44, St. Gallen",ZRH,47.38247,8.54026,63.12,"WiFi,Parking,Breakfast",DELUXE_ROOM,ROOM_ONLY,675,St. Gallen,city,9.2,5,2,20,131,FALSE,Spring,FALSE,FALSE,16.2,11.3,20,3.9,0,8.8,FALSE,Marriott,TRUE
11.05.2026,Monday,St. Gallen,ONZRHCTY,HOTEL CITY,233.06,CHF,4,"Poststrasse 29, St. Gallen",ZRH,47.37474,8.53611,63.51,"WiFi,Restaurant,Room Service",BUDGET_ROOM,ROOM_ONLY,675,St. Gallen,city,10.1,5,2,20,131,FALSE,Spring,FALSE,FALSE,15.8,9.9,19.5,9.1,0,7.7,FALSE,Independent,FALSE
11.05.2026,Monday,St. Gallen,XKZRH001,Hotel du Lac,114.84,CHF,3.2,"Kirchgasse 72, St. Gallen",ZRH,47.36649,8.53675,63.55,"WiFi,Parking,Restaurant,Bar",STANDARD_ROOM,BREAKFAST,675,St. Gallen,city,11,5,2,20,131,FALSE,Spring,FALSE,FALSE,15.2,8.3,18.3,9.6,0,10.9,FALSE,Independent,FALSE
11.05.2026,Monday,St. Moritz,BWZRH091,BEST WESTERN HOTEL ZURCHERHOF,236.35,CHF,4.2,"Hauptstrasse 22, St. Moritz",ZRH,47.37503,8.54445,138.28,"WiFi,Restaurant,Room Service",STANDARD_ROOM,BREAKFAST,1856,Graubuenden,alpine_ski_resort,10,5,2,20,131,FALSE,Spring,FALSE,FALSE,10.8,4.7,14,0.3,0,11,FALSE,Best Western,TRUE
11.05.2026,Monday,St. Moritz,MCZRHDTM,Zurich Marriott Hotel,453.71,CHF,4.8,"Marktplatz 99, St. Moritz",ZRH,47.38247,8.54026,139.08,"WiFi,Parking,Restaurant,Bar",DELUXE_ROOM,ROOM_ONLY,1856,Graubuenden,alpine_ski_resort,9.2,5,2,20,131,FALSE,Spring,FALSE,FALSE,11.5,6.9,15.9,7.6,0,8.9,FALSE,Marriott,TRUE
11.05.2026,Monday,St. Moritz,ONZRHCTY,HOTEL CITY,195.22,CHF,3.6,"Kirchgasse 92, St. Moritz",ZRH,47.37474,8.53611,138.7,"WiFi,24h Reception,Luggage Storage",BUDGET_ROOM,ROOM_ONLY,1856,Graubuenden,alpine_ski_resort,10.1,5,2,20,131,FALSE,Spring,FALSE,FALSE,9.7,6,13.6,4.3,0,8.7,FALSE,Independent,FALSE
11.05.2026,Monday,St. Moritz,XKZRH001,Hotel du Lac,102.6,CHF,3.1,"Hauptstrasse 97, St. Moritz",ZRH,47.36649,8.53675,138.03,"WiFi,Parking,Restaurant,Bar",STANDARD_ROOM,BREAKFAST,1856,Graubuenden,alpine_ski_resort,11,5,2,20,131,FALSE,Spring,FALSE,FALSE,7.4,2.6,13.8,0.8,0,7.3,FALSE,Independent,FALSE
11.05.2026,Monday,Winterthur,BWZRH091,BEST WESTERN HOTEL ZURCHERHOF,267.59,CHF,3.9,"Hauptstrasse 84, Winterthur",ZRH,47.37503,8.54445,20.79,"WiFi,24h Reception,Luggage Storage",STANDARD_ROOM,BREAKFAST,439,Zurich,city,10,5,2,20,131,FALSE,Spring,FALSE,FALSE,14.7,9.6,19.6,4.7,0,10,FALSE,Best Western,TRUE
11.05.2026,Monday,Winterthur,MCZRHDTM,Zurich Marriott Hotel,550.42,CHF,4.7,"Hauptstrasse 93, Winterthur",ZRH,47.38247,8.54026,20.48,"WiFi,Parking,Restaurant,Bar",DELUXE_ROOM,ROOM_ONLY,439,Zurich,city,9.2,5,2,20,131,FALSE,Spring,FALSE,FALSE,14.9,10.4,20,6.7,0,9.3,FALSE,Marriott,TRUE
11.05.2026,Monday,Winterthur,ONZRHCTY,HOTEL CITY,233.25,CHF,4.2,"Marktplatz 52, Winterthur",ZRH,47.37474,8.53611,21.28,"WiFi,Restaurant,Room Service",BUDGET_ROOM,ROOM_ONLY,439,Zurich,city,10.1,5,2,20,131,FALSE,Spring,FALSE,FALSE,15.8,9.6,22.1,3.2,0,7.2,FALSE,Independent,FALSE
11.05.2026,Monday,Winterthur,XKZRH001,Hotel du Lac,110.15,CHF,3,"Marktplatz 13, Winterthur",ZRH,47.36649,8.53675,21.86,"WiFi,Parking,Breakfast",STANDARD_ROOM,BREAKFAST,439,Zurich,city,11,5,2,20,131,FALSE,Spring,FALSE,FALSE,16.7,12.2,21.7,1.3,0,8.6,FALSE,Independent,FALSE
11.05.2026,Monday,Zermatt,BWZRH091,BEST WESTERN HOTEL ZURCHERHOF,234.39,CHF,4.2,"Marktplatz 81, Zermatt",ZRH,47.37503,8.54445,162.35,"WiFi,Gym,Pool,Spa",STANDARD_ROOM,BREAKFAST,1620,Valais,alpine_ski_resort,10,5,2,20,131,FALSE,Spring,FALSE,FALSE,11.9,7.5,17.8,9.2,0,10.7,FALSE,Best Western,TRUE
11.05.2026,Monday,Zermatt,MCZRHDTM,Zurich Marriott Hotel,491.82,CHF,4.3,"Bahnhofstrasse 35, Zermatt",ZRH,47.38247,8.54026,163,"WiFi,Restaurant,Room Service",DELUXE_ROOM,ROOM_ONLY,1620,Valais,alpine_ski_resort,9.2,5,2,20,131,FALSE,Spring,FALSE,FALSE,7.9,3,12.9,0.8,0,8.4,FALSE,Marriott,TRUE
11.05.2026,Monday,Zermatt,ONZRHCTY,HOTEL CITY,188.82,CHF,3.5,"Marktplatz 94, Zermatt",ZRH,47.37474,8.53611,162.08,"WiFi,Restaurant,Room Service",BUDGET_ROOM,ROOM_ONLY,1620,Valais,alpine_ski_resort,10.1,5,2,20,131,FALSE,Spring,FALSE,FALSE,9.8,5.4,13.9,1.3,0,9.9,FALSE,Independent,FALSE
11.05.2026,Monday,Zermatt,XKZRH001,Hotel du Lac,101.47,CHF,3.2,"Marktplatz 64, Zermatt",ZRH,47.36649,8.53675,161.25,"WiFi,24h Reception,Luggage Storage",STANDARD_ROOM,BREAKFAST,1620,Valais,alpine_ski_resort,11,5,2,20,131,FALSE,Spring,FALSE,FALSE,11,7.9,17.7,0,0,8.3,FALSE,Independent,FALSE
11.05.2026,Monday,Zuerich,BWZRH091,BEST WESTERN HOTEL ZURCHERHOF,257.74,CHF,4,"Poststrasse 64, Zuerich",ZRH,47.37503,8.54445,0.29,"WiFi,Parking,Breakfast",STANDARD_ROOM,BREAKFAST,408,Zurich,city,10,5,2,20,131,FALSE,Spring,FALSE,FALSE,17.1,10.5,20.7,0,0,7.3,FALSE,Best Western,TRUE
11.05.2026,Monday,Zuerich,MCZRHDTM,Zurich Marriott Hotel,568.4,CHF,4.7,"Marktplatz 22, Zuerich",ZRH,47.38247,8.54026,0.63,"WiFi,Parking,Restaurant,Bar",DELUXE_ROOM,ROOM_ONLY,408,Zurich,city,9.2,5,2,20,131,FALSE,Spring,FALSE,FALSE,20.5,16.1,23.7,2,0,8.3,FALSE,Marriott,TRUE
11.05.2026,Monday,Zuerich,ONZRHCTY,HOTEL CITY,224.88,CHF,3.7,"Poststrasse 42, Zuerich",ZRH,47.37474,8.53611,0.48,"WiFi,Restaurant,Room Service",BUDGET_ROOM,ROOM_ONLY,408,Zurich,city,10.1,5,2,20,131,FALSE,Spring,FALSE,FALSE,18.8,14.2,22.2,5.9,0,7.3,FALSE,Independent,FALSE
11.05.2026,Monday,Zuerich,XKZRH001,Hotel du Lac,117.82,CHF,2.8,"Poststrasse 1, Zuerich",ZRH,47.36649,8.53675,1.22,"WiFi,Gym,Pool,Spa",STANDARD_ROOM,BREAKFAST,408,Zurich,city,11,5,2,20,131,FALSE,Spring,FALSE,FALSE,15.8,10.2,22.1,6.7,0,8.2,FALSE,Independent,FALSE
18.05.2026,Monday,Arosa,BWZRH091,BEST WESTERN HOTEL ZURCHERHOF,227.48,CHF,3.9,"Hauptstrasse 89, Arosa",ZRH,47.37503,8.54445,107.47,"WiFi,24h Reception,Luggage Storage",STANDARD_ROOM,BREAKFAST,1775,Graubuenden,alpine_ski_resort,10,5,2,21,138,FALSE,Spring,FALSE,FALSE,7.8,0.8,14.2,3.2,0,10.5,FALSE,Best Western,TRUE
18.05.2026,Monday,Arosa,MCZRHDTM,Zurich Marriott Hotel,535.5,CHF,4.3,"Kirchgasse 34, Arosa",ZRH,47.38247,8.54026,108.23,"WiFi,Restaurant,Room Service",STANDARD_ROOM,ROOM_ONLY,1775,Graubuenden,alpine_ski_resort,9.2,5,2,21,138,FALSE,Spring,FALSE,FALSE,10.5,6.6,17.4,2.9,0,9.4,FALSE,Marriott,TRUE
18.05.2026,Monday,Arosa,ONZRHCTY,HOTEL CITY,190.32,CHF,3.4,"Bahnhofstrasse 40, Arosa",ZRH,47.37474,8.53611,107.95,"WiFi,Parking,Breakfast",BUDGET_ROOM,ROOM_ONLY,1775,Graubuenden,alpine_ski_resort,10.1,5,2,21,138,FALSE,Spring,FALSE,FALSE,7.3,1.4,12.9,6.6,0,8.1,FALSE,Independent,FALSE
18.05.2026,Monday,Arosa,XKZRH001,Hotel du Lac,99.05,CHF,3.3,"Marktplatz 13, Arosa",ZRH,47.36649,8.53675,107.36,"WiFi,Restaurant,Room Service",STANDARD_ROOM,BREAKFAST,1775,Graubuenden,alpine_ski_resort,11,5,2,21,138,FALSE,Spring,FALSE,FALSE,7.9,4,14,6.5,0,10.3,FALSE,Independent,FALSE
18.05.2026,Monday,Basel,RTBSLBAH,ibis Basel Bahnhof,110.9,CHF,2.8,"Hauptstrasse 29, Basel",BSL,47.54683,7.58427,1.46,"WiFi,24h Reception,Luggage Storage",STANDARD_ROOM,ROOM_ONLY,260,Basel-Stadt,city,7.2,5,2,21,138,FALSE,Spring,FALSE,FALSE,16.3,13.1,22.5,12.6,0,7.6,FALSE,Accor (ibis),TRUE
18.05.2026,Monday,Bern,BWBRN230,Best Western Plus Hotel Bern,211.97,CHF,3.6,"Poststrasse 95, Bern",BRN,46.94877,7.44633,0.12,"WiFi,24h Reception,Luggage Storage",STANDARD_ROOM,ROOM_ONLY,542,Bern,city,5.5,5,2,21,138,FALSE,Spring,FALSE,FALSE,17.6,13.2,23.4,8.2,0,10.5,FALSE,Best Western,TRUE
18.05.2026,Monday,Chur,BWZRH091,BEST WESTERN HOTEL ZURCHERHOF,261.79,CHF,4.1,"Bahnhofstrasse 89, Chur",ZRH,47.37503,8.54445,94.9,"WiFi,24h Reception,Luggage Storage",STANDARD_ROOM,BREAKFAST,593,Graubuenden,city,10,5,2,21,138,FALSE,Spring,FALSE,FALSE,15.6,12.5,21,7.8,0,9,FALSE,Best Western,TRUE
18.05.2026,Monday,Chur,MCZRHDTM,Zurich Marriott Hotel,598.02,CHF,4.7,"Bahnhofstrasse 12, Chur",ZRH,47.38247,8.54026,95.65,"WiFi,24h Reception,Luggage Storage",STANDARD_ROOM,ROOM_ONLY,593,Graubuenden,city,9.2,5,2,21,138,FALSE,Spring,FALSE,FALSE,16.4,9.9,22.1,5.2,0,10.8,FALSE,Marriott,TRUE
18.05.2026,Monday,Chur,ONZRHCTY,HOTEL CITY,231.56,CHF,3.9,"Bahnhofstrasse 84, Chur",ZRH,47.37474,8.53611,95.38,"WiFi,24h Reception,Luggage Storage",BUDGET_ROOM,ROOM_ONLY,593,Graubuenden,city,10.1,5,2,21,138,FALSE,Spring,FALSE,FALSE,18.9,15.4,24.8,6.8,0,10.6,FALSE,Independent,FALSE
18.05.2026,Monday,Chur,XKZRH001,Hotel du Lac,108.99,CHF,3.2,"Kirchgasse 78, Chur",ZRH,47.36649,8.53675,94.78,"WiFi,Gym,Pool,Spa",STANDARD_ROOM,BREAKFAST,593,Graubuenden,city,11,5,2,21,138,FALSE,Spring,FALSE,FALSE,14.4,9.7,17.9,7.5,0,9.6,FALSE,Independent,FALSE
18.05.2026,Monday,Genf,RTGVAGAR,ibis Geneve Centre Gare,148.05,CHF,3.2,"Bahnhofstrasse 82, Genf",GVA,46.20765,6.13827,0.52,"WiFi,Restaurant,Room Service",STANDARD_ROOM,ROOM_ONLY,375,Geneva,city,4.1,5,2,21,138,FALSE,Spring,FALSE,FALSE,21.1,17.2,24.3,5.8,0,10.4,FALSE,Accor (ibis),TRUE
18.05.2026,Monday,Genf,RTGVARES,Résidence Studio Genève Centre,141.77,CHF,2.9,"Bahnhofstrasse 59, Genf",GVA,46.2117,6.14696,0.86,"WiFi,Gym,Pool,Spa",STANDARD_ROOM,ROOM_ONLY,375,Geneva,city,4.1,5,2,21,138,FALSE,Spring,FALSE,FALSE,19.2,13.3,22.7,4.2,0,8,FALSE,Independent,FALSE
18.05.2026,Monday,Interlaken,BWZRH091,BEST WESTERN HOTEL ZURCHERHOF,239.07,CHF,4.1,"Hauptstrasse 66, Interlaken",ZRH,47.37503,8.54445,92.36,"WiFi,Restaurant,Room Service",STANDARD_ROOM,BREAKFAST,570,Bern,mountain_resort,10,5,2,21,138,FALSE,Spring,FALSE,FALSE,19.2,12.2,24.9,6,0,7.8,FALSE,Best Western,TRUE
18.05.2026,Monday,Interlaken,MCZRHDTM,Zurich Marriott Hotel,547.14,CHF,4.6,"Poststrasse 74, Interlaken",ZRH,47.38247,8.54026,92.87,"WiFi,24h Reception,Luggage Storage",STANDARD_ROOM,ROOM_ONLY,570,Bern,mountain_resort,9.2,5,2,21,138,FALSE,Spring,FALSE,FALSE,16.9,13.4,20.2,7.5,0,9.9,FALSE,Marriott,TRUE
18.05.2026,Monday,Interlaken,ONZRHCTY,HOTEL CITY,197.01,CHF,3.2,"Marktplatz 69, Interlaken",ZRH,47.37474,8.53611,91.98,"WiFi,Parking,Breakfast",BUDGET_ROOM,ROOM_ONLY,570,Bern,mountain_resort,10.1,5,2,21,138,FALSE,Spring,FALSE,FALSE,16.5,13,23.3,0.7,0,8.4,FALSE,Independent,FALSE
18.05.2026,Monday,Interlaken,XKZRH001,Hotel du Lac,97.96,CHF,2.9,"Hauptstrasse 71, Interlaken",ZRH,47.36649,8.53675,91.25,"WiFi,Parking,Breakfast",STANDARD_ROOM,BREAKFAST,570,Bern,mountain_resort,11,5,2,21,138,FALSE,Spring,FALSE,FALSE,18.7,12.6,22.9,3.9,0,11,FALSE,Independent,FALSE
18.05.2026,Monday,Lausanne,RTGVAGAR,ibis Geneve Centre Gare,151.76,CHF,3.1,"Poststrasse 73, Lausanne",GVA,46.20765,6.13827,51.39,"WiFi,Gym,Pool,Spa",STANDARD_ROOM,ROOM_ONLY,495,Vaud,city,4.1,5,2,21,138,FALSE,Spring,FALSE,FALSE,18.9,12.6,25.8,8.3,0,10.4,FALSE,Accor (ibis),TRUE
18.05.2026,Monday,Lausanne,RTGVARES,Résidence Studio Genève Centre,147.68,CHF,2.9,"Bahnhofstrasse 24, Lausanne",GVA,46.2117,6.14696,50.59,"WiFi,24h Reception,Luggage Storage",STANDARD_ROOM,ROOM_ONLY,495,Vaud,city,4.1,5,2,21,138,FALSE,Spring,FALSE,FALSE,18.1,13.6,22.7,6.7,0,11,FALSE,Independent,FALSE
18.05.2026,Monday,Luzern,BWZRH091,BEST WESTERN HOTEL ZURCHERHOF,239.89,CHF,4,"Bahnhofstrasse 33, Luzern",ZRH,47.37503,8.54445,40.25,"WiFi,Restaurant,Room Service",STANDARD_ROOM,BREAKFAST,435,Lucerne,city,10,5,2,21,138,FALSE,Spring,FALSE,FALSE,16.2,9.3,22.6,5.6,0,7.8,FALSE,Best Western,TRUE
18.05.2026,Monday,Luzern,MCZRHDTM,Zurich Marriott Hotel,515.52,CHF,4.7,"Kirchgasse 50, Luzern",ZRH,47.38247,8.54026,40.86,"WiFi,Restaurant,Room Service",STANDARD_ROOM,ROOM_ONLY,435,Lucerne,city,9.2,5,2,21,138,FALSE,Spring,FALSE,FALSE,19.7,14.7,24.4,4.9,0,10,FALSE,Marriott,TRUE
18.05.2026,Monday,Luzern,ONZRHCTY,HOTEL CITY,200.63,CHF,3.6,"Bahnhofstrasse 45, Luzern",ZRH,47.37474,8.53611,39.95,"WiFi,Gym,Pool,Spa",BUDGET_ROOM,ROOM_ONLY,435,Lucerne,city,10.1,5,2,21,138,FALSE,Spring,FALSE,FALSE,17.5,12.7,24.4,4.4,0,8.6,FALSE,Independent,FALSE
18.05.2026,Monday,Luzern,XKZRH001,Hotel du Lac,102.44,CHF,3.2,"Bahnhofstrasse 19, Luzern",ZRH,47.36649,8.53675,39.14,"WiFi,Parking,Restaurant,Bar",STANDARD_ROOM,BREAKFAST,435,Lucerne,city,11,5,2,21,138,FALSE,Spring,FALSE,FALSE,18,11.6,22.7,7.7,0,8.1,FALSE,Independent,FALSE
18.05.2026,Monday,St. Gallen,BWZRH091,BEST WESTERN HOTEL ZURCHERHOF,264.18,CHF,3.8,"Hauptstrasse 1, St. Gallen",ZRH,47.37503,8.54445,62.88,"WiFi,Restaurant,Room Service",STANDARD_ROOM,BREAKFAST,675,St. Gallen,city,10,5,2,21,138,FALSE,Spring,FALSE,FALSE,15,10.9,18.1,6.5,0,10.4,FALSE,Best Western,TRUE
18.05.2026,Monday,St. Gallen,MCZRHDTM,Zurich Marriott Hotel,587.41,CHF,4.5,"Hauptstrasse 74, St. Gallen",ZRH,47.38247,8.54026,63.12,"WiFi,Parking,Restaurant,Bar",STANDARD_ROOM,ROOM_ONLY,675,St. Gallen,city,9.2,5,2,21,138,FALSE,Spring,FALSE,FALSE,16.7,11.8,21.4,8.6,0,7.7,FALSE,Marriott,TRUE
18.05.2026,Monday,St. Gallen,ONZRHCTY,HOTEL CITY,223.38,CHF,3.5,"Kirchgasse 8, St. Gallen",ZRH,47.37474,8.53611,63.51,"WiFi,Parking,Restaurant,Bar",BUDGET_ROOM,ROOM_ONLY,675,St. Gallen,city,10.1,5,2,21,138,FALSE,Spring,FALSE,FALSE,14.9,11.8,18.9,1.3,0,10.5,FALSE,Independent,FALSE
18.05.2026,Monday,St. Gallen,XKZRH001,Hotel du Lac,110.46,CHF,3.1,"Kirchgasse 34, St. Gallen",ZRH,47.36649,8.53675,63.55,"WiFi,Parking,Restaurant,Bar",STANDARD_ROOM,BREAKFAST,675,St. Gallen,city,11,5,2,21,138,FALSE,Spring,FALSE,FALSE,18.2,12.4,25.2,3.9,0,8.6,FALSE,Independent,FALSE
18.05.2026,Monday,St. Moritz,BWZRH091,BEST WESTERN HOTEL ZURCHERHOF,231.62,CHF,4.2,"Kirchgasse 74, St. Moritz",ZRH,47.37503,8.54445,138.28,"WiFi,Restaurant,Room Service",STANDARD_ROOM,BREAKFAST,1856,Graubuenden,alpine_ski_resort,10,5,2,21,138,FALSE,Spring,FALSE,FALSE,9.9,5.4,15.2,3.1,0,8.3,FALSE,Best Western,TRUE
18.05.2026,Monday,St. Moritz,MCZRHDTM,Zurich Marriott Hotel,522.9,CHF,4.4,"Bahnhofstrasse 34, St. Moritz",ZRH,47.38247,8.54026,139.08,"WiFi,Gym,Pool,Spa",STANDARD_ROOM,ROOM_ONLY,1856,Graubuenden,alpine_ski_resort,9.2,5,2,21,138,FALSE,Spring,FALSE,FALSE,11.1,7.4,17.6,7.3,0,10.4,FALSE,Marriott,TRUE
18.05.2026,Monday,St. Moritz,ONZRHCTY,HOTEL CITY,189.95,CHF,3.5,"Bahnhofstrasse 5, St. Moritz",ZRH,47.37474,8.53611,138.7,"WiFi,Parking,Breakfast",BUDGET_ROOM,ROOM_ONLY,1856,Graubuenden,alpine_ski_resort,10.1,5,2,21,138,FALSE,Spring,FALSE,FALSE,8.2,1.9,14.5,0.4,0,7.8,FALSE,Independent,FALSE
18.05.2026,Monday,St. Moritz,XKZRH001,Hotel du Lac,96.16,CHF,3.1,"Marktplatz 23, St. Moritz",ZRH,47.36649,8.53675,138.03,"WiFi,Parking,Restaurant,Bar",STANDARD_ROOM,BREAKFAST,1856,Graubuenden,alpine_ski_resort,11,5,2,21,138,FALSE,Spring,FALSE,FALSE,12.1,6.3,18.4,1.9,0,8.4,FALSE,Independent,FALSE
18.05.2026,Monday,Winterthur,BWZRH091,BEST WESTERN HOTEL ZURCHERHOF,264.7,CHF,3.7,"Hauptstrasse 45, Winterthur",ZRH,47.37503,8.54445,20.79,"WiFi,Restaurant,Room Service",STANDARD_ROOM,BREAKFAST,439,Zurich,city,10,5,2,21,138,FALSE,Spring,FALSE,FALSE,15.7,10.9,20.7,2.4,0,9.8,FALSE,Best Western,TRUE
18.05.2026,Monday,Winterthur,MCZRHDTM,Zurich Marriott Hotel,564.58,CHF,4.3,"Marktplatz 58, Winterthur",ZRH,47.38247,8.54026,20.48,"WiFi,Parking,Breakfast",STANDARD_ROOM,ROOM_ONLY,439,Zurich,city,9.2,5,2,21,138,FALSE,Spring,FALSE,FALSE,16.4,9.5,22.9,7.9,0,10.1,FALSE,Marriott,TRUE
18.05.2026,Monday,Winterthur,ONZRHCTY,HOTEL CITY,231.2,CHF,4.1,"Kirchgasse 49, Winterthur",ZRH,47.37474,8.53611,21.28,"WiFi,24h Reception,Luggage Storage",BUDGET_ROOM,ROOM_ONLY,439,Zurich,city,10.1,5,2,21,138,FALSE,Spring,FALSE,FALSE,20.5,16.2,26.1,6.3,0,10.1,FALSE,Independent,FALSE
18.05.2026,Monday,Winterthur,XKZRH001,Hotel du Lac,117.73,CHF,3,"Hauptstrasse 43, Winterthur",ZRH,47.36649,8.53675,21.86,"WiFi,Parking,Breakfast",STANDARD_ROOM,BREAKFAST,439,Zurich,city,11,5,2,21,138,FALSE,Spring,FALSE,FALSE,16.9,11.2,23.5,7.3,0,8.9,FALSE,Independent,FALSE
18.05.2026,Monday,Zermatt,BWZRH091,BEST WESTERN HOTEL ZURCHERHOF,238.57,CHF,3.7,"Hauptstrasse 25, Zermatt",ZRH,47.37503,8.54445,162.35,"WiFi,Parking,Restaurant,Bar",STANDARD_ROOM,BREAKFAST,1620,Valais,alpine_ski_resort,10,5,2,21,138,FALSE,Spring,FALSE,FALSE,9.3,5.6,12.6,3.2,0,10,FALSE,Best Western,TRUE
18.05.2026,Monday,Zermatt,MCZRHDTM,Zurich Marriott Hotel,494.37,CHF,4.7,"Poststrasse 40, Zermatt",ZRH,47.38247,8.54026,163,"WiFi,Restaurant,Room Service",STANDARD_ROOM,ROOM_ONLY,1620,Valais,alpine_ski_resort,9.2,5,2,21,138,FALSE,Spring,FALSE,FALSE,10.1,6.1,14.6,5.1,0,11.4,FALSE,Marriott,TRUE
18.05.2026,Monday,Zermatt,ONZRHCTY,HOTEL CITY,192.7,CHF,3.6,"Hauptstrasse 13, Zermatt",ZRH,47.37474,8.53611,162.08,"WiFi,Restaurant,Room Service",BUDGET_ROOM,ROOM_ONLY,1620,Valais,alpine_ski_resort,10.1,5,2,21,138,FALSE,Spring,FALSE,FALSE,9.5,4.4,13.9,7.1,0,10,FALSE,Independent,FALSE
18.05.2026,Monday,Zermatt,XKZRH001,Hotel du Lac,94.44,CHF,3.1,"Marktplatz 83, Zermatt",ZRH,47.36649,8.53675,161.25,"WiFi,Parking,Breakfast",STANDARD_ROOM,BREAKFAST,1620,Valais,alpine_ski_resort,11,5,2,21,138,FALSE,Spring,FALSE,FALSE,11.1,4.2,15,3.6,0,10.1,FALSE,Independent,FALSE
18.05.2026,Monday,Zuerich,BWZRH091,BEST WESTERN HOTEL ZURCHERHOF,261.07,CHF,3.8,"Kirchgasse 83, Zuerich",ZRH,47.37503,8.54445,0.29,"WiFi,Gym,Pool,Spa",STANDARD_ROOM,BREAKFAST,408,Zurich,city,10,5,2,21,138,FALSE,Spring,FALSE,FALSE,21,17.5,26.9,7.1,0,10.2,FALSE,Best Western,TRUE
18.05.2026,Monday,Zuerich,MCZRHDTM,Zurich Marriott Hotel,560.98,CHF,4.8,"Bahnhofstrasse 21, Zuerich",ZRH,47.38247,8.54026,0.63,"WiFi,Parking,Breakfast",STANDARD_ROOM,ROOM_ONLY,408,Zurich,city,9.2,5,2,21,138,FALSE,Spring,FALSE,FALSE,16.6,10.6,19.7,0,0,8.3,FALSE,Marriott,TRUE
18.05.2026,Monday,Zuerich,ONZRHCTY,HOTEL CITY,236.67,CHF,4.1,"Hauptstrasse 14, Zuerich",ZRH,47.37474,8.53611,0.48,"WiFi,24h Reception,Luggage Storage",BUDGET_ROOM,ROOM_ONLY,408,Zurich,city,10.1,5,2,21,138,FALSE,Spring,FALSE,FALSE,18.6,12.3,25.3,8.5,0,8,FALSE,Independent,FALSE
18.05.2026,Monday,Zuerich,XKZRH001,Hotel du Lac,112.66,CHF,2.8,"Kirchgasse 65, Zuerich",ZRH,47.36649,8.53675,1.22,"WiFi,Parking,Breakfast",STANDARD_ROOM,BREAKFAST,408,Zurich,city,11,5,2,21,138,FALSE,Spring,FALSE,FALSE,15.8,11.3,19.7,3.4,0,8.7,FALSE,Independent,FALSE
25.05.2026,Monday,Arosa,BWZRH091,BEST WESTERN HOTEL ZURCHERHOF,239.02,CHF,3.9,"Hauptstrasse 55, Arosa",ZRH,47.37503,8.54445,107.47,"WiFi,Gym,Pool,Spa",STANDARD_ROOM,BREAKFAST,1775,Graubuenden,alpine_ski_resort,10,5,2,22,145,FALSE,Spring,TRUE,FALSE,11.4,7.8,17.5,1.2,0,8.8,FALSE,Best Western,TRUE
25.05.2026,Monday,Arosa,MCZRHDTM,Zurich Marriott Hotel,515.67,CHF,4.5,"Hauptstrasse 13, Arosa",ZRH,47.38247,8.54026,108.23,"WiFi,Parking,Breakfast",DELUXE_ROOM,ROOM_ONLY,1775,Graubuenden,alpine_ski_resort,9.2,5,2,22,145,FALSE,Spring,TRUE,FALSE,10.7,7.5,13.9,7.5,0,9.7,FALSE,Marriott,TRUE
25.05.2026,Monday,Arosa,ONZRHCTY,HOTEL CITY,194.37,CHF,3.5,"Hauptstrasse 97, Arosa",ZRH,47.37474,8.53611,107.95,"WiFi,Parking,Restaurant,Bar",BUDGET_ROOM,ROOM_ONLY,1775,Graubuenden,alpine_ski_resort,10.1,5,2,22,145,FALSE,Spring,TRUE,FALSE,12.1,7.6,18.6,9.9,0,10.9,FALSE,Independent,FALSE
25.05.2026,Monday,Arosa,XKZRH001,Hotel du Lac,97.54,CHF,2.9,"Bahnhofstrasse 24, Arosa",ZRH,47.36649,8.53675,107.36,"WiFi,Parking,Breakfast",STANDARD_ROOM,BREAKFAST,1775,Graubuenden,alpine_ski_resort,11,5,2,22,145,FALSE,Spring,TRUE,FALSE,10.4,6.7,15.4,0.8,0,10.7,FALSE,Independent,FALSE
25.05.2026,Monday,Basel,RTBSLBAH,ibis Basel Bahnhof,111.98,CHF,3.1,"Kirchgasse 9, Basel",BSL,47.54683,7.58427,1.46,"WiFi,Parking,Breakfast",STANDARD_ROOM,ROOM_ONLY,260,Basel-Stadt,city,7.2,5,2,22,145,FALSE,Spring,TRUE,FALSE,22.8,16,28.7,4.9,0,7.7,FALSE,Accor (ibis),TRUE
25.05.2026,Monday,Bern,BWBRN230,Best Western Plus Hotel Bern,207.12,CHF,3.2,"Hauptstrasse 11, Bern",BRN,46.94877,7.44633,0.12,"WiFi,Restaurant,Room Service",STANDARD_ROOM,ROOM_ONLY,542,Bern,city,5.5,5,2,22,145,FALSE,Spring,TRUE,FALSE,15.8,12.2,18.8,5.7,0,7.9,FALSE,Best Western,TRUE
25.05.2026,Monday,Chur,BWZRH091,BEST WESTERN HOTEL ZURCHERHOF,269.03,CHF,3.8,"Poststrasse 29, Chur",ZRH,47.37503,8.54445,94.9,"WiFi,Restaurant,Room Service",STANDARD_ROOM,BREAKFAST,593,Graubuenden,city,10,5,2,22,145,FALSE,Spring,TRUE,FALSE,18.2,11.3,22.1,5.5,0,8.3,FALSE,Best Western,TRUE
25.05.2026,Monday,Chur,MCZRHDTM,Zurich Marriott Hotel,549.11,CHF,4.2,"Poststrasse 9, Chur",ZRH,47.38247,8.54026,95.65,"WiFi,Parking,Restaurant,Bar",DELUXE_ROOM,ROOM_ONLY,593,Graubuenden,city,9.2,5,2,22,145,FALSE,Spring,TRUE,FALSE,15.3,8.9,20.3,6.1,0,11.1,FALSE,Marriott,TRUE
25.05.2026,Monday,Chur,ONZRHCTY,HOTEL CITY,231.51,CHF,4.3,"Poststrasse 16, Chur",ZRH,47.37474,8.53611,95.38,"WiFi,Parking,Breakfast",BUDGET_ROOM,ROOM_ONLY,593,Graubuenden,city,10.1,5,2,22,145,FALSE,Spring,TRUE,FALSE,20.8,17.3,26,5.4,0,10.2,FALSE,Independent,FALSE
25.05.2026,Monday,Chur,XKZRH001,Hotel du Lac,110.5,CHF,3,"Bahnhofstrasse 7, Chur",ZRH,47.36649,8.53675,94.78,"WiFi,24h Reception,Luggage Storage",STANDARD_ROOM,BREAKFAST,593,Graubuenden,city,11,5,2,22,145,FALSE,Spring,TRUE,FALSE,19,14.6,23.7,4.7,0,9,FALSE,Independent,FALSE
25.05.2026,Monday,Genf,ICGVAICA,INTERCONTINENTAL GENEVA,560.9,CHF,4.6,"Hauptstrasse 26, Genf",GVA,46.22461,6.13268,2.39,"WiFi,Restaurant,Room Service",COMFORT_ROOM,ROOM_ONLY,375,Geneva,city,2.4,5,2,22,145,FALSE,Spring,TRUE,FALSE,19.6,13.3,23.7,5.1,0,9.7,FALSE,IHG (InterContinental),TRUE
25.05.2026,Monday,Genf,RTGVAGAR,ibis Geneve Centre Gare,148.31,CHF,2.9,"Poststrasse 90, Genf",GVA,46.20765,6.13827,0.52,"WiFi,Parking,Restaurant,Bar",STANDARD_ROOM,ROOM_ONLY,375,Geneva,city,4.1,5,2,22,145,FALSE,Spring,TRUE,FALSE,16.2,10.7,22.2,6.2,0,9.9,FALSE,Accor (ibis),TRUE
25.05.2026,Monday,Genf,RTGVARES,Résidence Studio Genève Centre,142.7,CHF,2.7,"Poststrasse 76, Genf",GVA,46.2117,6.14696,0.86,"WiFi,24h Reception,Luggage Storage",STANDARD_ROOM,ROOM_ONLY,375,Geneva,city,4.1,5,2,22,145,FALSE,Spring,TRUE,FALSE,17.1,13.4,20.1,1,0,10.5,FALSE,Independent,FALSE
25.05.2026,Monday,Interlaken,BWZRH091,BEST WESTERN HOTEL ZURCHERHOF,229.18,CHF,3.7,"Poststrasse 45, Interlaken",ZRH,47.37503,8.54445,92.36,"WiFi,Gym,Pool,Spa",STANDARD_ROOM,BREAKFAST,570,Bern,mountain_resort,10,5,2,22,145,FALSE,Spring,TRUE,FALSE,16.5,12.7,23.2,0,0,8,FALSE,Best Western,TRUE
25.05.2026,Monday,Interlaken,MCZRHDTM,Zurich Marriott Hotel,490.7,CHF,4.6,"Bahnhofstrasse 9, Interlaken",ZRH,47.38247,8.54026,92.87,"WiFi,24h Reception,Luggage Storage",DELUXE_ROOM,ROOM_ONLY,570,Bern,mountain_resort,9.2,5,2,22,145,FALSE,Spring,TRUE,FALSE,17.7,11.3,23.1,9.1,0,10.7,FALSE,Marriott,TRUE
25.05.2026,Monday,Interlaken,ONZRHCTY,HOTEL CITY,207.31,CHF,3.5,"Kirchgasse 51, Interlaken",ZRH,47.37474,8.53611,91.98,"WiFi,24h Reception,Luggage Storage",BUDGET_ROOM,ROOM_ONLY,570,Bern,mountain_resort,10.1,5,2,22,145,FALSE,Spring,TRUE,FALSE,18.9,13.2,23.5,6.7,0,8.8,FALSE,Independent,FALSE
25.05.2026,Monday,Interlaken,XKZRH001,Hotel du Lac,97.63,CHF,2.9,"Hauptstrasse 56, Interlaken",ZRH,47.36649,8.53675,91.25,"WiFi,Parking,Breakfast",STANDARD_ROOM,BREAKFAST,570,Bern,mountain_resort,11,5,2,22,145,FALSE,Spring,TRUE,FALSE,19.6,14.7,26.6,7.7,0,9.9,FALSE,Independent,FALSE
25.05.2026,Monday,Lausanne,ICGVAICA,INTERCONTINENTAL GENEVA,546.61,CHF,4.8,"Bahnhofstrasse 51, Lausanne",GVA,46.22461,6.13268,50.46,"WiFi,Gym,Pool,Spa",COMFORT_ROOM,ROOM_ONLY,495,Vaud,city,2.4,5,2,22,145,FALSE,Spring,TRUE,FALSE,17,12.2,23.5,9,0,9.1,FALSE,IHG (InterContinental),TRUE
25.05.2026,Monday,Lausanne,RTGVAGAR,ibis Geneve Centre Gare,144.59,CHF,3.1,"Poststrasse 81, Lausanne",GVA,46.20765,6.13827,51.39,"WiFi,24h Reception,Luggage Storage",STANDARD_ROOM,ROOM_ONLY,495,Vaud,city,4.1,5,2,22,145,FALSE,Spring,TRUE,FALSE,19.2,15.7,24.6,5.2,0,9.3,FALSE,Accor (ibis),TRUE
25.05.2026,Monday,Luzern,BWZRH091,BEST WESTERN HOTEL ZURCHERHOF,229.53,CHF,4.1,"Hauptstrasse 77, Luzern",ZRH,47.37503,8.54445,40.25,"WiFi,24h Reception,Luggage Storage",STANDARD_ROOM,BREAKFAST,435,Lucerne,city,10,5,2,22,145,FALSE,Spring,TRUE,FALSE,19.2,13.3,25.2,1.5,0,10.4,FALSE,Best Western,TRUE
25.05.2026,Monday,Luzern,ONZRHCTY,HOTEL CITY,206.9,CHF,3.4,"Marktplatz 43, Luzern",ZRH,47.37474,8.53611,39.95,"WiFi,Parking,Restaurant,Bar",BUDGET_ROOM,ROOM_ONLY,435,Lucerne,city,10.1,5,2,22,145,FALSE,Spring,TRUE,FALSE,16.7,13.5,21.8,5,0,8.6,FALSE,Independent,FALSE
25.05.2026,Monday,St. Gallen,BWZRH091,BEST WESTERN HOTEL ZURCHERHOF,275.09,CHF,4.3,"Marktplatz 59, St. Gallen",ZRH,47.37503,8.54445,62.88,"WiFi,Restaurant,Room Service",STANDARD_ROOM,BREAKFAST,675,St. Gallen,city,10,5,2,22,145,FALSE,Spring,TRUE,FALSE,18.1,13.7,22.9,4.9,0,10.9,FALSE,Best Western,TRUE
25.05.2026,Monday,St. Gallen,ONZRHCTY,HOTEL CITY,225,CHF,3.7,"Hauptstrasse 75, St. Gallen",ZRH,47.37474,8.53611,63.51,"WiFi,Parking,Breakfast",BUDGET_ROOM,ROOM_ONLY,675,St. Gallen,city,10.1,5,2,22,145,FALSE,Spring,TRUE,FALSE,15,9.7,21.9,4.1,0,8.9,FALSE,Independent,FALSE
25.05.2026,Monday,St. Moritz,BWZRH091,BEST WESTERN HOTEL ZURCHERHOF,222.77,CHF,3.8,"Hauptstrasse 50, St. Moritz",ZRH,47.37503,8.54445,138.28,"WiFi,Restaurant,Room Service",STANDARD_ROOM,BREAKFAST,1856,Graubuenden,alpine_ski_resort,10,5,2,22,145,FALSE,Spring,TRUE,FALSE,13,8.1,18.8,3.7,0,7.8,FALSE,Best Western,TRUE
25.05.2026,Monday,St. Moritz,MCZRHDTM,Zurich Marriott Hotel,519.2,CHF,4.2,"Hauptstrasse 1, St. Moritz",ZRH,47.38247,8.54026,139.08,"WiFi,Gym,Pool,Spa",DELUXE_ROOM,ROOM_ONLY,1856,Graubuenden,alpine_ski_resort,9.2,5,2,22,145,FALSE,Spring,TRUE,FALSE,10.4,7.1,14.1,1.6,0,7.9,FALSE,Marriott,TRUE
25.05.2026,Monday,St. Moritz,ONZRHCTY,HOTEL CITY,195.67,CHF,3.8,"Bahnhofstrasse 96, St. Moritz",ZRH,47.37474,8.53611,138.7,"WiFi,Gym,Pool,Spa",BUDGET_ROOM,ROOM_ONLY,1856,Graubuenden,alpine_ski_resort,10.1,5,2,22,145,FALSE,Spring,TRUE,FALSE,13.3,7.9,18.6,3.2,0,9.1,FALSE,Independent,FALSE
25.05.2026,Monday,St. Moritz,XKZRH001,Hotel du Lac,103.73,CHF,3.3,"Kirchgasse 57, St. Moritz",ZRH,47.36649,8.53675,138.03,"WiFi,Parking,Restaurant,Bar",STANDARD_ROOM,BREAKFAST,1856,Graubuenden,alpine_ski_resort,11,5,2,22,145,FALSE,Spring,TRUE,FALSE,12.1,6,15.2,7.1,0,8.6,FALSE,Independent,FALSE
25.05.2026,Monday,Winterthur,BWZRH091,BEST WESTERN HOTEL ZURCHERHOF,257.89,CHF,4.3,"Bahnhofstrasse 69, Winterthur",ZRH,47.37503,8.54445,20.79,"WiFi,Gym,Pool,Spa",STANDARD_ROOM,BREAKFAST,439,Zurich,city,10,5,2,22,145,FALSE,Spring,TRUE,FALSE,16.9,10.4,21.6,1.4,0,10.2,FALSE,Best Western,TRUE
25.05.2026,Monday,Winterthur,MCZRHDTM,Zurich Marriott Hotel,548.3,CHF,4.4,"Bahnhofstrasse 4, Winterthur",ZRH,47.38247,8.54026,20.48,"WiFi,24h Reception,Luggage Storage",DELUXE_ROOM,ROOM_ONLY,439,Zurich,city,9.2,5,2,22,145,FALSE,Spring,TRUE,FALSE,16,11.9,20.3,4.1,0,9,FALSE,Marriott,TRUE
25.05.2026,Monday,Winterthur,ONZRHCTY,HOTEL CITY,236.92,CHF,3.7,"Hauptstrasse 9, Winterthur",ZRH,47.37474,8.53611,21.28,"WiFi,24h Reception,Luggage Storage",BUDGET_ROOM,ROOM_ONLY,439,Zurich,city,10.1,5,2,22,145,FALSE,Spring,TRUE,FALSE,16.5,11.6,19.9,3.1,0,8,FALSE,Independent,FALSE
25.05.2026,Monday,Winterthur,XKZRH001,Hotel du Lac,108.95,CHF,3,"Marktplatz 27, Winterthur",ZRH,47.36649,8.53675,21.86,"WiFi,24h Reception,Luggage Storage",STANDARD_ROOM,BREAKFAST,439,Zurich,city,11,5,2,22,145,FALSE,Spring,TRUE,FALSE,16.9,10.2,21.8,4.7,0,9.6,FALSE,Independent,FALSE
25.05.2026,Monday,Zermatt,BWZRH091,BEST WESTERN HOTEL ZURCHERHOF,239.73,CHF,3.8,"Poststrasse 28, Zermatt",ZRH,47.37503,8.54445,162.35,"WiFi,Gym,Pool,Spa",STANDARD_ROOM,BREAKFAST,1620,Valais,alpine_ski_resort,10,5,2,22,145,FALSE,Spring,TRUE,FALSE,11.2,5.3,18,2.9,0,9.7,FALSE,Best Western,TRUE
25.05.2026,Monday,Zermatt,MCZRHDTM,Zurich Marriott Hotel,516.45,CHF,4.4,"Marktplatz 82, Zermatt",ZRH,47.38247,8.54026,163,"WiFi,Restaurant,Room Service",DELUXE_ROOM,ROOM_ONLY,1620,Valais,alpine_ski_resort,9.2,5,2,22,145,FALSE,Spring,TRUE,FALSE,12.7,6.2,18.4,6.3,0,10.3,FALSE,Marriott,TRUE
25.05.2026,Monday,Zermatt,ONZRHCTY,HOTEL CITY,198.76,CHF,3.6,"Bahnhofstrasse 56, Zermatt",ZRH,47.37474,8.53611,162.08,"WiFi,Parking,Restaurant,Bar",BUDGET_ROOM,ROOM_ONLY,1620,Valais,alpine_ski_resort,10.1,5,2,22,145,FALSE,Spring,TRUE,FALSE,14,9.1,18.5,5.1,0,7.6,FALSE,Independent,FALSE
25.05.2026,Monday,Zermatt,XKZRH001,Hotel du Lac,97.21,CHF,3.1,"Marktplatz 53, Zermatt",ZRH,47.36649,8.53675,161.25,"WiFi,24h Reception,Luggage Storage",STANDARD_ROOM,BREAKFAST,1620,Valais,alpine_ski_resort,11,5,2,22,145,FALSE,Spring,TRUE,FALSE,11.7,5.9,16.3,1.4,0,9.5,FALSE,Independent,FALSE
25.05.2026,Monday,Zuerich,BWZRH091,BEST WESTERN HOTEL ZURCHERHOF,262.11,CHF,4.2,"Kirchgasse 72, Zuerich",ZRH,47.37503,8.54445,0.29,"WiFi,Restaurant,Room Service",STANDARD_ROOM,BREAKFAST,408,Zurich,city,10,5,2,22,145,FALSE,Spring,TRUE,FALSE,20.8,14.2,26.2,11.9,0,8.4,FALSE,Best Western,TRUE
25.05.2026,Monday,Zuerich,MCZRHDTM,Zurich Marriott Hotel,572.95,CHF,4.7,"Kirchgasse 66, Zuerich",ZRH,47.38247,8.54026,0.63,"WiFi,24h Reception,Luggage Storage",DELUXE_ROOM,ROOM_ONLY,408,Zurich,city,9.2,5,2,22,145,FALSE,Spring,TRUE,FALSE,17,12.5,23.6,9.5,0,9.4,FALSE,Marriott,TRUE
25.05.2026,Monday,Zuerich,ONZRHCTY,HOTEL CITY,228.45,CHF,4,"Marktplatz 40, Zuerich",ZRH,47.37474,8.53611,0.48,"WiFi,Parking,Restaurant,Bar",BUDGET_ROOM,ROOM_ONLY,408,Zurich,city,10.1,5,2,22,145,FALSE,Spring,TRUE,FALSE,16.9,13.1,20.2,5.5,0,10.8,FALSE,Independent,FALSE
25.05.2026,Monday,Zuerich,XKZRH001,Hotel du Lac,112.54,CHF,3.3,"Bahnhofstrasse 98, Zuerich",ZRH,47.36649,8.53675,1.22,"WiFi,Gym,Pool,Spa",STANDARD_ROOM,BREAKFAST,408,Zurich,city,11,5,2,22,145,FALSE,Spring,TRUE,FALSE,20.8,13.9,27.1,4.8,0,9.6,FALSE,Independent,FALSE
01.06.2026,Monday,Arosa,BWZRH091,BEST WESTERN HOTEL ZURCHERHOF,237.68,CHF,3.8,"Kirchgasse 98, Arosa",ZRH,47.37503,8.54445,107.47,"WiFi,Restaurant,Room Service",STANDARD_ROOM,BREAKFAST,1775,Graubuenden,alpine_ski_resort,10,6,2,23,152,FALSE,Summer,FALSE,FALSE,8.9,5.1,15.6,0.9,0,10.2,FALSE,Best Western,TRUE
01.06.2026,Monday,Arosa,MCZRHDTM,Zurich Marriott Hotel,502.71,CHF,4.7,"Kirchgasse 63, Arosa",ZRH,47.38247,8.54026,108.23,"WiFi,Restaurant,Room Service",STANDARD_ROOM,ROOM_ONLY,1775,Graubuenden,alpine_ski_resort,9.2,6,2,23,152,FALSE,Summer,FALSE,FALSE,10.2,7,15.2,5.4,0,9.6,FALSE,Marriott,TRUE
01.06.2026,Monday,Arosa,ONZRHCTY,HOTEL CITY,217.62,CHF,3.7,"Poststrasse 11, Arosa",ZRH,47.37474,8.53611,107.95,"WiFi,Restaurant,Room Service",BUDGET_ROOM,ROOM_ONLY,1775,Graubuenden,alpine_ski_resort,10.1,6,2,23,152,FALSE,Summer,FALSE,FALSE,9.7,4,15.9,0,0,9.8,FALSE,Independent,FALSE
01.06.2026,Monday,Arosa,XKZRH001,Hotel du Lac,104.63,CHF,3,"Kirchgasse 59, Arosa",ZRH,47.36649,8.53675,107.36,"WiFi,Gym,Pool,Spa",STANDARD_ROOM,BREAKFAST,1775,Graubuenden,alpine_ski_resort,11,6,2,23,152,FALSE,Summer,FALSE,FALSE,11.1,4.8,16.3,4.3,0,8.3,FALSE,Independent,FALSE
01.06.2026,Monday,Basel,RTBSLBAH,ibis Basel Bahnhof,111.05,CHF,2.8,"Hauptstrasse 23, Basel",BSL,47.54683,7.58427,1.46,"WiFi,Parking,Breakfast",STANDARD_ROOM,ROOM_ONLY,260,Basel-Stadt,city,7.2,6,2,23,152,FALSE,Summer,FALSE,FALSE,22.3,18.2,27.3,4.5,0,11.5,FALSE,Accor (ibis),TRUE
01.06.2026,Monday,Bern,BWBRN230,Best Western Plus Hotel Bern,216.48,CHF,3.8,"Bahnhofstrasse 93, Bern",BRN,46.94877,7.44633,0.12,"WiFi,Parking,Restaurant,Bar",STANDARD_ROOM,ROOM_ONLY,542,Bern,city,5.5,6,2,23,152,FALSE,Summer,FALSE,FALSE,16.7,12,21.3,3.3,0,11.6,FALSE,Best Western,TRUE
01.06.2026,Monday,Chur,BWZRH091,BEST WESTERN HOTEL ZURCHERHOF,270.42,CHF,3.9,"Kirchgasse 99, Chur",ZRH,47.37503,8.54445,94.9,"WiFi,24h Reception,Luggage Storage",STANDARD_ROOM,BREAKFAST,593,Graubuenden,city,10,6,2,23,152,FALSE,Summer,FALSE,FALSE,15.6,11,19.8,1.7,0,10.3,FALSE,Best Western,TRUE
01.06.2026,Monday,Chur,MCZRHDTM,Zurich Marriott Hotel,602.8,CHF,4.6,"Marktplatz 56, Chur",ZRH,47.38247,8.54026,95.65,"WiFi,Gym,Pool,Spa",STANDARD_ROOM,ROOM_ONLY,593,Graubuenden,city,9.2,6,2,23,152,FALSE,Summer,FALSE,FALSE,15.6,9.1,20.9,0,0,10.9,FALSE,Marriott,TRUE
01.06.2026,Monday,Chur,ONZRHCTY,HOTEL CITY,247.68,CHF,4.3,"Hauptstrasse 66, Chur",ZRH,47.37474,8.53611,95.38,"WiFi,Restaurant,Room Service",BUDGET_ROOM,ROOM_ONLY,593,Graubuenden,city,10.1,6,2,23,152,FALSE,Summer,FALSE,FALSE,19.2,13.2,23.2,0,0,10.7,FALSE,Independent,FALSE
01.06.2026,Monday,Chur,XKZRH001,Hotel du Lac,115.95,CHF,3,"Poststrasse 74, Chur",ZRH,47.36649,8.53675,94.78,"WiFi,Gym,Pool,Spa",STANDARD_ROOM,BREAKFAST,593,Graubuenden,city,11,6,2,23,152,FALSE,Summer,FALSE,FALSE,19.9,15.8,24.5,4,0,9.2,FALSE,Independent,FALSE
01.06.2026,Monday,Genf,ICGVAICA,INTERCONTINENTAL GENEVA,564.4,CHF,4.5,"Hauptstrasse 73, Genf",GVA,46.22461,6.13268,2.39,"WiFi,Restaurant,Room Service",COMFORT_ROOM,ROOM_ONLY,375,Geneva,city,2.4,6,2,23,152,FALSE,Summer,FALSE,FALSE,18.2,12.6,25.2,1.8,0,8,FALSE,IHG (InterContinental),TRUE
01.06.2026,Monday,Genf,RTGVAGAR,ibis Geneve Centre Gare,151.12,CHF,3.1,"Kirchgasse 92, Genf",GVA,46.20765,6.13827,0.52,"WiFi,Parking,Breakfast",STANDARD_ROOM,ROOM_ONLY,375,Geneva,city,4.1,6,2,23,152,FALSE,Summer,FALSE,FALSE,20.1,14.1,24.8,2.5,0,10.8,FALSE,Accor (ibis),TRUE
01.06.2026,Monday,Genf,RTGVARES,Résidence Studio Genève Centre,138.43,CHF,3.3,"Marktplatz 39, Genf",GVA,46.2117,6.14696,0.86,"WiFi,24h Reception,Luggage Storage",STANDARD_ROOM,ROOM_ONLY,375,Geneva,city,4.1,6,2,23,152,FALSE,Summer,FALSE,FALSE,21.4,15.6,25,4,0,8.4,FALSE,Independent,FALSE
01.06.2026,Monday,Interlaken,BWZRH091,BEST WESTERN HOTEL ZURCHERHOF,234.75,CHF,4.3,"Hauptstrasse 77, Interlaken",ZRH,47.37503,8.54445,92.36,"WiFi,Restaurant,Room Service",STANDARD_ROOM,BREAKFAST,570,Bern,mountain_resort,10,6,2,23,152,FALSE,Summer,FALSE,FALSE,16.8,10.7,21.7,0.3,0,10.1,FALSE,Best Western,TRUE
01.06.2026,Monday,Interlaken,MCZRHDTM,Zurich Marriott Hotel,513.74,CHF,4.5,"Marktplatz 10, Interlaken",ZRH,47.38247,8.54026,92.87,"WiFi,24h Reception,Luggage Storage",STANDARD_ROOM,ROOM_ONLY,570,Bern,mountain_resort,9.2,6,2,23,152,FALSE,Summer,FALSE,FALSE,16.5,11.7,20,0,0,9.2,FALSE,Marriott,TRUE
01.06.2026,Monday,Interlaken,ONZRHCTY,HOTEL CITY,214.16,CHF,3.2,"Hauptstrasse 35, Interlaken",ZRH,47.37474,8.53611,91.98,"WiFi,24h Reception,Luggage Storage",BUDGET_ROOM,ROOM_ONLY,570,Bern,mountain_resort,10.1,6,2,23,152,FALSE,Summer,FALSE,FALSE,20.3,16.1,23.7,2.2,0,8.5,FALSE,Independent,FALSE
01.06.2026,Monday,Interlaken,XKZRH001,Hotel du Lac,102.51,CHF,3.1,"Marktplatz 98, Interlaken",ZRH,47.36649,8.53675,91.25,"WiFi,24h Reception,Luggage Storage",STANDARD_ROOM,BREAKFAST,570,Bern,mountain_resort,11,6,2,23,152,FALSE,Summer,FALSE,FALSE,17.9,12.7,21.9,4.2,0,8.1,FALSE,Independent,FALSE
01.06.2026,Monday,Lausanne,ICGVAICA,INTERCONTINENTAL GENEVA,555.5,CHF,4.7,"Marktplatz 49, Lausanne",GVA,46.22461,6.13268,50.46,"WiFi,Parking,Restaurant,Bar",COMFORT_ROOM,ROOM_ONLY,495,Vaud,city,2.4,6,2,23,152,FALSE,Summer,FALSE,FALSE,16.5,11.8,22.3,2.9,0,11.3,FALSE,IHG (InterContinental),TRUE
01.06.2026,Monday,Lausanne,RTGVAGAR,ibis Geneve Centre Gare,157.08,CHF,3.7,"Kirchgasse 33, Lausanne",GVA,46.20765,6.13827,51.39,"WiFi,Restaurant,Room Service",STANDARD_ROOM,ROOM_ONLY,495,Vaud,city,4.1,6,2,23,152,FALSE,Summer,FALSE,FALSE,19.4,13.3,25,1.5,0,11.6,FALSE,Accor (ibis),TRUE
01.06.2026,Monday,Lausanne,RTGVARES,Résidence Studio Genève Centre,143,CHF,3.1,"Kirchgasse 30, Lausanne",GVA,46.2117,6.14696,50.59,"WiFi,Gym,Pool,Spa",STANDARD_ROOM,ROOM_ONLY,495,Vaud,city,4.1,6,2,23,152,FALSE,Summer,FALSE,FALSE,21.3,17,27.2,0.6,0,9.5,FALSE,Independent,FALSE
01.06.2026,Monday,Luzern,BWZRH091,BEST WESTERN HOTEL ZURCHERHOF,238.46,CHF,3.9,"Hauptstrasse 94, Luzern",ZRH,47.37503,8.54445,40.25,"WiFi,Gym,Pool,Spa",STANDARD_ROOM,BREAKFAST,435,Lucerne,city,10,6,2,23,152,FALSE,Summer,FALSE,FALSE,19.2,15.6,25.4,1.3,0,9,FALSE,Best Western,TRUE
01.06.2026,Monday,Luzern,MCZRHDTM,Zurich Marriott Hotel,512.79,CHF,4.7,"Kirchgasse 24, Luzern",ZRH,47.38247,8.54026,40.86,"WiFi,Restaurant,Room Service",STANDARD_ROOM,ROOM_ONLY,435,Lucerne,city,9.2,6,2,23,152,FALSE,Summer,FALSE,FALSE,20.5,17.3,24.9,2.1,0,11,FALSE,Marriott,TRUE
01.06.2026,Monday,Luzern,ONZRHCTY,HOTEL CITY,220.39,CHF,3.6,"Kirchgasse 17, Luzern",ZRH,47.37474,8.53611,39.95,"WiFi,24h Reception,Luggage Storage",BUDGET_ROOM,ROOM_ONLY,435,Lucerne,city,10.1,6,2,23,152,FALSE,Summer,FALSE,FALSE,19.6,14.1,23.3,1.3,0,9.3,FALSE,Independent,FALSE
01.06.2026,Monday,Luzern,XKZRH001,Hotel du Lac,100.27,CHF,3.2,"Hauptstrasse 1, Luzern",ZRH,47.36649,8.53675,39.14,"WiFi,Parking,Restaurant,Bar",STANDARD_ROOM,BREAKFAST,435,Lucerne,city,11,6,2,23,152,FALSE,Summer,FALSE,FALSE,17.5,12.5,22.2,3.1,0,7.8,FALSE,Independent,FALSE
01.06.2026,Monday,St. Gallen,BWZRH091,BEST WESTERN HOTEL ZURCHERHOF,263.17,CHF,3.9,"Poststrasse 52, St. Gallen",ZRH,47.37503,8.54445,62.88,"WiFi,Parking,Restaurant,Bar",STANDARD_ROOM,BREAKFAST,675,St. Gallen,city,10,6,2,23,152,FALSE,Summer,FALSE,FALSE,16.4,12.4,22.1,0.3,0,9.6,FALSE,Best Western,TRUE
01.06.2026,Monday,St. Gallen,MCZRHDTM,Zurich Marriott Hotel,587.12,CHF,4.5,"Marktplatz 96, St. Gallen",ZRH,47.38247,8.54026,63.12,"WiFi,Parking,Breakfast",STANDARD_ROOM,ROOM_ONLY,675,St. Gallen,city,9.2,6,2,23,152,FALSE,Summer,FALSE,FALSE,17.8,11,22.3,1.8,0,9.4,FALSE,Marriott,TRUE
01.06.2026,Monday,St. Gallen,ONZRHCTY,HOTEL CITY,242.24,CHF,4.3,"Hauptstrasse 13, St. Gallen",ZRH,47.37474,8.53611,63.51,"WiFi,Parking,Restaurant,Bar",BUDGET_ROOM,ROOM_ONLY,675,St. Gallen,city,10.1,6,2,23,152,FALSE,Summer,FALSE,FALSE,16.8,12,19.9,3.2,0,9.1,FALSE,Independent,FALSE
01.06.2026,Monday,St. Gallen,XKZRH001,Hotel du Lac,111.55,CHF,3,"Bahnhofstrasse 48, St. Gallen",ZRH,47.36649,8.53675,63.55,"WiFi,Parking,Breakfast",STANDARD_ROOM,BREAKFAST,675,St. Gallen,city,11,6,2,23,152,FALSE,Summer,FALSE,FALSE,20.6,17.3,25.8,0.3,0,9.8,FALSE,Independent,FALSE
01.06.2026,Monday,St. Moritz,BWZRH091,BEST WESTERN HOTEL ZURCHERHOF,245.91,CHF,3.7,"Kirchgasse 11, St. Moritz",ZRH,47.37503,8.54445,138.28,"WiFi,Restaurant,Room Service",STANDARD_ROOM,BREAKFAST,1856,Graubuenden,alpine_ski_resort,10,6,2,23,152,FALSE,Summer,FALSE,FALSE,11.1,5.4,16.2,1.9,0,11.8,FALSE,Best Western,TRUE
01.06.2026,Monday,St. Moritz,MCZRHDTM,Zurich Marriott Hotel,504.4,CHF,4.8,"Bahnhofstrasse 37, St. Moritz",ZRH,47.38247,8.54026,139.08,"WiFi,24h Reception,Luggage Storage",STANDARD_ROOM,ROOM_ONLY,1856,Graubuenden,alpine_ski_resort,9.2,6,2,23,152,FALSE,Summer,FALSE,FALSE,8.5,1.6,12.1,0.3,0,8.5,FALSE,Marriott,TRUE
01.06.2026,Monday,St. Moritz,ONZRHCTY,HOTEL CITY,223.59,CHF,3.4,"Hauptstrasse 45, St. Moritz",ZRH,47.37474,8.53611,138.7,"WiFi,Gym,Pool,Spa",BUDGET_ROOM,ROOM_ONLY,1856,Graubuenden,alpine_ski_resort,10.1,6,2,23,152,FALSE,Summer,FALSE,FALSE,10.8,7.3,14.1,0.3,0,10.5,FALSE,Independent,FALSE
01.06.2026,Monday,St. Moritz,XKZRH001,Hotel du Lac,98.93,CHF,2.9,"Kirchgasse 16, St. Moritz",ZRH,47.36649,8.53675,138.03,"WiFi,Parking,Breakfast",STANDARD_ROOM,BREAKFAST,1856,Graubuenden,alpine_ski_resort,11,6,2,23,152,FALSE,Summer,FALSE,FALSE,10.1,4.4,15.7,2.1,0,10.7,FALSE,Independent,FALSE
01.06.2026,Monday,Winterthur,BWZRH091,BEST WESTERN HOTEL ZURCHERHOF,254.92,CHF,4.1,"Bahnhofstrasse 14, Winterthur",ZRH,47.37503,8.54445,20.79,"WiFi,Parking,Breakfast",STANDARD_ROOM,BREAKFAST,439,Zurich,city,10,6,2,23,152,FALSE,Summer,FALSE,FALSE,22,16.3,26.3,1.6,0,9.6,FALSE,Best Western,TRUE
01.06.2026,Monday,Winterthur,MCZRHDTM,Zurich Marriott Hotel,588.7,CHF,4.8,"Marktplatz 72, Winterthur",ZRH,47.38247,8.54026,20.48,"WiFi,Parking,Restaurant,Bar",STANDARD_ROOM,ROOM_ONLY,439,Zurich,city,9.2,6,2,23,152,FALSE,Summer,FALSE,FALSE,20.9,17.6,26.2,2.8,0,11.5,FALSE,Marriott,TRUE
01.06.2026,Monday,Winterthur,ONZRHCTY,HOTEL CITY,249.34,CHF,4.2,"Poststrasse 88, Winterthur",ZRH,47.37474,8.53611,21.28,"WiFi,Parking,Restaurant,Bar",BUDGET_ROOM,ROOM_ONLY,439,Zurich,city,10.1,6,2,23,152,FALSE,Summer,FALSE,FALSE,19.9,15.3,26.3,0.9,0,8.1,FALSE,Independent,FALSE
01.06.2026,Monday,Winterthur,XKZRH001,Hotel du Lac,116.28,CHF,2.8,"Poststrasse 31, Winterthur",ZRH,47.36649,8.53675,21.86,"WiFi,Gym,Pool,Spa",STANDARD_ROOM,BREAKFAST,439,Zurich,city,11,6,2,23,152,FALSE,Summer,FALSE,FALSE,16.5,9.9,21.9,0.8,0,9,FALSE,Independent,FALSE
01.06.2026,Monday,Zermatt,BWZRH091,BEST WESTERN HOTEL ZURCHERHOF,223.25,CHF,3.8,"Poststrasse 43, Zermatt",ZRH,47.37503,8.54445,162.35,"WiFi,Parking,Restaurant,Bar",STANDARD_ROOM,BREAKFAST,1620,Valais,alpine_ski_resort,10,6,2,23,152,FALSE,Summer,FALSE,FALSE,14.6,8.3,20.5,5,0,11.4,FALSE,Best Western,TRUE
01.06.2026,Monday,Zermatt,MCZRHDTM,Zurich Marriott Hotel,501.58,CHF,4.3,"Bahnhofstrasse 18, Zermatt",ZRH,47.38247,8.54026,163,"WiFi,Gym,Pool,Spa",STANDARD_ROOM,ROOM_ONLY,1620,Valais,alpine_ski_resort,9.2,6,2,23,152,FALSE,Summer,FALSE,FALSE,10.8,4,14.8,0.3,0,9.3,FALSE,Marriott,TRUE
01.06.2026,Monday,Zermatt,ONZRHCTY,HOTEL CITY,232.26,CHF,4.2,"Poststrasse 10, Zermatt",ZRH,47.37474,8.53611,162.08,"WiFi,Gym,Pool,Spa",BUDGET_ROOM,ROOM_ONLY,1620,Valais,alpine_ski_resort,10.1,6,2,23,152,FALSE,Summer,FALSE,FALSE,12.5,8.5,16.1,0.2,0,8.3,FALSE,Independent,FALSE
01.06.2026,Monday,Zermatt,XKZRH001,Hotel du Lac,102.01,CHF,3.3,"Hauptstrasse 63, Zermatt",ZRH,47.36649,8.53675,161.25,"WiFi,Parking,Breakfast",STANDARD_ROOM,BREAKFAST,1620,Valais,alpine_ski_resort,11,6,2,23,152,FALSE,Summer,FALSE,FALSE,14.8,8.1,21.2,0,0,11.4,FALSE,Independent,FALSE
01.06.2026,Monday,Zuerich,BWZRH091,BEST WESTERN HOTEL ZURCHERHOF,253.19,CHF,3.9,"Hauptstrasse 20, Zuerich",ZRH,47.37503,8.54445,0.29,"WiFi,Restaurant,Room Service",STANDARD_ROOM,BREAKFAST,408,Zurich,city,10,6,2,23,152,FALSE,Summer,FALSE,FALSE,18.3,15.1,24.8,2.6,0,8.5,FALSE,Best Western,TRUE
01.06.2026,Monday,Zuerich,MCZRHDTM,Zurich Marriott Hotel,561.44,CHF,4.6,"Poststrasse 44, Zuerich",ZRH,47.38247,8.54026,0.63,"WiFi,Parking,Breakfast",STANDARD_ROOM,ROOM_ONLY,408,Zurich,city,9.2,6,2,23,152,FALSE,Summer,FALSE,FALSE,21.4,17.5,25,2.2,0,11,FALSE,Marriott,TRUE
01.06.2026,Monday,Zuerich,ONZRHCTY,HOTEL CITY,236.25,CHF,4,"Poststrasse 61, Zuerich",ZRH,47.37474,8.53611,0.48,"WiFi,Gym,Pool,Spa",BUDGET_ROOM,ROOM_ONLY,408,Zurich,city,10.1,6,2,23,152,FALSE,Summer,FALSE,FALSE,20.9,17.7,24.1,0,0,11.5,FALSE,Independent,FALSE
01.06.2026,Monday,Zuerich,XKZRH001,Hotel du Lac,113.51,CHF,3.2,"Hauptstrasse 77, Zuerich",ZRH,47.36649,8.53675,1.22,"WiFi,Parking,Breakfast",STANDARD_ROOM,BREAKFAST,408,Zurich,city,11,6,2,23,152,FALSE,Summer,FALSE,FALSE,17.6,12,23.8,1.3,0,10.7,FALSE,Independent,FALSE
08.06.2026,Monday,Arosa,BWZRH091,BEST WESTERN HOTEL ZURCHERHOF,242.36,CHF,4.3,"Marktplatz 26, Arosa",ZRH,47.37503,8.54445,107.47,"WiFi,Restaurant,Room Service",STANDARD_ROOM,BREAKFAST,1775,Graubuenden,alpine_ski_resort,10,6,2,24,159,FALSE,Summer,FALSE,FALSE,8.6,3,12.4,3.1,0,8,FALSE,Best Western,TRUE
08.06.2026,Monday,Arosa,MCZRHDTM,Zurich Marriott Hotel,547.88,CHF,4.4,"Hauptstrasse 10, Arosa",ZRH,47.38247,8.54026,108.23,"WiFi,Parking,Restaurant,Bar",STANDARD_ROOM,ROOM_ONLY,1775,Graubuenden,alpine_ski_resort,9.2,6,2,24,159,FALSE,Summer,FALSE,FALSE,10.4,4.6,15.4,0,0,7.9,FALSE,Marriott,TRUE
08.06.2026,Monday,Arosa,ONZRHCTY,HOTEL CITY,218.8,CHF,3.4,"Hauptstrasse 67, Arosa",ZRH,47.37474,8.53611,107.95,"WiFi,Gym,Pool,Spa",BUDGET_ROOM,ROOM_ONLY,1775,Graubuenden,alpine_ski_resort,10.1,6,2,24,159,FALSE,Summer,FALSE,FALSE,9.5,5.8,15.6,2.1,0,10.1,FALSE,Independent,FALSE
08.06.2026,Monday,Arosa,XKZRH001,Hotel du Lac,99.8,CHF,3.2,"Marktplatz 19, Arosa",ZRH,47.36649,8.53675,107.36,"WiFi,24h Reception,Luggage Storage",STANDARD_ROOM,BREAKFAST,1775,Graubuenden,alpine_ski_resort,11,6,2,24,159,FALSE,Summer,FALSE,FALSE,9.4,5.2,15.2,2.7,0,11.8,FALSE,Independent,FALSE
08.06.2026,Monday,Basel,RTBSLBAH,ibis Basel Bahnhof,114.08,CHF,2.9,"Bahnhofstrasse 60, Basel",BSL,47.54683,7.58427,1.46,"WiFi,24h Reception,Luggage Storage",STANDARD_ROOM,ROOM_ONLY,260,Basel-Stadt,city,7.2,6,2,24,159,FALSE,Summer,FALSE,FALSE,20,16,26.6,0.8,0,10.5,FALSE,Accor (ibis),TRUE
08.06.2026,Monday,Bern,BWBRN230,Best Western Plus Hotel Bern,212.74,CHF,3.7,"Kirchgasse 88, Bern",BRN,46.94877,7.44633,0.12,"WiFi,24h Reception,Luggage Storage",STANDARD_ROOM,ROOM_ONLY,542,Bern,city,5.5,6,2,24,159,FALSE,Summer,FALSE,FALSE,18.2,13.7,21.7,0.9,0,10.3,FALSE,Best Western,TRUE
08.06.2026,Monday,Chur,BWZRH091,BEST WESTERN HOTEL ZURCHERHOF,252.45,CHF,4.2,"Marktplatz 29, Chur",ZRH,47.37503,8.54445,94.9,"WiFi,Parking,Breakfast",STANDARD_ROOM,BREAKFAST,593,Graubuenden,city,10,6,2,24,159,FALSE,Summer,FALSE,FALSE,19.2,15.1,23.6,2.1,0,10.2,FALSE,Best Western,TRUE
08.06.2026,Monday,Chur,MCZRHDTM,Zurich Marriott Hotel,639.6,CHF,4.7,"Bahnhofstrasse 49, Chur",ZRH,47.38247,8.54026,95.65,"WiFi,Restaurant,Room Service",STANDARD_ROOM,ROOM_ONLY,593,Graubuenden,city,9.2,6,2,24,159,FALSE,Summer,FALSE,FALSE,16.8,10.2,22.9,1.5,0,9.4,FALSE,Marriott,TRUE
08.06.2026,Monday,Chur,ONZRHCTY,HOTEL CITY,241.68,CHF,3.9,"Kirchgasse 99, Chur",ZRH,47.37474,8.53611,95.38,"WiFi,Gym,Pool,Spa",BUDGET_ROOM,ROOM_ONLY,593,Graubuenden,city,10.1,6,2,24,159,FALSE,Summer,FALSE,FALSE,18.1,12.8,23.4,2.4,0,9.4,FALSE,Independent,FALSE
08.06.2026,Monday,Chur,XKZRH001,Hotel du Lac,109.06,CHF,3.1,"Hauptstrasse 66, Chur",ZRH,47.36649,8.53675,94.78,"WiFi,Parking,Restaurant,Bar",STANDARD_ROOM,BREAKFAST,593,Graubuenden,city,11,6,2,24,159,FALSE,Summer,FALSE,FALSE,15.7,12.5,21.5,2.6,0,11.6,FALSE,Independent,FALSE
08.06.2026,Monday,Genf,ICGVAICA,INTERCONTINENTAL GENEVA,546.02,CHF,4.5,"Hauptstrasse 23, Genf",GVA,46.22461,6.13268,2.39,"WiFi,Restaurant,Room Service",COMFORT_ROOM,ROOM_ONLY,375,Geneva,city,2.4,6,2,24,159,FALSE,Summer,FALSE,FALSE,17.5,13.1,21.7,1.5,0,10.3,FALSE,IHG (InterContinental),TRUE
08.06.2026,Monday,Genf,RTGVAGAR,ibis Geneve Centre Gare,143.69,CHF,3.2,"Bahnhofstrasse 22, Genf",GVA,46.20765,6.13827,0.52,"WiFi,Parking,Restaurant,Bar",STANDARD_ROOM,ROOM_ONLY,375,Geneva,city,4.1,6,2,24,159,FALSE,Summer,FALSE,FALSE,18.5,14.8,25.1,2.6,0,8.3,FALSE,Accor (ibis),TRUE
08.06.2026,Monday,Genf,RTGVARES,Résidence Studio Genève Centre,141.04,CHF,2.8,"Kirchgasse 10, Genf",GVA,46.2117,6.14696,0.86,"WiFi,Parking,Restaurant,Bar",STANDARD_ROOM,ROOM_ONLY,375,Geneva,city,4.1,6,2,24,159,FALSE,Summer,FALSE,FALSE,19,15.4,25.6,1,0,9.7,FALSE,Independent,FALSE
08.06.2026,Monday,Interlaken,BWZRH091,BEST WESTERN HOTEL ZURCHERHOF,240.02,CHF,4.2,"Kirchgasse 94, Interlaken",ZRH,47.37503,8.54445,92.36,"WiFi,Parking,Breakfast",STANDARD_ROOM,BREAKFAST,570,Bern,mountain_resort,10,6,2,24,159,FALSE,Summer,FALSE,FALSE,21.7,18,24.9,0,0,9,FALSE,Best Western,TRUE
08.06.2026,Monday,Interlaken,MCZRHDTM,Zurich Marriott Hotel,588.15,CHF,4.7,"Bahnhofstrasse 34, Interlaken",ZRH,47.38247,8.54026,92.87,"WiFi,Parking,Breakfast",STANDARD_ROOM,ROOM_ONLY,570,Bern,mountain_resort,9.2,6,2,24,159,FALSE,Summer,FALSE,FALSE,16.9,10.3,21.8,0,0,8.7,FALSE,Marriott,TRUE
08.06.2026,Monday,Interlaken,ONZRHCTY,HOTEL CITY,226.18,CHF,3.6,"Bahnhofstrasse 96, Interlaken",ZRH,47.37474,8.53611,91.98,"WiFi,Parking,Restaurant,Bar",BUDGET_ROOM,ROOM_ONLY,570,Bern,mountain_resort,10.1,6,2,24,159,FALSE,Summer,FALSE,FALSE,18.4,14,24.9,2.3,0,9.3,FALSE,Independent,FALSE
08.06.2026,Monday,Interlaken,XKZRH001,Hotel du Lac,107.41,CHF,3.1,"Marktplatz 36, Interlaken",ZRH,47.36649,8.53675,91.25,"WiFi,Gym,Pool,Spa",STANDARD_ROOM,BREAKFAST,570,Bern,mountain_resort,11,6,2,24,159,FALSE,Summer,FALSE,FALSE,20.3,13.9,24.8,2.5,0,10.6,FALSE,Independent,FALSE
08.06.2026,Monday,Lausanne,ICGVAICA,INTERCONTINENTAL GENEVA,563.49,CHF,4.6,"Bahnhofstrasse 88, Lausanne",GVA,46.22461,6.13268,50.46,"WiFi,Restaurant,Room Service",COMFORT_ROOM,ROOM_ONLY,495,Vaud,city,2.4,6,2,24,159,FALSE,Summer,FALSE,FALSE,20.3,15.9,25.4,1.1,0,10.8,FALSE,IHG (InterContinental),TRUE
08.06.2026,Monday,Lausanne,RTGVAGAR,ibis Geneve Centre Gare,150.19,CHF,3.1,"Bahnhofstrasse 90, Lausanne",GVA,46.20765,6.13827,51.39,"WiFi,Restaurant,Room Service",STANDARD_ROOM,ROOM_ONLY,495,Vaud,city,4.1,6,2,24,159,FALSE,Summer,FALSE,FALSE,18.1,12.5,22.8,0.3,0,11.2,FALSE,Accor (ibis),TRUE
08.06.2026,Monday,Lausanne,RTGVARES,Résidence Studio Genève Centre,134.26,CHF,3.3,"Poststrasse 42, Lausanne",GVA,46.2117,6.14696,50.59,"WiFi,Parking,Restaurant,Bar",STANDARD_ROOM,ROOM_ONLY,495,Vaud,city,4.1,6,2,24,159,FALSE,Summer,FALSE,FALSE,17.9,12.7,21.6,5.4,0,11.7,FALSE,Independent,FALSE
08.06.2026,Monday,Luzern,BWZRH091,BEST WESTERN HOTEL ZURCHERHOF,235.41,CHF,3.7,"Hauptstrasse 88, Luzern",ZRH,47.37503,8.54445,40.25,"WiFi,Parking,Restaurant,Bar",STANDARD_ROOM,BREAKFAST,435,Lucerne,city,10,6,2,24,159,FALSE,Summer,FALSE,FALSE,16.6,11.2,22.1,1.9,0,9.8,FALSE,Best Western,TRUE
08.06.2026,Monday,Luzern,MCZRHDTM,Zurich Marriott Hotel,556.84,CHF,4.5,"Hauptstrasse 6, Luzern",ZRH,47.38247,8.54026,40.86,"WiFi,Parking,Restaurant,Bar",STANDARD_ROOM,ROOM_ONLY,435,Lucerne,city,9.2,6,2,24,159,FALSE,Summer,FALSE,FALSE,21.5,15,27.3,0.1,0,10,FALSE,Marriott,TRUE
08.06.2026,Monday,Luzern,ONZRHCTY,HOTEL CITY,224.7,CHF,3.7,"Kirchgasse 1, Luzern",ZRH,47.37474,8.53611,39.95,"WiFi,Restaurant,Room Service",BUDGET_ROOM,ROOM_ONLY,435,Lucerne,city,10.1,6,2,24,159,FALSE,Summer,FALSE,FALSE,21.2,15.8,24.8,2.7,0,8.2,FALSE,Independent,FALSE
08.06.2026,Monday,Luzern,XKZRH001,Hotel du Lac,103.51,CHF,2.9,"Bahnhofstrasse 61, Luzern",ZRH,47.36649,8.53675,39.14,"WiFi,24h Reception,Luggage Storage",STANDARD_ROOM,BREAKFAST,435,Lucerne,city,11,6,2,24,159,FALSE,Summer,FALSE,FALSE,22.5,16.3,25.8,0,0,10.1,FALSE,Independent,FALSE
08.06.2026,Monday,St. Gallen,BWZRH091,BEST WESTERN HOTEL ZURCHERHOF,255.8,CHF,4.2,"Hauptstrasse 34, St. Gallen",ZRH,47.37503,8.54445,62.88,"WiFi,Parking,Restaurant,Bar",STANDARD_ROOM,BREAKFAST,675,St. Gallen,city,10,6,2,24,159,FALSE,Summer,FALSE,FALSE,20.6,16.3,27.5,0,0,9.8,FALSE,Best Western,TRUE
08.06.2026,Monday,St. Gallen,MCZRHDTM,Zurich Marriott Hotel,627.08,CHF,4.4,"Hauptstrasse 26, St. Gallen",ZRH,47.38247,8.54026,63.12,"WiFi,Restaurant,Room Service",STANDARD_ROOM,ROOM_ONLY,675,St. Gallen,city,9.2,6,2,24,159,FALSE,Summer,FALSE,FALSE,18.2,14.2,22.7,4.7,0,11.2,FALSE,Marriott,TRUE
08.06.2026,Monday,St. Gallen,ONZRHCTY,HOTEL CITY,242.36,CHF,3.8,"Hauptstrasse 91, St. Gallen",ZRH,47.37474,8.53611,63.51,"WiFi,Restaurant,Room Service",BUDGET_ROOM,ROOM_ONLY,675,St. Gallen,city,10.1,6,2,24,159,FALSE,Summer,FALSE,FALSE,17.6,13.9,21.1,6.4,0,8.5,FALSE,Independent,FALSE
08.06.2026,Monday,St. Gallen,XKZRH001,Hotel du Lac,106.27,CHF,3,"Marktplatz 89, St. Gallen",ZRH,47.36649,8.53675,63.55,"WiFi,Parking,Breakfast",STANDARD_ROOM,BREAKFAST,675,St. Gallen,city,11,6,2,24,159,FALSE,Summer,FALSE,FALSE,19.8,15.3,23.2,2.6,0,8.6,FALSE,Independent,FALSE
08.06.2026,Monday,St. Moritz,BWZRH091,BEST WESTERN HOTEL ZURCHERHOF,239.11,CHF,4.2,"Marktplatz 23, St. Moritz",ZRH,47.37503,8.54445,138.28,"WiFi,Gym,Pool,Spa",STANDARD_ROOM,BREAKFAST,1856,Graubuenden,alpine_ski_resort,10,6,2,24,159,FALSE,Summer,FALSE,FALSE,8.1,1.3,11.6,2.3,0,9.1,FALSE,Best Western,TRUE
08.06.2026,Monday,St. Moritz,MCZRHDTM,Zurich Marriott Hotel,574.62,CHF,4.8,"Kirchgasse 80, St. Moritz",ZRH,47.38247,8.54026,139.08,"WiFi,24h Reception,Luggage Storage",STANDARD_ROOM,ROOM_ONLY,1856,Graubuenden,alpine_ski_resort,9.2,6,2,24,159,FALSE,Summer,FALSE,FALSE,8.8,2.8,14,0,0,10.8,FALSE,Marriott,TRUE
08.06.2026,Monday,St. Moritz,ONZRHCTY,HOTEL CITY,215.11,CHF,3.4,"Poststrasse 9, St. Moritz",ZRH,47.37474,8.53611,138.7,"WiFi,Gym,Pool,Spa",BUDGET_ROOM,ROOM_ONLY,1856,Graubuenden,alpine_ski_resort,10.1,6,2,24,159,FALSE,Summer,FALSE,FALSE,9.1,3.7,16.1,3,0,10.2,FALSE,Independent,FALSE
08.06.2026,Monday,St. Moritz,XKZRH001,Hotel du Lac,103.22,CHF,2.7,"Kirchgasse 10, St. Moritz",ZRH,47.36649,8.53675,138.03,"WiFi,Parking,Breakfast",STANDARD_ROOM,BREAKFAST,1856,Graubuenden,alpine_ski_resort,11,6,2,24,159,FALSE,Summer,FALSE,FALSE,9.9,6.2,16.4,2.2,0,10.6,FALSE,Independent,FALSE
08.06.2026,Monday,Winterthur,BWZRH091,BEST WESTERN HOTEL ZURCHERHOF,263.78,CHF,4.2,"Kirchgasse 54, Winterthur",ZRH,47.37503,8.54445,20.79,"WiFi,Restaurant,Room Service",STANDARD_ROOM,BREAKFAST,439,Zurich,city,10,6,2,24,159,FALSE,Summer,FALSE,FALSE,17.7,13.7,21.5,0.6,0,11.1,FALSE,Best Western,TRUE
08.06.2026,Monday,Winterthur,MCZRHDTM,Zurich Marriott Hotel,637.68,CHF,4.3,"Kirchgasse 11, Winterthur",ZRH,47.38247,8.54026,20.48,"WiFi,Restaurant,Room Service",STANDARD_ROOM,ROOM_ONLY,439,Zurich,city,9.2,6,2,24,159,FALSE,Summer,FALSE,FALSE,22.2,19,26.9,4.4,0,8.3,FALSE,Marriott,TRUE
08.06.2026,Monday,Winterthur,ONZRHCTY,HOTEL CITY,245.11,CHF,3.9,"Bahnhofstrasse 15, Winterthur",ZRH,47.37474,8.53611,21.28,"WiFi,Restaurant,Room Service",BUDGET_ROOM,ROOM_ONLY,439,Zurich,city,10.1,6,2,24,159,FALSE,Summer,FALSE,FALSE,19.8,16.6,24.4,1.6,0,11.9,FALSE,Independent,FALSE
08.06.2026,Monday,Winterthur,XKZRH001,Hotel du Lac,110.59,CHF,3.1,"Bahnhofstrasse 93, Winterthur",ZRH,47.36649,8.53675,21.86,"WiFi,Gym,Pool,Spa",STANDARD_ROOM,BREAKFAST,439,Zurich,city,11,6,2,24,159,FALSE,Summer,FALSE,FALSE,20.2,13.2,26.2,1.4,0,8.2,FALSE,Independent,FALSE
08.06.2026,Monday,Zermatt,BWZRH091,BEST WESTERN HOTEL ZURCHERHOF,232.93,CHF,3.7,"Bahnhofstrasse 40, Zermatt",ZRH,47.37503,8.54445,162.35,"WiFi,Parking,Restaurant,Bar",STANDARD_ROOM,BREAKFAST,1620,Valais,alpine_ski_resort,10,6,2,24,159,FALSE,Summer,FALSE,FALSE,11,7.2,17.6,1.9,0,8.5,FALSE,Best Western,TRUE
08.06.2026,Monday,Zermatt,MCZRHDTM,Zurich Marriott Hotel,552.22,CHF,4.5,"Marktplatz 85, Zermatt",ZRH,47.38247,8.54026,163,"WiFi,Restaurant,Room Service",STANDARD_ROOM,ROOM_ONLY,1620,Valais,alpine_ski_resort,9.2,6,2,24,159,FALSE,Summer,FALSE,FALSE,13.5,7.7,17.3,2.6,0,10.4,FALSE,Marriott,TRUE
08.06.2026,Monday,Zermatt,ONZRHCTY,HOTEL CITY,231.32,CHF,4.2,"Bahnhofstrasse 69, Zermatt",ZRH,47.37474,8.53611,162.08,"WiFi,24h Reception,Luggage Storage",BUDGET_ROOM,ROOM_ONLY,1620,Valais,alpine_ski_resort,10.1,6,2,24,159,FALSE,Summer,FALSE,FALSE,14.1,8.6,20.1,2.1,0,10.4,FALSE,Independent,FALSE
08.06.2026,Monday,Zermatt,XKZRH001,Hotel du Lac,97.89,CHF,2.8,"Kirchgasse 28, Zermatt",ZRH,47.36649,8.53675,161.25,"WiFi,24h Reception,Luggage Storage",STANDARD_ROOM,BREAKFAST,1620,Valais,alpine_ski_resort,11,6,2,24,159,FALSE,Summer,FALSE,FALSE,13.5,9.9,18.2,2,0,10.3,FALSE,Independent,FALSE
08.06.2026,Monday,Zuerich,BWZRH091,BEST WESTERN HOTEL ZURCHERHOF,250.32,CHF,3.8,"Kirchgasse 47, Zuerich",ZRH,47.37503,8.54445,0.29,"WiFi,Gym,Pool,Spa",STANDARD_ROOM,BREAKFAST,408,Zurich,city,10,6,2,24,159,FALSE,Summer,FALSE,FALSE,20.1,14.3,24.8,1.6,0,10.1,FALSE,Best Western,TRUE
08.06.2026,Monday,Zuerich,MCZRHDTM,Zurich Marriott Hotel,603.16,CHF,4.5,"Marktplatz 90, Zuerich",ZRH,47.38247,8.54026,0.63,"WiFi,Gym,Pool,Spa",STANDARD_ROOM,ROOM_ONLY,408,Zurich,city,9.2,6,2,24,159,FALSE,Summer,FALSE,FALSE,17.9,13.4,21.1,1.7,0,11.3,FALSE,Marriott,TRUE
08.06.2026,Monday,Zuerich,ONZRHCTY,HOTEL CITY,233.23,CHF,3.9,"Marktplatz 90, Zuerich",ZRH,47.37474,8.53611,0.48,"WiFi,24h Reception,Luggage Storage",BUDGET_ROOM,ROOM_ONLY,408,Zurich,city,10.1,6,2,24,159,FALSE,Summer,FALSE,FALSE,22.4,18.4,28.9,4.2,0,11.2,FALSE,Independent,FALSE
08.06.2026,Monday,Zuerich,XKZRH001,Hotel du Lac,115.77,CHF,2.8,"Kirchgasse 85, Zuerich",ZRH,47.36649,8.53675,1.22,"WiFi,Gym,Pool,Spa",STANDARD_ROOM,BREAKFAST,408,Zurich,city,11,6,2,24,159,FALSE,Summer,FALSE,FALSE,18.8,14,23.8,0.9,0,9.1,FALSE,Independent,FALSE
15.06.2026,Monday,Arosa,BWZRH091,BEST WESTERN HOTEL ZURCHERHOF,243.87,CHF,4.2,"Marktplatz 52, Arosa",ZRH,47.37503,8.54445,107.47,"WiFi,Parking,Restaurant,Bar",STANDARD_ROOM,BREAKFAST,1775,Graubuenden,alpine_ski_resort,10,6,2,25,166,FALSE,Summer,FALSE,FALSE,14.3,11,18.7,1.1,0,8.8,FALSE,Best Western,TRUE
15.06.2026,Monday,Arosa,MCZRHDTM,Zurich Marriott Hotel,615.37,CHF,4.6,"Bahnhofstrasse 85, Arosa",ZRH,47.38247,8.54026,108.23,"WiFi,Parking,Restaurant,Bar",SUPERIOR_ROOM,ROOM_ONLY,1775,Graubuenden,alpine_ski_resort,9.2,6,2,25,166,FALSE,Summer,FALSE,FALSE,14.4,10.6,19.5,5.8,0,9.1,FALSE,Marriott,TRUE
15.06.2026,Monday,Arosa,ONZRHCTY,HOTEL CITY,236.87,CHF,3.8,"Hauptstrasse 54, Arosa",ZRH,47.37474,8.53611,107.95,"WiFi,24h Reception,Luggage Storage",BUDGET_ROOM,ROOM_ONLY,1775,Graubuenden,alpine_ski_resort,10.1,6,2,25,166,FALSE,Summer,FALSE,FALSE,14.2,10.8,21.1,0.5,0,10.6,FALSE,Independent,FALSE
15.06.2026,Monday,Arosa,XKZRH001,Hotel du Lac,103.84,CHF,3.1,"Poststrasse 65, Arosa",ZRH,47.36649,8.53675,107.36,"WiFi,Gym,Pool,Spa",STANDARD_ROOM,BREAKFAST,1775,Graubuenden,alpine_ski_resort,11,6,2,25,166,FALSE,Summer,FALSE,FALSE,9.9,3.8,14.3,3.3,0,8.8,FALSE,Independent,FALSE
15.06.2026,Monday,Basel,RTBSLBAH,ibis Basel Bahnhof,110.05,CHF,3,"Poststrasse 74, Basel",BSL,47.54683,7.58427,1.46,"WiFi,Gym,Pool,Spa",STANDARD_ROOM,ROOM_ONLY,260,Basel-Stadt,city,7.2,6,2,25,166,FALSE,Summer,FALSE,FALSE,19.7,15.6,23.4,1.2,0,8.1,FALSE,Accor (ibis),TRUE
15.06.2026,Monday,Bern,BWBRN230,Best Western Plus Hotel Bern,212.65,CHF,3.3,"Marktplatz 26, Bern",BRN,46.94877,7.44633,0.12,"WiFi,Restaurant,Room Service",STANDARD_ROOM,ROOM_ONLY,542,Bern,city,5.5,6,2,25,166,FALSE,Summer,FALSE,FALSE,19.3,12.4,25,4.4,0,8.8,FALSE,Best Western,TRUE
15.06.2026,Monday,Chur,BWZRH091,BEST WESTERN HOTEL ZURCHERHOF,259.53,CHF,4.2,"Marktplatz 16, Chur",ZRH,47.37503,8.54445,94.9,"WiFi,Gym,Pool,Spa",STANDARD_ROOM,BREAKFAST,593,Graubuenden,city,10,6,2,25,166,FALSE,Summer,FALSE,FALSE,19.5,14.5,24.1,0,0,10,FALSE,Best Western,TRUE
15.06.2026,Monday,Chur,MCZRHDTM,Zurich Marriott Hotel,660.43,CHF,4.4,"Kirchgasse 68, Chur",ZRH,47.38247,8.54026,95.65,"WiFi,Gym,Pool,Spa",SUPERIOR_ROOM,ROOM_ONLY,593,Graubuenden,city,9.2,6,2,25,166,FALSE,Summer,FALSE,FALSE,21.5,18.5,24.6,3.4,0,8.8,FALSE,Marriott,TRUE
15.06.2026,Monday,Chur,ONZRHCTY,HOTEL CITY,250.57,CHF,4.1,"Kirchgasse 23, Chur",ZRH,47.37474,8.53611,95.38,"WiFi,Parking,Breakfast",BUDGET_ROOM,ROOM_ONLY,593,Graubuenden,city,10.1,6,2,25,166,FALSE,Summer,FALSE,FALSE,19.6,16.5,26.3,2.6,0,10.4,FALSE,Independent,FALSE
15.06.2026,Monday,Chur,XKZRH001,Hotel du Lac,109.79,CHF,3,"Marktplatz 16, Chur",ZRH,47.36649,8.53675,94.78,"WiFi,Restaurant,Room Service",STANDARD_ROOM,BREAKFAST,593,Graubuenden,city,11,6,2,25,166,FALSE,Summer,FALSE,FALSE,17.4,13.2,22.8,1.7,0,10,FALSE,Independent,FALSE
15.06.2026,Monday,Genf,RTGVAGAR,ibis Geneve Centre Gare,152.25,CHF,2.7,"Kirchgasse 84, Genf",GVA,46.20765,6.13827,0.52,"WiFi,Parking,Breakfast",STANDARD_ROOM,ROOM_ONLY,375,Geneva,city,4.1,6,2,25,166,FALSE,Summer,FALSE,FALSE,18.3,14.5,21.5,0.4,0,11.3,FALSE,Accor (ibis),TRUE
15.06.2026,Monday,Genf,RTGVARES,Résidence Studio Genève Centre,139.18,CHF,3.3,"Kirchgasse 14, Genf",GVA,46.2117,6.14696,0.86,"WiFi,24h Reception,Luggage Storage",STANDARD_ROOM,ROOM_ONLY,375,Geneva,city,4.1,6,2,25,166,FALSE,Summer,FALSE,FALSE,19.2,15.4,22.9,1,0,9.1,FALSE,Independent,FALSE
15.06.2026,Monday,Interlaken,BWZRH091,BEST WESTERN HOTEL ZURCHERHOF,234.75,CHF,4.2,"Bahnhofstrasse 96, Interlaken",ZRH,47.37503,8.54445,92.36,"WiFi,Restaurant,Room Service",STANDARD_ROOM,BREAKFAST,570,Bern,mountain_resort,10,6,2,25,166,FALSE,Summer,FALSE,FALSE,17.2,11.4,23.8,1.3,0,11.7,FALSE,Best Western,TRUE
15.06.2026,Monday,Interlaken,MCZRHDTM,Zurich Marriott Hotel,670.93,CHF,4.8,"Poststrasse 19, Interlaken",ZRH,47.38247,8.54026,92.87,"WiFi,Parking,Restaurant,Bar",SUPERIOR_ROOM,ROOM_ONLY,570,Bern,mountain_resort,9.2,6,2,25,166,FALSE,Summer,FALSE,FALSE,17.4,13,23.1,5.6,0,10.9,FALSE,Marriott,TRUE
15.06.2026,Monday,Interlaken,ONZRHCTY,HOTEL CITY,240.81,CHF,4.1,"Hauptstrasse 82, Interlaken",ZRH,47.37474,8.53611,91.98,"WiFi,Parking,Breakfast",BUDGET_ROOM,ROOM_ONLY,570,Bern,mountain_resort,10.1,6,2,25,166,FALSE,Summer,FALSE,FALSE,18,14.9,23.9,3.5,0,11.3,FALSE,Independent,FALSE
15.06.2026,Monday,Interlaken,XKZRH001,Hotel du Lac,99.43,CHF,3.2,"Marktplatz 8, Interlaken",ZRH,47.36649,8.53675,91.25,"WiFi,24h Reception,Luggage Storage",STANDARD_ROOM,BREAKFAST,570,Bern,mountain_resort,11,6,2,25,166,FALSE,Summer,FALSE,FALSE,19.3,13.3,22.8,5,0,9,FALSE,Independent,FALSE
15.06.2026,Monday,Lausanne,RTGVAGAR,ibis Geneve Centre Gare,151.27,CHF,3.1,"Poststrasse 5, Lausanne",GVA,46.20765,6.13827,51.39,"WiFi,Restaurant,Room Service",STANDARD_ROOM,ROOM_ONLY,495,Vaud,city,4.1,6,2,25,166,FALSE,Summer,FALSE,FALSE,21,15.6,26.2,4.6,0,10.4,FALSE,Accor (ibis),TRUE
15.06.2026,Monday,Lausanne,RTGVARES,Résidence Studio Genève Centre,138.18,CHF,2.7,"Marktplatz 43, Lausanne",GVA,46.2117,6.14696,50.59,"WiFi,Gym,Pool,Spa",STANDARD_ROOM,ROOM_ONLY,495,Vaud,city,4.1,6,2,25,166,FALSE,Summer,FALSE,FALSE,18.1,11.2,23.8,3.5,0,8.3,FALSE,Independent,FALSE
15.06.2026,Monday,Luzern,BWZRH091,BEST WESTERN HOTEL ZURCHERHOF,232.05,CHF,4.1,"Hauptstrasse 22, Luzern",ZRH,47.37503,8.54445,40.25,"WiFi,Parking,Restaurant,Bar",STANDARD_ROOM,BREAKFAST,435,Lucerne,city,10,6,2,25,166,FALSE,Summer,FALSE,FALSE,22.1,16.7,25.2,0.8,0,9.5,FALSE,Best Western,TRUE
15.06.2026,Monday,Luzern,MCZRHDTM,Zurich Marriott Hotel,638.09,CHF,4.6,"Kirchgasse 30, Luzern",ZRH,47.38247,8.54026,40.86,"WiFi,Gym,Pool,Spa",SUPERIOR_ROOM,ROOM_ONLY,435,Lucerne,city,9.2,6,2,25,166,FALSE,Summer,FALSE,FALSE,18.7,14.5,25.1,2.8,0,11.5,FALSE,Marriott,TRUE
15.06.2026,Monday,Luzern,ONZRHCTY,HOTEL CITY,217.05,CHF,3.6,"Kirchgasse 61, Luzern",ZRH,47.37474,8.53611,39.95,"WiFi,Parking,Restaurant,Bar",BUDGET_ROOM,ROOM_ONLY,435,Lucerne,city,10.1,6,2,25,166,FALSE,Summer,FALSE,FALSE,19.5,13.3,22.6,4.2,0,9.7,FALSE,Independent,FALSE
15.06.2026,Monday,Luzern,XKZRH001,Hotel du Lac,98.8,CHF,3.1,"Hauptstrasse 25, Luzern",ZRH,47.36649,8.53675,39.14,"WiFi,Restaurant,Room Service",STANDARD_ROOM,BREAKFAST,435,Lucerne,city,11,6,2,25,166,FALSE,Summer,FALSE,FALSE,17.6,14.5,21,0,0,9.9,FALSE,Independent,FALSE
15.06.2026,Monday,St. Gallen,BWZRH091,BEST WESTERN HOTEL ZURCHERHOF,266.1,CHF,3.7,"Hauptstrasse 45, St. Gallen",ZRH,47.37503,8.54445,62.88,"WiFi,Restaurant,Room Service",STANDARD_ROOM,BREAKFAST,675,St. Gallen,city,10,6,2,25,166,FALSE,Summer,FALSE,FALSE,18.6,12.4,22,3,0,9.4,FALSE,Best Western,TRUE
15.06.2026,Monday,St. Gallen,MCZRHDTM,Zurich Marriott Hotel,656.06,CHF,4.2,"Hauptstrasse 42, St. Gallen",ZRH,47.38247,8.54026,63.12,"WiFi,Parking,Restaurant,Bar",SUPERIOR_ROOM,ROOM_ONLY,675,St. Gallen,city,9.2,6,2,25,166,FALSE,Summer,FALSE,FALSE,16.2,9.8,19.5,3,0,9.5,FALSE,Marriott,TRUE
15.06.2026,Monday,St. Gallen,ONZRHCTY,HOTEL CITY,240.81,CHF,4,"Hauptstrasse 88, St. Gallen",ZRH,47.37474,8.53611,63.51,"WiFi,Parking,Breakfast",BUDGET_ROOM,ROOM_ONLY,675,St. Gallen,city,10.1,6,2,25,166,FALSE,Summer,FALSE,FALSE,19.5,14,25,2.2,0,10.7,FALSE,Independent,FALSE
15.06.2026,Monday,St. Gallen,XKZRH001,Hotel du Lac,110.37,CHF,2.9,"Bahnhofstrasse 37, St. Gallen",ZRH,47.36649,8.53675,63.55,"WiFi,Gym,Pool,Spa",STANDARD_ROOM,BREAKFAST,675,St. Gallen,city,11,6,2,25,166,FALSE,Summer,FALSE,FALSE,21,15.1,25,2.5,0,11.5,FALSE,Independent,FALSE
15.06.2026,Monday,St. Moritz,BWZRH091,BEST WESTERN HOTEL ZURCHERHOF,248.88,CHF,3.7,"Kirchgasse 76, St. Moritz",ZRH,47.37503,8.54445,138.28,"WiFi,Parking,Restaurant,Bar",STANDARD_ROOM,BREAKFAST,1856,Graubuenden,alpine_ski_resort,10,6,2,25,166,FALSE,Summer,FALSE,FALSE,13.6,6.7,19.6,4.1,0,11.6,FALSE,Best Western,TRUE
15.06.2026,Monday,St. Moritz,MCZRHDTM,Zurich Marriott Hotel,648.23,CHF,4.5,"Kirchgasse 85, St. Moritz",ZRH,47.38247,8.54026,139.08,"WiFi,Restaurant,Room Service",SUPERIOR_ROOM,ROOM_ONLY,1856,Graubuenden,alpine_ski_resort,9.2,6,2,25,166,FALSE,Summer,FALSE,FALSE,12.1,7,16.4,1.3,0,8.6,FALSE,Marriott,TRUE
15.06.2026,Monday,St. Moritz,ONZRHCTY,HOTEL CITY,216.62,CHF,3.5,"Hauptstrasse 31, St. Moritz",ZRH,47.37474,8.53611,138.7,"WiFi,Restaurant,Room Service",BUDGET_ROOM,ROOM_ONLY,1856,Graubuenden,alpine_ski_resort,10.1,6,2,25,166,FALSE,Summer,FALSE,FALSE,13.2,9.1,16.8,1.7,0,10.7,FALSE,Independent,FALSE
15.06.2026,Monday,St. Moritz,XKZRH001,Hotel du Lac,101.05,CHF,3.1,"Bahnhofstrasse 28, St. Moritz",ZRH,47.36649,8.53675,138.03,"WiFi,Parking,Restaurant,Bar",STANDARD_ROOM,BREAKFAST,1856,Graubuenden,alpine_ski_resort,11,6,2,25,166,FALSE,Summer,FALSE,FALSE,12.5,7,18.3,0.6,0,8.6,FALSE,Independent,FALSE
15.06.2026,Monday,Winterthur,BWZRH091,BEST WESTERN HOTEL ZURCHERHOF,263.85,CHF,4.1,"Poststrasse 83, Winterthur",ZRH,47.37503,8.54445,20.79,"WiFi,Parking,Restaurant,Bar",STANDARD_ROOM,BREAKFAST,439,Zurich,city,10,6,2,25,166,FALSE,Summer,FALSE,FALSE,18.4,13.6,21.7,2.1,0,10.9,FALSE,Best Western,TRUE
15.06.2026,Monday,Winterthur,ONZRHCTY,HOTEL CITY,250.46,CHF,4.1,"Marktplatz 14, Winterthur",ZRH,47.37474,8.53611,21.28,"WiFi,Parking,Restaurant,Bar",BUDGET_ROOM,ROOM_ONLY,439,Zurich,city,10.1,6,2,25,166,FALSE,Summer,FALSE,FALSE,19.4,14,23,0,0,11.9,FALSE,Independent,FALSE
15.06.2026,Monday,Zermatt,BWZRH091,BEST WESTERN HOTEL ZURCHERHOF,249.09,CHF,4,"Kirchgasse 59, Zermatt",ZRH,47.37503,8.54445,162.35,"WiFi,Parking,Breakfast",STANDARD_ROOM,BREAKFAST,1620,Valais,alpine_ski_resort,10,6,2,25,166,FALSE,Summer,FALSE,FALSE,11.6,7.7,17.5,0,0,11.4,FALSE,Best Western,TRUE
15.06.2026,Monday,Zermatt,MCZRHDTM,Zurich Marriott Hotel,663.92,CHF,4.7,"Marktplatz 45, Zermatt",ZRH,47.38247,8.54026,163,"WiFi,Gym,Pool,Spa",SUPERIOR_ROOM,ROOM_ONLY,1620,Valais,alpine_ski_resort,9.2,6,2,25,166,FALSE,Summer,FALSE,FALSE,10.2,7,17.2,0.9,0,9.3,FALSE,Marriott,TRUE
15.06.2026,Monday,Zermatt,ONZRHCTY,HOTEL CITY,237.91,CHF,4,"Kirchgasse 27, Zermatt",ZRH,47.37474,8.53611,162.08,"WiFi,Gym,Pool,Spa",BUDGET_ROOM,ROOM_ONLY,1620,Valais,alpine_ski_resort,10.1,6,2,25,166,FALSE,Summer,FALSE,FALSE,10,6.9,13.9,0.6,0,8.2,FALSE,Independent,FALSE
15.06.2026,Monday,Zermatt,XKZRH001,Hotel du Lac,102.87,CHF,3.2,"Bahnhofstrasse 64, Zermatt",ZRH,47.36649,8.53675,161.25,"WiFi,24h Reception,Luggage Storage",STANDARD_ROOM,BREAKFAST,1620,Valais,alpine_ski_resort,11,6,2,25,166,FALSE,Summer,FALSE,FALSE,14.8,11,17.9,0,0,9,FALSE,Independent,FALSE
15.06.2026,Monday,Zuerich,BWZRH091,BEST WESTERN HOTEL ZURCHERHOF,248.17,CHF,4,"Bahnhofstrasse 57, Zuerich",ZRH,47.37503,8.54445,0.29,"WiFi,Gym,Pool,Spa",STANDARD_ROOM,BREAKFAST,408,Zurich,city,10,6,2,25,166,FALSE,Summer,FALSE,FALSE,16.9,12.6,21.1,2.3,0,9.1,FALSE,Best Western,TRUE
15.06.2026,Monday,Zuerich,MCZRHDTM,Zurich Marriott Hotel,697.67,CHF,4.4,"Poststrasse 81, Zuerich",ZRH,47.38247,8.54026,0.63,"WiFi,Gym,Pool,Spa",SUPERIOR_ROOM,ROOM_ONLY,408,Zurich,city,9.2,6,2,25,166,FALSE,Summer,FALSE,FALSE,19.1,15.9,24.4,5.2,0,8.4,FALSE,Marriott,TRUE
15.06.2026,Monday,Zuerich,ONZRHCTY,HOTEL CITY,249.84,CHF,3.7,"Hauptstrasse 71, Zuerich",ZRH,47.37474,8.53611,0.48,"WiFi,Restaurant,Room Service",BUDGET_ROOM,ROOM_ONLY,408,Zurich,city,10.1,6,2,25,166,FALSE,Summer,FALSE,FALSE,19.7,14.5,22.7,0,0,8.2,FALSE,Independent,FALSE
15.06.2026,Monday,Zuerich,XKZRH001,Hotel du Lac,112.04,CHF,2.9,"Bahnhofstrasse 1, Zuerich",ZRH,47.36649,8.53675,1.22,"WiFi,Parking,Restaurant,Bar",STANDARD_ROOM,BREAKFAST,408,Zurich,city,11,6,2,25,166,FALSE,Summer,FALSE,FALSE,22,17.6,27.5,2.1,0,11.5,FALSE,Independent,FALSE
22.06.2026,Monday,Arosa,BWZRH091,BEST WESTERN HOTEL ZURCHERHOF,252.8,CHF,4,"Poststrasse 52, Arosa",ZRH,47.37503,8.54445,107.47,"WiFi,Gym,Pool,Spa",STANDARD_ROOM,BREAKFAST,1775,Graubuenden,alpine_ski_resort,10,6,2,26,173,FALSE,Summer,FALSE,FALSE,10.8,7.6,14.8,0,0,9.2,FALSE,Best Western,TRUE
22.06.2026,Monday,Arosa,MCZRHDTM,Zurich Marriott Hotel,635.96,CHF,4.3,"Marktplatz 35, Arosa",ZRH,47.38247,8.54026,108.23,"WiFi,Gym,Pool,Spa",SUITE,ROOM_ONLY,1775,Graubuenden,alpine_ski_resort,9.2,6,2,26,173,FALSE,Summer,FALSE,FALSE,10.5,3.9,14.4,2.6,0,11.4,FALSE,Marriott,TRUE
22.06.2026,Monday,Arosa,ONZRHCTY,HOTEL CITY,225.56,CHF,3.7,"Poststrasse 82, Arosa",ZRH,47.37474,8.53611,107.95,"WiFi,Parking,Breakfast",BUDGET_ROOM,ROOM_ONLY,1775,Graubuenden,alpine_ski_resort,10.1,6,2,26,173,FALSE,Summer,FALSE,FALSE,11.1,7.7,16.6,0.5,0,11.6,FALSE,Independent,FALSE
22.06.2026,Monday,Arosa,XKZRH001,Hotel du Lac,102.92,CHF,2.9,"Kirchgasse 2, Arosa",ZRH,47.36649,8.53675,107.36,"WiFi,Parking,Breakfast",STANDARD_ROOM,BREAKFAST,1775,Graubuenden,alpine_ski_resort,11,6,2,26,173,FALSE,Summer,FALSE,FALSE,13.7,8.9,17.2,5.1,0,8.8,FALSE,Independent,FALSE
22.06.2026,Monday,Basel,RTBSLBAH,ibis Basel Bahnhof,109.77,CHF,2.7,"Bahnhofstrasse 79, Basel",BSL,47.54683,7.58427,1.46,"WiFi,Gym,Pool,Spa",STANDARD_ROOM,ROOM_ONLY,260,Basel-Stadt,city,7.2,6,2,26,173,FALSE,Summer,FALSE,FALSE,21.7,18.2,28.1,0,0,11,FALSE,Accor (ibis),TRUE
22.06.2026,Monday,Bern,BWBRN230,Best Western Plus Hotel Bern,206.68,CHF,3.6,"Poststrasse 49, Bern",BRN,46.94877,7.44633,0.12,"WiFi,Gym,Pool,Spa",STANDARD_ROOM,ROOM_ONLY,542,Bern,city,5.5,6,2,26,173,FALSE,Summer,FALSE,FALSE,19.5,14.5,24.2,1.4,0,9.9,FALSE,Best Western,TRUE
22.06.2026,Monday,Chur,BWZRH091,BEST WESTERN HOTEL ZURCHERHOF,260.36,CHF,4.3,"Kirchgasse 41, Chur",ZRH,47.37503,8.54445,94.9,"WiFi,Restaurant,Room Service",STANDARD_ROOM,BREAKFAST,593,Graubuenden,city,10,6,2,26,173,FALSE,Summer,FALSE,FALSE,19.2,15.7,26.1,3.8,0,11.5,FALSE,Best Western,TRUE
22.06.2026,Monday,Chur,ONZRHCTY,HOTEL CITY,227.3,CHF,4.2,"Bahnhofstrasse 46, Chur",ZRH,47.37474,8.53611,95.38,"WiFi,Parking,Restaurant,Bar",BUDGET_ROOM,ROOM_ONLY,593,Graubuenden,city,10.1,6,2,26,173,FALSE,Summer,FALSE,FALSE,20.8,16.4,26.7,0.7,0,10.2,FALSE,Independent,FALSE
22.06.2026,Monday,Genf,ICGVAICA,INTERCONTINENTAL GENEVA,616.24,CHF,4.4,"Poststrasse 85, Genf",GVA,46.22461,6.13268,2.39,"WiFi,Parking,Restaurant,Bar",STANDARD_ROOM,ROOM_ONLY,375,Geneva,city,2.4,6,2,26,173,FALSE,Summer,FALSE,FALSE,23,19.1,29.4,2.1,0,10.7,FALSE,IHG (InterContinental),TRUE
22.06.2026,Monday,Genf,RTGVAGAR,ibis Geneve Centre Gare,142.1,CHF,3,"Hauptstrasse 1, Genf",GVA,46.20765,6.13827,0.52,"WiFi,24h Reception,Luggage Storage",STANDARD_ROOM,ROOM_ONLY,375,Geneva,city,4.1,6,2,26,173,FALSE,Summer,FALSE,FALSE,17.5,12.1,21.3,1.6,0,9,FALSE,Accor (ibis),TRUE
22.06.2026,Monday,Genf,RTGVARES,Résidence Studio Genève Centre,135.81,CHF,3.1,"Bahnhofstrasse 67, Genf",GVA,46.2117,6.14696,0.86,"WiFi,Gym,Pool,Spa",STANDARD_ROOM,ROOM_ONLY,375,Geneva,city,4.1,6,2,26,173,FALSE,Summer,FALSE,FALSE,17.2,12.6,23.2,0.7,0,8.5,FALSE,Independent,FALSE
22.06.2026,Monday,Interlaken,BWZRH091,BEST WESTERN HOTEL ZURCHERHOF,254.96,CHF,3.9,"Bahnhofstrasse 92, Interlaken",ZRH,47.37503,8.54445,92.36,"WiFi,24h Reception,Luggage Storage",STANDARD_ROOM,BREAKFAST,570,Bern,mountain_resort,10,6,2,26,173,FALSE,Summer,FALSE,FALSE,18.3,13.8,23.3,3.1,0,9.5,FALSE,Best Western,TRUE
22.06.2026,Monday,Interlaken,MCZRHDTM,Zurich Marriott Hotel,659.88,CHF,4.3,"Hauptstrasse 66, Interlaken",ZRH,47.38247,8.54026,92.87,"WiFi,Gym,Pool,Spa",SUITE,ROOM_ONLY,570,Bern,mountain_resort,9.2,6,2,26,173,FALSE,Summer,FALSE,FALSE,20,16.2,25.7,0,0,9.8,FALSE,Marriott,TRUE
22.06.2026,Monday,Interlaken,ONZRHCTY,HOTEL CITY,234.35,CHF,4,"Marktplatz 63, Interlaken",ZRH,47.37474,8.53611,91.98,"WiFi,Gym,Pool,Spa",BUDGET_ROOM,ROOM_ONLY,570,Bern,mountain_resort,10.1,6,2,26,173,FALSE,Summer,FALSE,FALSE,21.7,15.1,24.8,2.1,0,11.5,FALSE,Independent,FALSE
22.06.2026,Monday,Interlaken,XKZRH001,Hotel du Lac,109.24,CHF,3.1,"Bahnhofstrasse 67, Interlaken",ZRH,47.36649,8.53675,91.25,"WiFi,Parking,Restaurant,Bar",STANDARD_ROOM,BREAKFAST,570,Bern,mountain_resort,11,6,2,26,173,FALSE,Summer,FALSE,FALSE,16.9,11.4,21.3,4,0,11.5,FALSE,Independent,FALSE
22.06.2026,Monday,Lausanne,ICGVAICA,INTERCONTINENTAL GENEVA,565.12,CHF,4.7,"Kirchgasse 34, Lausanne",GVA,46.22461,6.13268,50.46,"WiFi,Gym,Pool,Spa",STANDARD_ROOM,ROOM_ONLY,495,Vaud,city,2.4,6,2,26,173,FALSE,Summer,FALSE,FALSE,22.3,18.4,29.1,2.3,0,10.7,FALSE,IHG (InterContinental),TRUE
22.06.2026,Monday,Lausanne,RTGVAGAR,ibis Geneve Centre Gare,146.4,CHF,3,"Kirchgasse 94, Lausanne",GVA,46.20765,6.13827,51.39,"WiFi,Parking,Restaurant,Bar",STANDARD_ROOM,ROOM_ONLY,495,Vaud,city,4.1,6,2,26,173,FALSE,Summer,FALSE,FALSE,21,15.1,24.8,7.6,0,11.5,FALSE,Accor (ibis),TRUE
22.06.2026,Monday,Lausanne,RTGVARES,Résidence Studio Genève Centre,130.54,CHF,3.3,"Kirchgasse 22, Lausanne",GVA,46.2117,6.14696,50.59,"WiFi,Parking,Breakfast",STANDARD_ROOM,ROOM_ONLY,495,Vaud,city,4.1,6,2,26,173,FALSE,Summer,FALSE,FALSE,21.9,15.2,28.3,1.8,0,8.4,FALSE,Independent,FALSE
22.06.2026,Monday,Luzern,BWZRH091,BEST WESTERN HOTEL ZURCHERHOF,228.06,CHF,3.8,"Bahnhofstrasse 58, Luzern",ZRH,47.37503,8.54445,40.25,"WiFi,Gym,Pool,Spa",STANDARD_ROOM,BREAKFAST,435,Lucerne,city,10,6,2,26,173,FALSE,Summer,FALSE,FALSE,18.4,14.2,21.8,0,0,8.5,FALSE,Best Western,TRUE
22.06.2026,Monday,Luzern,MCZRHDTM,Zurich Marriott Hotel,596.12,CHF,4.4,"Bahnhofstrasse 85, Luzern",ZRH,47.38247,8.54026,40.86,"WiFi,Parking,Breakfast",SUITE,ROOM_ONLY,435,Lucerne,city,9.2,6,2,26,173,FALSE,Summer,FALSE,FALSE,18.3,12.1,24.5,0,0,8.2,FALSE,Marriott,TRUE
22.06.2026,Monday,Luzern,ONZRHCTY,HOTEL CITY,225.12,CHF,3.7,"Poststrasse 1, Luzern",ZRH,47.37474,8.53611,39.95,"WiFi,Gym,Pool,Spa",BUDGET_ROOM,ROOM_ONLY,435,Lucerne,city,10.1,6,2,26,173,FALSE,Summer,FALSE,FALSE,17.5,10.8,21.9,1.2,0,10.5,FALSE,Independent,FALSE
22.06.2026,Monday,Luzern,XKZRH001,Hotel du Lac,102.36,CHF,3.1,"Kirchgasse 44, Luzern",ZRH,47.36649,8.53675,39.14,"WiFi,Gym,Pool,Spa",STANDARD_ROOM,BREAKFAST,435,Lucerne,city,11,6,2,26,173,FALSE,Summer,FALSE,FALSE,21.8,17.4,27,0.4,0,11.3,FALSE,Independent,FALSE
22.06.2026,Monday,St. Gallen,BWZRH091,BEST WESTERN HOTEL ZURCHERHOF,240.16,CHF,4.1,"Marktplatz 15, St. Gallen",ZRH,47.37503,8.54445,62.88,"WiFi,Restaurant,Room Service",STANDARD_ROOM,BREAKFAST,675,St. Gallen,city,10,6,2,26,173,FALSE,Summer,FALSE,FALSE,15.7,10.5,20.3,3.6,0,11.1,FALSE,Best Western,TRUE
22.06.2026,Monday,St. Gallen,MCZRHDTM,Zurich Marriott Hotel,648.35,CHF,4.6,"Bahnhofstrasse 39, St. Gallen",ZRH,47.38247,8.54026,63.12,"WiFi,Parking,Breakfast",SUITE,ROOM_ONLY,675,St. Gallen,city,9.2,6,2,26,173,FALSE,Summer,FALSE,FALSE,17.5,12.1,23.5,3.4,0,10.1,FALSE,Marriott,TRUE
22.06.2026,Monday,St. Gallen,ONZRHCTY,HOTEL CITY,234.32,CHF,3.7,"Kirchgasse 16, St. Gallen",ZRH,47.37474,8.53611,63.51,"WiFi,24h Reception,Luggage Storage",BUDGET_ROOM,ROOM_ONLY,675,St. Gallen,city,10.1,6,2,26,173,FALSE,Summer,FALSE,FALSE,19.3,15.7,22.4,4.7,0,10.6,FALSE,Independent,FALSE
22.06.2026,Monday,St. Gallen,XKZRH001,Hotel du Lac,111.52,CHF,3.1,"Marktplatz 78, St. Gallen",ZRH,47.36649,8.53675,63.55,"WiFi,Parking,Restaurant,Bar",STANDARD_ROOM,BREAKFAST,675,St. Gallen,city,11,6,2,26,173,FALSE,Summer,FALSE,FALSE,21,16.5,24.9,0.5,0,9.7,FALSE,Independent,FALSE
22.06.2026,Monday,St. Moritz,BWZRH091,BEST WESTERN HOTEL ZURCHERHOF,240.32,CHF,4,"Kirchgasse 82, St. Moritz",ZRH,47.37503,8.54445,138.28,"WiFi,Parking,Breakfast",STANDARD_ROOM,BREAKFAST,1856,Graubuenden,alpine_ski_resort,10,6,2,26,173,FALSE,Summer,FALSE,FALSE,10.7,5.5,14.6,0.9,0,10,FALSE,Best Western,TRUE
22.06.2026,Monday,St. Moritz,MCZRHDTM,Zurich Marriott Hotel,642.56,CHF,4.2,"Kirchgasse 91, St. Moritz",ZRH,47.38247,8.54026,139.08,"WiFi,Parking,Restaurant,Bar",SUITE,ROOM_ONLY,1856,Graubuenden,alpine_ski_resort,9.2,6,2,26,173,FALSE,Summer,FALSE,FALSE,10.7,6.1,15.7,0.5,0,9.1,FALSE,Marriott,TRUE
22.06.2026,Monday,St. Moritz,ONZRHCTY,HOTEL CITY,231.89,CHF,3.9,"Marktplatz 2, St. Moritz",ZRH,47.37474,8.53611,138.7,"WiFi,Parking,Breakfast",BUDGET_ROOM,ROOM_ONLY,1856,Graubuenden,alpine_ski_resort,10.1,6,2,26,173,FALSE,Summer,FALSE,FALSE,8.7,2.7,14.6,3,0,8.9,FALSE,Independent,FALSE
22.06.2026,Monday,St. Moritz,XKZRH001,Hotel du Lac,108.97,CHF,2.8,"Bahnhofstrasse 71, St. Moritz",ZRH,47.36649,8.53675,138.03,"WiFi,Restaurant,Room Service",STANDARD_ROOM,BREAKFAST,1856,Graubuenden,alpine_ski_resort,11,6,2,26,173,FALSE,Summer,FALSE,FALSE,8.4,3.7,14.8,0.1,0,8.5,FALSE,Independent,FALSE
22.06.2026,Monday,Winterthur,BWZRH091,BEST WESTERN HOTEL ZURCHERHOF,244.51,CHF,3.8,"Kirchgasse 66, Winterthur",ZRH,47.37503,8.54445,20.79,"WiFi,Parking,Restaurant,Bar",STANDARD_ROOM,BREAKFAST,439,Zurich,city,10,6,2,26,173,FALSE,Summer,FALSE,FALSE,20.3,15.8,23.8,0,0,11.5,FALSE,Best Western,TRUE
22.06.2026,Monday,Winterthur,MCZRHDTM,Zurich Marriott Hotel,636.41,CHF,4.7,"Bahnhofstrasse 5, Winterthur",ZRH,47.38247,8.54026,20.48,"WiFi,Parking,Restaurant,Bar",SUITE,ROOM_ONLY,439,Zurich,city,9.2,6,2,26,173,FALSE,Summer,FALSE,FALSE,19.2,12.2,24.5,1.7,0,9.6,FALSE,Marriott,TRUE
22.06.2026,Monday,Winterthur,ONZRHCTY,HOTEL CITY,229.43,CHF,3.9,"Kirchgasse 49, Winterthur",ZRH,47.37474,8.53611,21.28,"WiFi,24h Reception,Luggage Storage",BUDGET_ROOM,ROOM_ONLY,439,Zurich,city,10.1,6,2,26,173,FALSE,Summer,FALSE,FALSE,18.7,14.4,25.2,4.3,0,8.5,FALSE,Independent,FALSE
22.06.2026,Monday,Winterthur,XKZRH001,Hotel du Lac,106.06,CHF,3.3,"Hauptstrasse 80, Winterthur",ZRH,47.36649,8.53675,21.86,"WiFi,Parking,Restaurant,Bar",STANDARD_ROOM,BREAKFAST,439,Zurich,city,11,6,2,26,173,FALSE,Summer,FALSE,FALSE,20.3,14.7,24,1.6,0,11.1,FALSE,Independent,FALSE
22.06.2026,Monday,Zermatt,BWZRH091,BEST WESTERN HOTEL ZURCHERHOF,247.27,CHF,3.8,"Kirchgasse 29, Zermatt",ZRH,47.37503,8.54445,162.35,"WiFi,Parking,Breakfast",STANDARD_ROOM,BREAKFAST,1620,Valais,alpine_ski_resort,10,6,2,26,173,FALSE,Summer,FALSE,FALSE,12.8,6,16.9,3.3,0,8.9,FALSE,Best Western,TRUE
22.06.2026,Monday,Zermatt,MCZRHDTM,Zurich Marriott Hotel,614.54,CHF,4.7,"Bahnhofstrasse 30, Zermatt",ZRH,47.38247,8.54026,163,"WiFi,Parking,Breakfast",SUITE,ROOM_ONLY,1620,Valais,alpine_ski_resort,9.2,6,2,26,173,FALSE,Summer,FALSE,FALSE,11.5,6.3,15.4,2.5,0,9,FALSE,Marriott,TRUE
22.06.2026,Monday,Zermatt,ONZRHCTY,HOTEL CITY,227.09,CHF,3.8,"Kirchgasse 93, Zermatt",ZRH,47.37474,8.53611,162.08,"WiFi,Parking,Breakfast",BUDGET_ROOM,ROOM_ONLY,1620,Valais,alpine_ski_resort,10.1,6,2,26,173,FALSE,Summer,FALSE,FALSE,11.6,5.3,16,4.5,0,9,FALSE,Independent,FALSE
22.06.2026,Monday,Zermatt,XKZRH001,Hotel du Lac,106.41,CHF,3,"Kirchgasse 74, Zermatt",ZRH,47.36649,8.53675,161.25,"WiFi,Gym,Pool,Spa",STANDARD_ROOM,BREAKFAST,1620,Valais,alpine_ski_resort,11,6,2,26,173,FALSE,Summer,FALSE,FALSE,14.2,10.1,17.3,4.4,0,9.4,FALSE,Independent,FALSE
22.06.2026,Monday,Zuerich,BWZRH091,BEST WESTERN HOTEL ZURCHERHOF,246.53,CHF,4,"Hauptstrasse 49, Zuerich",ZRH,47.37503,8.54445,0.29,"WiFi,Parking,Breakfast",STANDARD_ROOM,BREAKFAST,408,Zurich,city,10,6,2,26,173,FALSE,Summer,FALSE,FALSE,20.5,14.2,25.5,3.6,0,12,FALSE,Best Western,TRUE
22.06.2026,Monday,Zuerich,MCZRHDTM,Zurich Marriott Hotel,615.9,CHF,4.2,"Bahnhofstrasse 14, Zuerich",ZRH,47.38247,8.54026,0.63,"WiFi,Parking,Restaurant,Bar",SUITE,ROOM_ONLY,408,Zurich,city,9.2,6,2,26,173,FALSE,Summer,FALSE,FALSE,19.5,13,22.7,1,0,11,FALSE,Marriott,TRUE
22.06.2026,Monday,Zuerich,ONZRHCTY,HOTEL CITY,246.58,CHF,4.2,"Marktplatz 11, Zuerich",ZRH,47.37474,8.53611,0.48,"WiFi,Parking,Breakfast",BUDGET_ROOM,ROOM_ONLY,408,Zurich,city,10.1,6,2,26,173,FALSE,Summer,FALSE,FALSE,22.6,18,28.4,1.1,0,8.8,FALSE,Independent,FALSE
22.06.2026,Monday,Zuerich,XKZRH001,Hotel du Lac,109.41,CHF,2.7,"Marktplatz 97, Zuerich",ZRH,47.36649,8.53675,1.22,"WiFi,Parking,Restaurant,Bar",STANDARD_ROOM,BREAKFAST,408,Zurich,city,11,6,2,26,173,FALSE,Summer,FALSE,FALSE,20.1,14.7,26.7,1.6,0,9.6,FALSE,Independent,FALSE
29.06.2026,Monday,Arosa,BWZRH091,BEST WESTERN HOTEL ZURCHERHOF,249.17,CHF,4,"Poststrasse 22, Arosa",ZRH,47.37503,8.54445,107.47,"WiFi,24h Reception,Luggage Storage",STANDARD_ROOM,BREAKFAST,1775,Graubuenden,alpine_ski_resort,10,6,2,27,180,FALSE,Summer,FALSE,FALSE,12.7,6.6,17.2,1.5,0,8.2,FALSE,Best Western,TRUE
29.06.2026,Monday,Arosa,MCZRHDTM,Zurich Marriott Hotel,562.26,CHF,4.5,"Hauptstrasse 95, Arosa",ZRH,47.38247,8.54026,108.23,"WiFi,24h Reception,Luggage Storage",STANDARD_ROOM,ROOM_ONLY,1775,Graubuenden,alpine_ski_resort,9.2,6,2,27,180,FALSE,Summer,FALSE,FALSE,12.1,6,17.2,4.4,0,8.3,FALSE,Marriott,TRUE
29.06.2026,Monday,Arosa,ONZRHCTY,HOTEL CITY,227.03,CHF,4.3,"Poststrasse 6, Arosa",ZRH,47.37474,8.53611,107.95,"WiFi,Restaurant,Room Service",BUDGET_ROOM,ROOM_ONLY,1775,Graubuenden,alpine_ski_resort,10.1,6,2,27,180,FALSE,Summer,FALSE,FALSE,11.9,5.8,18,1.6,0,9.1,FALSE,Independent,FALSE
29.06.2026,Monday,Arosa,XKZRH001,Hotel du Lac,109.53,CHF,2.8,"Marktplatz 1, Arosa",ZRH,47.36649,8.53675,107.36,"WiFi,Parking,Restaurant,Bar",STANDARD_ROOM,BREAKFAST,1775,Graubuenden,alpine_ski_resort,11,6,2,27,180,FALSE,Summer,FALSE,FALSE,10.9,6,14.4,2.7,0,10.5,FALSE,Independent,FALSE
29.06.2026,Monday,Basel,RTBSLBAH,ibis Basel Bahnhof,114.85,CHF,2.8,"Hauptstrasse 77, Basel",BSL,47.54683,7.58427,1.46,"WiFi,Parking,Restaurant,Bar",STANDARD_ROOM,ROOM_ONLY,260,Basel-Stadt,city,7.2,6,2,27,180,FALSE,Summer,FALSE,FALSE,17.9,13.4,21.7,2.5,0,8.1,FALSE,Accor (ibis),TRUE
29.06.2026,Monday,Bern,BWBRN230,Best Western Plus Hotel Bern,210.58,CHF,3.4,"Poststrasse 46, Bern",BRN,46.94877,7.44633,0.12,"WiFi,Parking,Restaurant,Bar",STANDARD_ROOM,ROOM_ONLY,542,Bern,city,5.5,6,2,27,180,FALSE,Summer,FALSE,FALSE,19.7,16.1,25.3,3.1,0,9.4,FALSE,Best Western,TRUE
29.06.2026,Monday,Chur,BWZRH091,BEST WESTERN HOTEL ZURCHERHOF,258.2,CHF,3.7,"Kirchgasse 1, Chur",ZRH,47.37503,8.54445,94.9,"WiFi,24h Reception,Luggage Storage",STANDARD_ROOM,BREAKFAST,593,Graubuenden,city,10,6,2,27,180,FALSE,Summer,FALSE,FALSE,17.7,13.2,21.5,1.3,0,11.3,FALSE,Best Western,TRUE
29.06.2026,Monday,Chur,MCZRHDTM,Zurich Marriott Hotel,606.54,CHF,4.3,"Bahnhofstrasse 25, Chur",ZRH,47.38247,8.54026,95.65,"WiFi,Parking,Breakfast",STANDARD_ROOM,ROOM_ONLY,593,Graubuenden,city,9.2,6,2,27,180,FALSE,Summer,FALSE,FALSE,17.1,11.2,21.6,4.6,0,11.2,FALSE,Marriott,TRUE
29.06.2026,Monday,Chur,ONZRHCTY,HOTEL CITY,238.62,CHF,4.3,"Poststrasse 63, Chur",ZRH,47.37474,8.53611,95.38,"WiFi,Parking,Restaurant,Bar",BUDGET_ROOM,ROOM_ONLY,593,Graubuenden,city,10.1,6,2,27,180,FALSE,Summer,FALSE,FALSE,19.3,16,24.6,0.5,0,9.6,FALSE,Independent,FALSE
29.06.2026,Monday,Chur,XKZRH001,Hotel du Lac,106.86,CHF,3.1,"Poststrasse 2, Chur",ZRH,47.36649,8.53675,94.78,"WiFi,Gym,Pool,Spa",STANDARD_ROOM,BREAKFAST,593,Graubuenden,city,11,6,2,27,180,FALSE,Summer,FALSE,FALSE,21,14.7,25.4,1.3,0,9.8,FALSE,Independent,FALSE
29.06.2026,Monday,Genf,ICGVAICA,INTERCONTINENTAL GENEVA,557.83,CHF,4.6,"Poststrasse 18, Genf",GVA,46.22461,6.13268,2.39,"WiFi,Restaurant,Room Service",STANDARD_ROOM,ROOM_ONLY,375,Geneva,city,2.4,6,2,27,180,FALSE,Summer,FALSE,FALSE,19.8,15.9,24.1,2.1,0,8.1,FALSE,IHG (InterContinental),TRUE
29.06.2026,Monday,Genf,RTGVAGAR,ibis Geneve Centre Gare,148.86,CHF,3,"Kirchgasse 61, Genf",GVA,46.20765,6.13827,0.52,"WiFi,24h Reception,Luggage Storage",STANDARD_ROOM,ROOM_ONLY,375,Geneva,city,4.1,6,2,27,180,FALSE,Summer,FALSE,FALSE,22,15.4,26,0,0,8.6,FALSE,Accor (ibis),TRUE
29.06.2026,Monday,Genf,RTGVARES,Résidence Studio Genève Centre,131.65,CHF,3.1,"Marktplatz 91, Genf",GVA,46.2117,6.14696,0.86,"WiFi,Parking,Restaurant,Bar",STANDARD_ROOM,ROOM_ONLY,375,Geneva,city,4.1,6,2,27,180,FALSE,Summer,FALSE,FALSE,17.3,12.7,20.7,5,0,11.5,FALSE,Independent,FALSE
29.06.2026,Monday,Interlaken,BWZRH091,BEST WESTERN HOTEL ZURCHERHOF,244.33,CHF,3.7,"Kirchgasse 13, Interlaken",ZRH,47.37503,8.54445,92.36,"WiFi,Restaurant,Room Service",STANDARD_ROOM,BREAKFAST,570,Bern,mountain_resort,10,6,2,27,180,FALSE,Summer,FALSE,FALSE,18.3,14.2,21.8,0,0,8.2,FALSE,Best Western,TRUE
29.06.2026,Monday,Interlaken,MCZRHDTM,Zurich Marriott Hotel,592.34,CHF,4.5,"Hauptstrasse 2, Interlaken",ZRH,47.38247,8.54026,92.87,"WiFi,24h Reception,Luggage Storage",STANDARD_ROOM,ROOM_ONLY,570,Bern,mountain_resort,9.2,6,2,27,180,FALSE,Summer,FALSE,FALSE,18.1,13.8,22.6,3.7,0,9.5,FALSE,Marriott,TRUE
29.06.2026,Monday,Interlaken,ONZRHCTY,HOTEL CITY,231.03,CHF,4.2,"Kirchgasse 30, Interlaken",ZRH,47.37474,8.53611,91.98,"WiFi,Parking,Restaurant,Bar",BUDGET_ROOM,ROOM_ONLY,570,Bern,mountain_resort,10.1,6,2,27,180,FALSE,Summer,FALSE,FALSE,17.8,14.4,22.7,2.1,0,9.7,FALSE,Independent,FALSE
29.06.2026,Monday,Interlaken,XKZRH001,Hotel du Lac,104.98,CHF,3.2,"Poststrasse 39, Interlaken",ZRH,47.36649,8.53675,91.25,"WiFi,24h Reception,Luggage Storage",STANDARD_ROOM,BREAKFAST,570,Bern,mountain_resort,11,6,2,27,180,FALSE,Summer,FALSE,FALSE,20.4,13.5,27,4.2,0,9,FALSE,Independent,FALSE
29.06.2026,Monday,Lausanne,ICGVAICA,INTERCONTINENTAL GENEVA,536.77,CHF,4.7,"Kirchgasse 50, Lausanne",GVA,46.22461,6.13268,50.46,"WiFi,Parking,Breakfast",STANDARD_ROOM,ROOM_ONLY,495,Vaud,city,2.4,6,2,27,180,FALSE,Summer,FALSE,FALSE,18.3,13.7,22.2,3.7,0,9.2,FALSE,IHG (InterContinental),TRUE
29.06.2026,Monday,Lausanne,RTGVAGAR,ibis Geneve Centre Gare,137.78,CHF,2.9,"Hauptstrasse 29, Lausanne",GVA,46.20765,6.13827,51.39,"WiFi,Parking,Breakfast",STANDARD_ROOM,ROOM_ONLY,495,Vaud,city,4.1,6,2,27,180,FALSE,Summer,FALSE,FALSE,20,15.4,23.3,0.4,0,9.4,FALSE,Accor (ibis),TRUE
29.06.2026,Monday,Lausanne,RTGVARES,Résidence Studio Genève Centre,138.57,CHF,3.3,"Kirchgasse 15, Lausanne",GVA,46.2117,6.14696,50.59,"WiFi,Parking,Restaurant,Bar",STANDARD_ROOM,ROOM_ONLY,495,Vaud,city,4.1,6,2,27,180,FALSE,Summer,FALSE,FALSE,22.3,17.7,29.1,0,0,9.2,FALSE,Independent,FALSE
29.06.2026,Monday,Luzern,BWZRH091,BEST WESTERN HOTEL ZURCHERHOF,232.38,CHF,3.8,"Poststrasse 52, Luzern",ZRH,47.37503,8.54445,40.25,"WiFi,Parking,Restaurant,Bar",STANDARD_ROOM,BREAKFAST,435,Lucerne,city,10,6,2,27,180,FALSE,Summer,FALSE,FALSE,19.4,15.5,23.3,1.4,0,10.5,FALSE,Best Western,TRUE
29.06.2026,Monday,Luzern,MCZRHDTM,Zurich Marriott Hotel,558.3,CHF,4.8,"Poststrasse 94, Luzern",ZRH,47.38247,8.54026,40.86,"WiFi,Restaurant,Room Service",STANDARD_ROOM,ROOM_ONLY,435,Lucerne,city,9.2,6,2,27,180,FALSE,Summer,FALSE,FALSE,22.4,17.4,29.2,4.3,0,11.7,FALSE,Marriott,TRUE
29.06.2026,Monday,Luzern,ONZRHCTY,HOTEL CITY,224.9,CHF,3.5,"Hauptstrasse 2, Luzern",ZRH,47.37474,8.53611,39.95,"WiFi,Parking,Breakfast",BUDGET_ROOM,ROOM_ONLY,435,Lucerne,city,10.1,6,2,27,180,FALSE,Summer,FALSE,FALSE,22.5,16.3,28.9,3.3,0,10.5,FALSE,Independent,FALSE
29.06.2026,Monday,Luzern,XKZRH001,Hotel du Lac,103.73,CHF,2.8,"Kirchgasse 26, Luzern",ZRH,47.36649,8.53675,39.14,"WiFi,Parking,Restaurant,Bar",STANDARD_ROOM,BREAKFAST,435,Lucerne,city,11,6,2,27,180,FALSE,Summer,FALSE,FALSE,19.4,12.4,23.3,0,0,9.3,FALSE,Independent,FALSE
29.06.2026,Monday,St. Gallen,BWZRH091,BEST WESTERN HOTEL ZURCHERHOF,254.34,CHF,4,"Marktplatz 50, St. Gallen",ZRH,47.37503,8.54445,62.88,"WiFi,Restaurant,Room Service",STANDARD_ROOM,BREAKFAST,675,St. Gallen,city,10,6,2,27,180,FALSE,Summer,FALSE,FALSE,18.9,14.8,23.7,1.9,0,10.4,FALSE,Best Western,TRUE
29.06.2026,Monday,St. Gallen,MCZRHDTM,Zurich Marriott Hotel,595.13,CHF,4.2,"Hauptstrasse 28, St. Gallen",ZRH,47.38247,8.54026,63.12,"WiFi,Gym,Pool,Spa",STANDARD_ROOM,ROOM_ONLY,675,St. Gallen,city,9.2,6,2,27,180,FALSE,Summer,FALSE,FALSE,20.3,16.7,25.1,2.3,0,8.8,FALSE,Marriott,TRUE
29.06.2026,Monday,St. Gallen,ONZRHCTY,HOTEL CITY,225.45,CHF,3.5,"Kirchgasse 81, St. Gallen",ZRH,47.37474,8.53611,63.51,"WiFi,Gym,Pool,Spa",BUDGET_ROOM,ROOM_ONLY,675,St. Gallen,city,10.1,6,2,27,180,FALSE,Summer,FALSE,FALSE,18.7,11.7,23.9,3.4,0,8,FALSE,Independent,FALSE
29.06.2026,Monday,St. Gallen,XKZRH001,Hotel du Lac,110.77,CHF,3.2,"Hauptstrasse 10, St. Gallen",ZRH,47.36649,8.53675,63.55,"WiFi,Parking,Restaurant,Bar",STANDARD_ROOM,BREAKFAST,675,St. Gallen,city,11,6,2,27,180,FALSE,Summer,FALSE,FALSE,16.7,13.7,22.2,0,0,9.4,FALSE,Independent,FALSE
29.06.2026,Monday,St. Moritz,BWZRH091,BEST WESTERN HOTEL ZURCHERHOF,251.7,CHF,3.9,"Marktplatz 43, St. Moritz",ZRH,47.37503,8.54445,138.28,"WiFi,Parking,Restaurant,Bar",STANDARD_ROOM,BREAKFAST,1856,Graubuenden,alpine_ski_resort,10,6,2,27,180,FALSE,Summer,FALSE,FALSE,11.7,5.7,15,0.3,0,8.9,FALSE,Best Western,TRUE
29.06.2026,Monday,St. Moritz,MCZRHDTM,Zurich Marriott Hotel,617.39,CHF,4.6,"Hauptstrasse 94, St. Moritz",ZRH,47.38247,8.54026,139.08,"WiFi,Parking,Breakfast",STANDARD_ROOM,ROOM_ONLY,1856,Graubuenden,alpine_ski_resort,9.2,6,2,27,180,FALSE,Summer,FALSE,FALSE,10.7,7,15.1,3.3,0,8.4,FALSE,Marriott,TRUE
29.06.2026,Monday,St. Moritz,ONZRHCTY,HOTEL CITY,240.34,CHF,3.9,"Poststrasse 9, St. Moritz",ZRH,47.37474,8.53611,138.7,"WiFi,Parking,Breakfast",BUDGET_ROOM,ROOM_ONLY,1856,Graubuenden,alpine_ski_resort,10.1,6,2,27,180,FALSE,Summer,FALSE,FALSE,14.1,11,20.8,3.7,0,11.7,FALSE,Independent,FALSE
29.06.2026,Monday,St. Moritz,XKZRH001,Hotel du Lac,101.21,CHF,2.9,"Bahnhofstrasse 38, St. Moritz",ZRH,47.36649,8.53675,138.03,"WiFi,Restaurant,Room Service",STANDARD_ROOM,BREAKFAST,1856,Graubuenden,alpine_ski_resort,11,6,2,27,180,FALSE,Summer,FALSE,FALSE,12.6,5.8,17.3,1.8,0,11.1,FALSE,Independent,FALSE
29.06.2026,Monday,Winterthur,BWZRH091,BEST WESTERN HOTEL ZURCHERHOF,255.07,CHF,4.3,"Hauptstrasse 41, Winterthur",ZRH,47.37503,8.54445,20.79,"WiFi,Parking,Breakfast",STANDARD_ROOM,BREAKFAST,439,Zurich,city,10,6,2,27,180,FALSE,Summer,FALSE,FALSE,20.2,17.1,24.2,5,0,10.5,FALSE,Best Western,TRUE
29.06.2026,Monday,Winterthur,MCZRHDTM,Zurich Marriott Hotel,583.5,CHF,4.3,"Bahnhofstrasse 98, Winterthur",ZRH,47.38247,8.54026,20.48,"WiFi,Parking,Breakfast",STANDARD_ROOM,ROOM_ONLY,439,Zurich,city,9.2,6,2,27,180,FALSE,Summer,FALSE,FALSE,19.5,14.5,22.7,4.5,0,8.6,FALSE,Marriott,TRUE
29.06.2026,Monday,Winterthur,ONZRHCTY,HOTEL CITY,228.63,CHF,4.1,"Kirchgasse 58, Winterthur",ZRH,47.37474,8.53611,21.28,"WiFi,Parking,Breakfast",BUDGET_ROOM,ROOM_ONLY,439,Zurich,city,10.1,6,2,27,180,FALSE,Summer,FALSE,FALSE,21.6,14.9,26.3,2.9,0,10,FALSE,Independent,FALSE
29.06.2026,Monday,Winterthur,XKZRH001,Hotel du Lac,107.12,CHF,3.2,"Poststrasse 76, Winterthur",ZRH,47.36649,8.53675,21.86,"WiFi,24h Reception,Luggage Storage",STANDARD_ROOM,BREAKFAST,439,Zurich,city,11,6,2,27,180,FALSE,Summer,FALSE,FALSE,19.2,13.9,23.2,1,0,8,FALSE,Independent,FALSE
29.06.2026,Monday,Zermatt,BWZRH091,BEST WESTERN HOTEL ZURCHERHOF,239.88,CHF,4.2,"Poststrasse 48, Zermatt",ZRH,47.37503,8.54445,162.35,"WiFi,Restaurant,Room Service",STANDARD_ROOM,BREAKFAST,1620,Valais,alpine_ski_resort,10,6,2,27,180,FALSE,Summer,FALSE,FALSE,15,11.4,18.2,3.6,0,8.9,FALSE,Best Western,TRUE
29.06.2026,Monday,Zermatt,MCZRHDTM,Zurich Marriott Hotel,599.81,CHF,4.4,"Hauptstrasse 16, Zermatt",ZRH,47.38247,8.54026,163,"WiFi,Parking,Breakfast",STANDARD_ROOM,ROOM_ONLY,1620,Valais,alpine_ski_resort,9.2,6,2,27,180,FALSE,Summer,FALSE,FALSE,11.2,5.3,17.3,0.7,0,8.2,FALSE,Marriott,TRUE
29.06.2026,Monday,Zermatt,ONZRHCTY,HOTEL CITY,236.43,CHF,4.1,"Hauptstrasse 96, Zermatt",ZRH,47.37474,8.53611,162.08,"WiFi,24h Reception,Luggage Storage",BUDGET_ROOM,ROOM_ONLY,1620,Valais,alpine_ski_resort,10.1,6,2,27,180,FALSE,Summer,FALSE,FALSE,10.2,7.2,15.8,1.4,0,11.2,FALSE,Independent,FALSE
29.06.2026,Monday,Zermatt,XKZRH001,Hotel du Lac,101,CHF,2.7,"Hauptstrasse 38, Zermatt",ZRH,47.36649,8.53675,161.25,"WiFi,Parking,Restaurant,Bar",STANDARD_ROOM,BREAKFAST,1620,Valais,alpine_ski_resort,11,6,2,27,180,FALSE,Summer,FALSE,FALSE,12.4,6.5,16.9,2,0,10.9,FALSE,Independent,FALSE
29.06.2026,Monday,Zuerich,BWZRH091,BEST WESTERN HOTEL ZURCHERHOF,242.22,CHF,4.2,"Marktplatz 54, Zuerich",ZRH,47.37503,8.54445,0.29,"WiFi,24h Reception,Luggage Storage",STANDARD_ROOM,BREAKFAST,408,Zurich,city,10,6,2,27,180,FALSE,Summer,FALSE,FALSE,18,12,24.6,0,0,9.1,FALSE,Best Western,TRUE
29.06.2026,Monday,Zuerich,MCZRHDTM,Zurich Marriott Hotel,572.6,CHF,4.4,"Hauptstrasse 44, Zuerich",ZRH,47.38247,8.54026,0.63,"WiFi,Parking,Breakfast",STANDARD_ROOM,ROOM_ONLY,408,Zurich,city,9.2,6,2,27,180,FALSE,Summer,FALSE,FALSE,22.3,18.8,26.4,2,0,10.2,FALSE,Marriott,TRUE
29.06.2026,Monday,Zuerich,ONZRHCTY,HOTEL CITY,228.84,CHF,4,"Kirchgasse 24, Zuerich",ZRH,47.37474,8.53611,0.48,"WiFi,Parking,Restaurant,Bar",BUDGET_ROOM,ROOM_ONLY,408,Zurich,city,10.1,6,2,27,180,FALSE,Summer,FALSE,FALSE,21,17.4,27.6,1.5,0,11.5,FALSE,Independent,FALSE
29.06.2026,Monday,Zuerich,XKZRH001,Hotel du Lac,101.58,CHF,2.8,"Kirchgasse 16, Zuerich",ZRH,47.36649,8.53675,1.22,"WiFi,Parking,Breakfast",STANDARD_ROOM,BREAKFAST,408,Zurich,city,11,6,2,27,180,FALSE,Summer,FALSE,FALSE,20.4,16.5,26.1,2.8,0,9.7,FALSE,Independent,FALSE
06.07.2026,Monday,Arosa,BWZRH091,BEST WESTERN HOTEL ZURCHERHOF,237.84,CHF,4.1,"Bahnhofstrasse 64, Arosa",ZRH,47.37503,8.54445,107.47,"WiFi,24h Reception,Luggage Storage",STANDARD_ROOM,BREAKFAST,1775,Graubuenden,alpine_ski_resort,10,7,3,28,187,FALSE,Summer,FALSE,TRUE,13.4,7.8,16.4,0,0,9.1,FALSE,Best Western,TRUE
06.07.2026,Monday,Arosa,MCZRHDTM,Zurich Marriott Hotel,507.12,CHF,4.7,"Marktplatz 36, Arosa",ZRH,47.38247,8.54026,108.23,"WiFi,24h Reception,Luggage Storage",DELUXE_ROOM,ROOM_ONLY,1775,Graubuenden,alpine_ski_resort,9.2,7,3,28,187,FALSE,Summer,FALSE,TRUE,12.8,7.8,19.2,0.3,0,10.9,FALSE,Marriott,TRUE
06.07.2026,Monday,Arosa,ONZRHCTY,HOTEL CITY,215.6,CHF,3.5,"Hauptstrasse 48, Arosa",ZRH,47.37474,8.53611,107.95,"WiFi,Parking,Restaurant,Bar",BUDGET_ROOM,ROOM_ONLY,1775,Graubuenden,alpine_ski_resort,10.1,7,3,28,187,FALSE,Summer,FALSE,TRUE,13.1,7.4,19.6,2.5,0,8.3,FALSE,Independent,FALSE
06.07.2026,Monday,Arosa,XKZRH001,Hotel du Lac,100.78,CHF,2.7,"Bahnhofstrasse 48, Arosa",ZRH,47.36649,8.53675,107.36,"WiFi,Restaurant,Room Service",STANDARD_ROOM,BREAKFAST,1775,Graubuenden,alpine_ski_resort,11,7,3,28,187,FALSE,Summer,FALSE,TRUE,10,3.8,13,0.5,0,9.9,FALSE,Independent,FALSE
06.07.2026,Monday,Basel,RTBSLBAH,ibis Basel Bahnhof,110.01,CHF,3.2,"Bahnhofstrasse 40, Basel",BSL,47.54683,7.58427,1.46,"WiFi,Gym,Pool,Spa",STANDARD_ROOM,ROOM_ONLY,260,Basel-Stadt,city,7.2,7,3,28,187,FALSE,Summer,FALSE,TRUE,18.1,13,21.5,3.4,0,9.2,FALSE,Accor (ibis),TRUE
06.07.2026,Monday,Bern,BWBRN230,Best Western Plus Hotel Bern,206.8,CHF,3.7,"Marktplatz 51, Bern",BRN,46.94877,7.44633,0.12,"WiFi,Parking,Restaurant,Bar",STANDARD_ROOM,ROOM_ONLY,542,Bern,city,5.5,7,3,28,187,FALSE,Summer,FALSE,TRUE,15.9,12,21.7,0.2,0,10.1,FALSE,Best Western,TRUE
06.07.2026,Monday,Chur,BWZRH091,BEST WESTERN HOTEL ZURCHERHOF,313.48,CHF,4.1,"Bahnhofstrasse 26, Chur",ZRH,47.37503,8.54445,94.9,"WiFi,Parking,Breakfast",STANDARD_ROOM,BREAKFAST,593,Graubuenden,city,10,7,3,28,187,FALSE,Summer,FALSE,TRUE,16,12,23,5.2,0,11.3,FALSE,Best Western,TRUE
06.07.2026,Monday,Chur,MCZRHDTM,Zurich Marriott Hotel,636.24,CHF,4.3,"Marktplatz 4, Chur",ZRH,47.38247,8.54026,95.65,"WiFi,Restaurant,Room Service",DELUXE_ROOM,ROOM_ONLY,593,Graubuenden,city,9.2,7,3,28,187,FALSE,Summer,FALSE,TRUE,19.2,12.3,25.6,1,0,10.2,FALSE,Marriott,TRUE
06.07.2026,Monday,Chur,ONZRHCTY,HOTEL CITY,267.22,CHF,3.8,"Kirchgasse 40, Chur",ZRH,47.37474,8.53611,95.38,"WiFi,Gym,Pool,Spa",BUDGET_ROOM,ROOM_ONLY,593,Graubuenden,city,10.1,7,3,28,187,FALSE,Summer,FALSE,TRUE,17.8,12.7,23.7,2.5,0,8.9,FALSE,Independent,FALSE
06.07.2026,Monday,Chur,XKZRH001,Hotel du Lac,125.82,CHF,3.3,"Hauptstrasse 80, Chur",ZRH,47.36649,8.53675,94.78,"WiFi,Gym,Pool,Spa",STANDARD_ROOM,BREAKFAST,593,Graubuenden,city,11,7,3,28,187,FALSE,Summer,FALSE,TRUE,16.1,10.7,23,2.5,0,11,FALSE,Independent,FALSE
06.07.2026,Monday,Interlaken,BWZRH091,BEST WESTERN HOTEL ZURCHERHOF,254.64,CHF,3.9,"Bahnhofstrasse 31, Interlaken",ZRH,47.37503,8.54445,92.36,"WiFi,Parking,Restaurant,Bar",STANDARD_ROOM,BREAKFAST,570,Bern,mountain_resort,10,7,3,28,187,FALSE,Summer,FALSE,TRUE,18,11.9,24.6,1.6,0,11.5,FALSE,Best Western,TRUE
06.07.2026,Monday,Interlaken,ONZRHCTY,HOTEL CITY,219.56,CHF,3.7,"Marktplatz 65, Interlaken",ZRH,47.37474,8.53611,91.98,"WiFi,Gym,Pool,Spa",BUDGET_ROOM,ROOM_ONLY,570,Bern,mountain_resort,10.1,7,3,28,187,FALSE,Summer,FALSE,TRUE,18.9,12.5,24.4,3.3,0,11.5,FALSE,Independent,FALSE
06.07.2026,Monday,Lausanne,ICGVAICA,INTERCONTINENTAL GENEVA,659.78,CHF,4.4,"Bahnhofstrasse 68, Lausanne",GVA,46.22461,6.13268,50.46,"WiFi,Restaurant,Room Service",COMFORT_ROOM,ROOM_ONLY,495,Vaud,city,2.4,7,3,28,187,FALSE,Summer,FALSE,TRUE,20.8,16.4,26.2,3.5,0,9.3,FALSE,IHG (InterContinental),TRUE
06.07.2026,Monday,Lausanne,RTGVAGAR,ibis Geneve Centre Gare,182.08,CHF,3.6,"Poststrasse 25, Lausanne",GVA,46.20765,6.13827,51.39,"WiFi,Gym,Pool,Spa",STANDARD_ROOM,ROOM_ONLY,495,Vaud,city,4.1,7,3,28,187,FALSE,Summer,FALSE,TRUE,21.2,14.8,28,0,0,9.2,FALSE,Accor (ibis),TRUE
06.07.2026,Monday,Lausanne,RTGVARES,Résidence Studio Genève Centre,169.83,CHF,3.8,"Marktplatz 22, Lausanne",GVA,46.2117,6.14696,50.59,"WiFi,Parking,Restaurant,Bar",STANDARD_ROOM,ROOM_ONLY,495,Vaud,city,4.1,7,3,28,187,FALSE,Summer,FALSE,TRUE,20,16.4,25.2,1.8,0,8.5,FALSE,Independent,FALSE
06.07.2026,Monday,St. Moritz,BWZRH091,BEST WESTERN HOTEL ZURCHERHOF,236.87,CHF,4.1,"Kirchgasse 42, St. Moritz",ZRH,47.37503,8.54445,138.28,"WiFi,Gym,Pool,Spa",STANDARD_ROOM,BREAKFAST,1856,Graubuenden,alpine_ski_resort,10,7,3,28,187,FALSE,Summer,FALSE,TRUE,9,5.4,14,2.1,0,8.7,FALSE,Best Western,TRUE
06.07.2026,Monday,St. Moritz,MCZRHDTM,Zurich Marriott Hotel,485.82,CHF,4.2,"Hauptstrasse 98, St. Moritz",ZRH,47.38247,8.54026,139.08,"WiFi,24h Reception,Luggage Storage",DELUXE_ROOM,ROOM_ONLY,1856,Graubuenden,alpine_ski_resort,9.2,7,3,28,187,FALSE,Summer,FALSE,TRUE,12.5,8.9,17.7,0.9,0,11.2,FALSE,Marriott,TRUE
06.07.2026,Monday,St. Moritz,ONZRHCTY,HOTEL CITY,214.75,CHF,3.5,"Hauptstrasse 10, St. Moritz",ZRH,47.37474,8.53611,138.7,"WiFi,Gym,Pool,Spa",BUDGET_ROOM,ROOM_ONLY,1856,Graubuenden,alpine_ski_resort,10.1,7,3,28,187,FALSE,Summer,FALSE,TRUE,13.1,10,18.8,0,0,10.7,FALSE,Independent,FALSE
06.07.2026,Monday,St. Moritz,XKZRH001,Hotel du Lac,108.88,CHF,3,"Poststrasse 19, St. Moritz",ZRH,47.36649,8.53675,138.03,"WiFi,Restaurant,Room Service",STANDARD_ROOM,BREAKFAST,1856,Graubuenden,alpine_ski_resort,11,7,3,28,187,FALSE,Summer,FALSE,TRUE,13.4,8.9,16.4,0.7,0,10.3,FALSE,Independent,FALSE
06.07.2026,Monday,Winterthur,BWZRH091,BEST WESTERN HOTEL ZURCHERHOF,299.44,CHF,4.2,"Hauptstrasse 64, Winterthur",ZRH,47.37503,8.54445,20.79,"WiFi,Parking,Restaurant,Bar",STANDARD_ROOM,BREAKFAST,439,Zurich,city,10,7,3,28,187,FALSE,Summer,FALSE,TRUE,21.2,16.3,28,0,0,11.4,FALSE,Best Western,TRUE
06.07.2026,Monday,Winterthur,MCZRHDTM,Zurich Marriott Hotel,637.18,CHF,4.4,"Kirchgasse 26, Winterthur",ZRH,47.38247,8.54026,20.48,"WiFi,Parking,Breakfast",DELUXE_ROOM,ROOM_ONLY,439,Zurich,city,9.2,7,3,28,187,FALSE,Summer,FALSE,TRUE,21,16.7,28,5,0,9.6,FALSE,Marriott,TRUE
06.07.2026,Monday,Winterthur,ONZRHCTY,HOTEL CITY,267.82,CHF,4.2,"Poststrasse 59, Winterthur",ZRH,47.37474,8.53611,21.28,"WiFi,Parking,Breakfast",BUDGET_ROOM,ROOM_ONLY,439,Zurich,city,10.1,7,3,28,187,FALSE,Summer,FALSE,TRUE,20.8,14,23.9,3.4,0,8.1,FALSE,Independent,FALSE
06.07.2026,Monday,Winterthur,XKZRH001,Hotel du Lac,128.19,CHF,2.7,"Poststrasse 88, Winterthur",ZRH,47.36649,8.53675,21.86,"WiFi,Parking,Restaurant,Bar",STANDARD_ROOM,BREAKFAST,439,Zurich,city,11,7,3,28,187,FALSE,Summer,FALSE,TRUE,21.5,16.9,28,3.8,0,11.4,FALSE,Independent,FALSE
06.07.2026,Monday,Zermatt,BWZRH091,BEST WESTERN HOTEL ZURCHERHOF,243.57,CHF,4.2,"Marktplatz 70, Zermatt",ZRH,47.37503,8.54445,162.35,"WiFi,Parking,Restaurant,Bar",STANDARD_ROOM,BREAKFAST,1620,Valais,alpine_ski_resort,10,7,3,28,187,FALSE,Summer,FALSE,TRUE,12.4,5.7,17.2,1.8,0,8.2,FALSE,Best Western,TRUE
06.07.2026,Monday,Zermatt,MCZRHDTM,Zurich Marriott Hotel,512.01,CHF,4.6,"Bahnhofstrasse 82, Zermatt",ZRH,47.38247,8.54026,163,"WiFi,Gym,Pool,Spa",DELUXE_ROOM,ROOM_ONLY,1620,Valais,alpine_ski_resort,9.2,7,3,28,187,FALSE,Summer,FALSE,TRUE,13.1,7.7,18.7,0,0,9.9,FALSE,Marriott,TRUE
06.07.2026,Monday,Zermatt,ONZRHCTY,HOTEL CITY,210.48,CHF,3.6,"Hauptstrasse 5, Zermatt",ZRH,47.37474,8.53611,162.08,"WiFi,Parking,Breakfast",BUDGET_ROOM,ROOM_ONLY,1620,Valais,alpine_ski_resort,10.1,7,3,28,187,FALSE,Summer,FALSE,TRUE,13.4,8.3,16.7,5.2,0,9.6,FALSE,Independent,FALSE
06.07.2026,Monday,Zermatt,XKZRH001,Hotel du Lac,108.6,CHF,3.1,"Marktplatz 5, Zermatt",ZRH,47.36649,8.53675,161.25,"WiFi,Parking,Breakfast",STANDARD_ROOM,BREAKFAST,1620,Valais,alpine_ski_resort,11,7,3,28,187,FALSE,Summer,FALSE,TRUE,14.6,8.2,20,0.6,0,8.7,FALSE,Independent,FALSE
06.07.2026,Monday,Zuerich,BWZRH091,BEST WESTERN HOTEL ZURCHERHOF,306.89,CHF,4.1,"Kirchgasse 82, Zuerich",ZRH,47.37503,8.54445,0.29,"WiFi,Gym,Pool,Spa",STANDARD_ROOM,BREAKFAST,408,Zurich,city,10,7,3,28,187,FALSE,Summer,FALSE,TRUE,22.2,17.6,27.5,4.1,0,10.7,FALSE,Best Western,TRUE
06.07.2026,Monday,Zuerich,MCZRHDTM,Zurich Marriott Hotel,607.16,CHF,4.3,"Hauptstrasse 95, Zuerich",ZRH,47.38247,8.54026,0.63,"WiFi,Parking,Breakfast",DELUXE_ROOM,ROOM_ONLY,408,Zurich,city,9.2,7,3,28,187,FALSE,Summer,FALSE,TRUE,18.9,13.3,24,0.9,0,11.4,FALSE,Marriott,TRUE
06.07.2026,Monday,Zuerich,ONZRHCTY,HOTEL CITY,265.24,CHF,3.8,"Bahnhofstrasse 31, Zuerich",ZRH,47.37474,8.53611,0.48,"WiFi,Parking,Restaurant,Bar",BUDGET_ROOM,ROOM_ONLY,408,Zurich,city,10.1,7,3,28,187,FALSE,Summer,FALSE,TRUE,17.8,13.1,22.7,3.7,0,9.8,FALSE,Independent,FALSE
06.07.2026,Monday,Zuerich,XKZRH001,Hotel du Lac,136.2,CHF,3.2,"Bahnhofstrasse 57, Zuerich",ZRH,47.36649,8.53675,1.22,"WiFi,Parking,Breakfast",STANDARD_ROOM,BREAKFAST,408,Zurich,city,11,7,3,28,187,FALSE,Summer,FALSE,TRUE,17.9,11.9,21.3,4.2,0,8.7,FALSE,Independent,FALSE
13.07.2026,Monday,Arosa,BWZRH091,BEST WESTERN HOTEL ZURCHERHOF,238.8,CHF,4.2,"Poststrasse 65, Arosa",ZRH,47.37503,8.54445,107.47,"WiFi,Parking,Breakfast",STANDARD_ROOM,BREAKFAST,1775,Graubuenden,alpine_ski_resort,10,7,3,29,194,FALSE,Summer,FALSE,TRUE,11.7,6.5,15.4,5.4,0,10.6,FALSE,Best Western,TRUE
13.07.2026,Monday,Arosa,MCZRHDTM,Zurich Marriott Hotel,601.01,CHF,4.3,"Bahnhofstrasse 65, Arosa",ZRH,47.38247,8.54026,108.23,"WiFi,Parking,Breakfast",DELUXE_ROOM,ROOM_ONLY,1775,Graubuenden,alpine_ski_resort,9.2,7,3,29,194,FALSE,Summer,FALSE,TRUE,9.9,6.4,14.6,1.3,0,9.8,FALSE,Marriott,TRUE
13.07.2026,Monday,Arosa,ONZRHCTY,HOTEL CITY,214.58,CHF,3.6,"Hauptstrasse 10, Arosa",ZRH,47.37474,8.53611,107.95,"WiFi,Parking,Restaurant,Bar",BUDGET_ROOM,ROOM_ONLY,1775,Graubuenden,alpine_ski_resort,10.1,7,3,29,194,FALSE,Summer,FALSE,TRUE,13.4,10,19.5,2.2,0,9.9,FALSE,Independent,FALSE
13.07.2026,Monday,Arosa,XKZRH001,Hotel du Lac,108.56,CHF,3.2,"Hauptstrasse 97, Arosa",ZRH,47.36649,8.53675,107.36,"WiFi,Parking,Breakfast",STANDARD_ROOM,BREAKFAST,1775,Graubuenden,alpine_ski_resort,11,7,3,29,194,FALSE,Summer,FALSE,TRUE,11.4,5.9,15.9,3.3,0,8.1,FALSE,Independent,FALSE
13.07.2026,Monday,Basel,RTBSLBAH,ibis Basel Bahnhof,114.04,CHF,2.9,"Kirchgasse 72, Basel",BSL,47.54683,7.58427,1.46,"WiFi,24h Reception,Luggage Storage",STANDARD_ROOM,ROOM_ONLY,260,Basel-Stadt,city,7.2,7,3,29,194,FALSE,Summer,FALSE,TRUE,21.4,15.5,25.1,0,0,9.7,FALSE,Accor (ibis),TRUE
13.07.2026,Monday,Bern,BWBRN230,Best Western Plus Hotel Bern,214.14,CHF,3.7,"Hauptstrasse 58, Bern",BRN,46.94877,7.44633,0.12,"WiFi,Restaurant,Room Service",STANDARD_ROOM,ROOM_ONLY,542,Bern,city,5.5,7,3,29,194,FALSE,Summer,FALSE,TRUE,17.1,13.8,20.3,0.8,0,8.5,FALSE,Best Western,TRUE
13.07.2026,Monday,Chur,BWZRH091,BEST WESTERN HOTEL ZURCHERHOF,308.4,CHF,4.2,"Poststrasse 79, Chur",ZRH,47.37503,8.54445,94.9,"WiFi,24h Reception,Luggage Storage",STANDARD_ROOM,BREAKFAST,593,Graubuenden,city,10,7,3,29,194,FALSE,Summer,FALSE,TRUE,16.2,12.1,19.3,0,0,8.6,FALSE,Best Western,TRUE
13.07.2026,Monday,Chur,MCZRHDTM,Zurich Marriott Hotel,731.82,CHF,4.5,"Hauptstrasse 73, Chur",ZRH,47.38247,8.54026,95.65,"WiFi,Restaurant,Room Service",DELUXE_ROOM,ROOM_ONLY,593,Graubuenden,city,9.2,7,3,29,194,FALSE,Summer,FALSE,TRUE,15.4,12.2,22.4,4.6,0,11.3,FALSE,Marriott,TRUE
13.07.2026,Monday,Chur,ONZRHCTY,HOTEL CITY,267.25,CHF,4.1,"Kirchgasse 98, Chur",ZRH,47.37474,8.53611,95.38,"WiFi,Restaurant,Room Service",BUDGET_ROOM,ROOM_ONLY,593,Graubuenden,city,10.1,7,3,29,194,FALSE,Summer,FALSE,TRUE,15.2,9.9,19.2,2.3,0,9.2,FALSE,Independent,FALSE
13.07.2026,Monday,Chur,XKZRH001,Hotel du Lac,122.64,CHF,3.1,"Poststrasse 36, Chur",ZRH,47.36649,8.53675,94.78,"WiFi,Gym,Pool,Spa",STANDARD_ROOM,BREAKFAST,593,Graubuenden,city,11,7,3,29,194,FALSE,Summer,FALSE,TRUE,15.4,12.3,21,4.6,0,10.4,FALSE,Independent,FALSE
13.07.2026,Monday,Genf,ICGVAICA,INTERCONTINENTAL GENEVA,602.67,CHF,4.5,"Marktplatz 43, Genf",GVA,46.22461,6.13268,2.39,"WiFi,24h Reception,Luggage Storage",COMFORT_ROOM,ROOM_ONLY,375,Geneva,city,2.4,7,3,29,194,FALSE,Summer,FALSE,TRUE,19.4,13,23.3,2.1,0,11.5,FALSE,IHG (InterContinental),TRUE
13.07.2026,Monday,Genf,RTGVAGAR,ibis Geneve Centre Gare,164.18,CHF,3.5,"Poststrasse 62, Genf",GVA,46.20765,6.13827,0.52,"WiFi,24h Reception,Luggage Storage",STANDARD_ROOM,ROOM_ONLY,375,Geneva,city,4.1,7,3,29,194,FALSE,Summer,FALSE,TRUE,16.4,13.2,19.8,5.2,0,8.6,FALSE,Accor (ibis),TRUE
13.07.2026,Monday,Genf,RTGVARES,Résidence Studio Genève Centre,164.87,CHF,3.4,"Marktplatz 67, Genf",GVA,46.2117,6.14696,0.86,"WiFi,Parking,Breakfast",STANDARD_ROOM,ROOM_ONLY,375,Geneva,city,4.1,7,3,29,194,FALSE,Summer,FALSE,TRUE,22.3,18.9,28,0.7,0,11.4,FALSE,Independent,FALSE
13.07.2026,Monday,Interlaken,BWZRH091,BEST WESTERN HOTEL ZURCHERHOF,257.01,CHF,4,"Poststrasse 50, Interlaken",ZRH,47.37503,8.54445,92.36,"WiFi,24h Reception,Luggage Storage",STANDARD_ROOM,BREAKFAST,570,Bern,mountain_resort,10,7,3,29,194,FALSE,Summer,FALSE,TRUE,16.2,11.5,22.9,1.6,0,10.9,FALSE,Best Western,TRUE
13.07.2026,Monday,Interlaken,MCZRHDTM,Zurich Marriott Hotel,673.39,CHF,4.5,"Marktplatz 64, Interlaken",ZRH,47.38247,8.54026,92.87,"WiFi,24h Reception,Luggage Storage",DELUXE_ROOM,ROOM_ONLY,570,Bern,mountain_resort,9.2,7,3,29,194,FALSE,Summer,FALSE,TRUE,16.1,10.5,20.1,1.6,0,8.1,FALSE,Marriott,TRUE
13.07.2026,Monday,Interlaken,ONZRHCTY,HOTEL CITY,229.91,CHF,4.1,"Hauptstrasse 18, Interlaken",ZRH,47.37474,8.53611,91.98,"WiFi,Parking,Restaurant,Bar",BUDGET_ROOM,ROOM_ONLY,570,Bern,mountain_resort,10.1,7,3,29,194,FALSE,Summer,FALSE,TRUE,16.9,11.1,20.3,2.8,0,11.6,FALSE,Independent,FALSE
13.07.2026,Monday,Interlaken,XKZRH001,Hotel du Lac,114.84,CHF,2.8,"Kirchgasse 8, Interlaken",ZRH,47.36649,8.53675,91.25,"WiFi,24h Reception,Luggage Storage",STANDARD_ROOM,BREAKFAST,570,Bern,mountain_resort,11,7,3,29,194,FALSE,Summer,FALSE,TRUE,18.9,12,24.6,2.2,0,10.4,FALSE,Independent,FALSE
13.07.2026,Monday,Lausanne,ICGVAICA,INTERCONTINENTAL GENEVA,604.66,CHF,4.5,"Marktplatz 56, Lausanne",GVA,46.22461,6.13268,50.46,"WiFi,Restaurant,Room Service",COMFORT_ROOM,ROOM_ONLY,495,Vaud,city,2.4,7,3,29,194,FALSE,Summer,FALSE,TRUE,20.8,15.3,26.3,0,0,9.7,FALSE,IHG (InterContinental),TRUE
13.07.2026,Monday,Lausanne,RTGVAGAR,ibis Geneve Centre Gare,169.45,CHF,3.3,"Marktplatz 45, Lausanne",GVA,46.20765,6.13827,51.39,"WiFi,Restaurant,Room Service",STANDARD_ROOM,ROOM_ONLY,495,Vaud,city,4.1,7,3,29,194,FALSE,Summer,FALSE,TRUE,15.8,9.5,21,2.7,0,10.2,FALSE,Accor (ibis),TRUE
13.07.2026,Monday,Lausanne,RTGVARES,Résidence Studio Genève Centre,163.56,CHF,3.3,"Poststrasse 85, Lausanne",GVA,46.2117,6.14696,50.59,"WiFi,Gym,Pool,Spa",STANDARD_ROOM,ROOM_ONLY,495,Vaud,city,4.1,7,3,29,194,FALSE,Summer,FALSE,TRUE,21.6,16.5,26.9,3.3,0,8.1,FALSE,Independent,FALSE
13.07.2026,Monday,Luzern,BWZRH091,BEST WESTERN HOTEL ZURCHERHOF,238.73,CHF,3.9,"Bahnhofstrasse 16, Luzern",ZRH,47.37503,8.54445,40.25,"WiFi,Parking,Breakfast",STANDARD_ROOM,BREAKFAST,435,Lucerne,city,10,7,3,29,194,FALSE,Summer,FALSE,TRUE,20,16.5,26.7,2.7,0,8.2,FALSE,Best Western,TRUE
13.07.2026,Monday,Luzern,MCZRHDTM,Zurich Marriott Hotel,578.69,CHF,4.8,"Marktplatz 3, Luzern",ZRH,47.38247,8.54026,40.86,"WiFi,Parking,Breakfast",DELUXE_ROOM,ROOM_ONLY,435,Lucerne,city,9.2,7,3,29,194,FALSE,Summer,FALSE,TRUE,20.1,16.7,25.1,5.9,0,11.1,FALSE,Marriott,TRUE
13.07.2026,Monday,Luzern,ONZRHCTY,HOTEL CITY,204.9,CHF,3.6,"Hauptstrasse 68, Luzern",ZRH,47.37474,8.53611,39.95,"WiFi,Parking,Restaurant,Bar",BUDGET_ROOM,ROOM_ONLY,435,Lucerne,city,10.1,7,3,29,194,FALSE,Summer,FALSE,TRUE,19.6,13.2,24.8,0.6,0,8.2,FALSE,Independent,FALSE
13.07.2026,Monday,Luzern,XKZRH001,Hotel du Lac,101.72,CHF,3,"Marktplatz 46, Luzern",ZRH,47.36649,8.53675,39.14,"WiFi,Restaurant,Room Service",STANDARD_ROOM,BREAKFAST,435,Lucerne,city,11,7,3,29,194,FALSE,Summer,FALSE,TRUE,20.5,16.3,24.3,1.5,0,8,FALSE,Independent,FALSE
13.07.2026,Monday,St. Gallen,BWZRH091,BEST WESTERN HOTEL ZURCHERHOF,306.45,CHF,4.1,"Kirchgasse 47, St. Gallen",ZRH,47.37503,8.54445,62.88,"WiFi,Parking,Breakfast",STANDARD_ROOM,BREAKFAST,675,St. Gallen,city,10,7,3,29,194,FALSE,Summer,FALSE,TRUE,17.4,12.2,22.1,2.1,0,9.8,FALSE,Best Western,TRUE
13.07.2026,Monday,St. Gallen,MCZRHDTM,Zurich Marriott Hotel,759.13,CHF,4.7,"Marktplatz 89, St. Gallen",ZRH,47.38247,8.54026,63.12,"WiFi,Gym,Pool,Spa",DELUXE_ROOM,ROOM_ONLY,675,St. Gallen,city,9.2,7,3,29,194,FALSE,Summer,FALSE,TRUE,19.9,14.7,24.4,2,0,11.3,FALSE,Marriott,TRUE
13.07.2026,Monday,St. Gallen,ONZRHCTY,HOTEL CITY,249.83,CHF,3.8,"Kirchgasse 77, St. Gallen",ZRH,47.37474,8.53611,63.51,"WiFi,Gym,Pool,Spa",BUDGET_ROOM,ROOM_ONLY,675,St. Gallen,city,10.1,7,3,29,194,FALSE,Summer,FALSE,TRUE,16.4,12.6,20.8,0.9,0,11.1,FALSE,Independent,FALSE
13.07.2026,Monday,St. Gallen,XKZRH001,Hotel du Lac,133.81,CHF,2.7,"Hauptstrasse 55, St. Gallen",ZRH,47.36649,8.53675,63.55,"WiFi,24h Reception,Luggage Storage",STANDARD_ROOM,BREAKFAST,675,St. Gallen,city,11,7,3,29,194,FALSE,Summer,FALSE,TRUE,19.2,15.4,26,5.6,0,8.6,FALSE,Independent,FALSE
13.07.2026,Monday,St. Moritz,BWZRH091,BEST WESTERN HOTEL ZURCHERHOF,235.06,CHF,4.1,"Kirchgasse 89, St. Moritz",ZRH,47.37503,8.54445,138.28,"WiFi,Gym,Pool,Spa",STANDARD_ROOM,BREAKFAST,1856,Graubuenden,alpine_ski_resort,10,7,3,29,194,FALSE,Summer,FALSE,TRUE,13.3,7.6,16.6,1.3,0,8.7,FALSE,Best Western,TRUE
13.07.2026,Monday,St. Moritz,MCZRHDTM,Zurich Marriott Hotel,601.09,CHF,4.7,"Kirchgasse 63, St. Moritz",ZRH,47.38247,8.54026,139.08,"WiFi,24h Reception,Luggage Storage",DELUXE_ROOM,ROOM_ONLY,1856,Graubuenden,alpine_ski_resort,9.2,7,3,29,194,FALSE,Summer,FALSE,TRUE,11,4.4,16.8,2.3,0,8.8,FALSE,Marriott,TRUE
13.07.2026,Monday,St. Moritz,ONZRHCTY,HOTEL CITY,217.27,CHF,3.2,"Marktplatz 48, St. Moritz",ZRH,47.37474,8.53611,138.7,"WiFi,Parking,Breakfast",BUDGET_ROOM,ROOM_ONLY,1856,Graubuenden,alpine_ski_resort,10.1,7,3,29,194,FALSE,Summer,FALSE,TRUE,12,6.2,16,0,0,10.5,FALSE,Independent,FALSE
13.07.2026,Monday,St. Moritz,XKZRH001,Hotel du Lac,110.5,CHF,3,"Poststrasse 37, St. Moritz",ZRH,47.36649,8.53675,138.03,"WiFi,Restaurant,Room Service",STANDARD_ROOM,BREAKFAST,1856,Graubuenden,alpine_ski_resort,11,7,3,29,194,FALSE,Summer,FALSE,TRUE,9.1,3.6,13.2,1.8,0,10.7,FALSE,Independent,FALSE
13.07.2026,Monday,Winterthur,BWZRH091,BEST WESTERN HOTEL ZURCHERHOF,311.97,CHF,4.3,"Hauptstrasse 81, Winterthur",ZRH,47.37503,8.54445,20.79,"WiFi,Parking,Restaurant,Bar",STANDARD_ROOM,BREAKFAST,439,Zurich,city,10,7,3,29,194,FALSE,Summer,FALSE,TRUE,21.2,14.4,24.7,0.6,0,8.1,FALSE,Best Western,TRUE
13.07.2026,Monday,Winterthur,MCZRHDTM,Zurich Marriott Hotel,699.67,CHF,4.4,"Bahnhofstrasse 14, Winterthur",ZRH,47.38247,8.54026,20.48,"WiFi,Gym,Pool,Spa",DELUXE_ROOM,ROOM_ONLY,439,Zurich,city,9.2,7,3,29,194,FALSE,Summer,FALSE,TRUE,21.9,17.1,25.4,4.2,0,10.6,FALSE,Marriott,TRUE
13.07.2026,Monday,Winterthur,ONZRHCTY,HOTEL CITY,263.52,CHF,4.1,"Bahnhofstrasse 60, Winterthur",ZRH,47.37474,8.53611,21.28,"WiFi,24h Reception,Luggage Storage",BUDGET_ROOM,ROOM_ONLY,439,Zurich,city,10.1,7,3,29,194,FALSE,Summer,FALSE,TRUE,19.7,14.6,26.2,1.8,0,8.8,FALSE,Independent,FALSE
13.07.2026,Monday,Winterthur,XKZRH001,Hotel du Lac,126.44,CHF,2.8,"Kirchgasse 68, Winterthur",ZRH,47.36649,8.53675,21.86,"WiFi,Parking,Restaurant,Bar",STANDARD_ROOM,BREAKFAST,439,Zurich,city,11,7,3,29,194,FALSE,Summer,FALSE,TRUE,20.5,13.7,25.6,0,0,8.6,FALSE,Independent,FALSE
13.07.2026,Monday,Zermatt,BWZRH091,BEST WESTERN HOTEL ZURCHERHOF,240.81,CHF,4.2,"Kirchgasse 20, Zermatt",ZRH,47.37503,8.54445,162.35,"WiFi,Parking,Restaurant,Bar",STANDARD_ROOM,BREAKFAST,1620,Valais,alpine_ski_resort,10,7,3,29,194,FALSE,Summer,FALSE,TRUE,13.3,8.8,17.3,0.4,0,10.5,FALSE,Best Western,TRUE
13.07.2026,Monday,Zermatt,MCZRHDTM,Zurich Marriott Hotel,624.48,CHF,4.8,"Kirchgasse 84, Zermatt",ZRH,47.38247,8.54026,163,"WiFi,Restaurant,Room Service",DELUXE_ROOM,ROOM_ONLY,1620,Valais,alpine_ski_resort,9.2,7,3,29,194,FALSE,Summer,FALSE,TRUE,12.9,8.7,18.7,1.4,0,11.2,FALSE,Marriott,TRUE
13.07.2026,Monday,Zermatt,ONZRHCTY,HOTEL CITY,214.55,CHF,3.3,"Bahnhofstrasse 99, Zermatt",ZRH,47.37474,8.53611,162.08,"WiFi,Restaurant,Room Service",BUDGET_ROOM,ROOM_ONLY,1620,Valais,alpine_ski_resort,10.1,7,3,29,194,FALSE,Summer,FALSE,TRUE,13.6,7.7,19.2,0,0,9.9,FALSE,Independent,FALSE
13.07.2026,Monday,Zermatt,XKZRH001,Hotel du Lac,101.41,CHF,3.1,"Marktplatz 52, Zermatt",ZRH,47.36649,8.53675,161.25,"WiFi,Parking,Breakfast",STANDARD_ROOM,BREAKFAST,1620,Valais,alpine_ski_resort,11,7,3,29,194,FALSE,Summer,FALSE,TRUE,14.7,9.2,19.1,4.3,0,11.3,FALSE,Independent,FALSE
13.07.2026,Monday,Zuerich,BWZRH091,BEST WESTERN HOTEL ZURCHERHOF,310.21,CHF,4,"Kirchgasse 63, Zuerich",ZRH,47.37503,8.54445,0.29,"WiFi,Parking,Restaurant,Bar",STANDARD_ROOM,BREAKFAST,408,Zurich,city,10,7,3,29,194,FALSE,Summer,FALSE,TRUE,21.3,15.6,24.5,0,0,8.9,FALSE,Best Western,TRUE
13.07.2026,Monday,Zuerich,MCZRHDTM,Zurich Marriott Hotel,742.86,CHF,4.4,"Marktplatz 44, Zuerich",ZRH,47.38247,8.54026,0.63,"WiFi,Parking,Restaurant,Bar",DELUXE_ROOM,ROOM_ONLY,408,Zurich,city,9.2,7,3,29,194,FALSE,Summer,FALSE,TRUE,16.5,11.6,23.4,2.7,0,8.5,FALSE,Marriott,TRUE
13.07.2026,Monday,Zuerich,ONZRHCTY,HOTEL CITY,266.35,CHF,4.3,"Hauptstrasse 11, Zuerich",ZRH,47.37474,8.53611,0.48,"WiFi,24h Reception,Luggage Storage",BUDGET_ROOM,ROOM_ONLY,408,Zurich,city,10.1,7,3,29,194,FALSE,Summer,FALSE,TRUE,16.5,13.3,19.7,2.4,0,9.5,FALSE,Independent,FALSE
13.07.2026,Monday,Zuerich,XKZRH001,Hotel du Lac,133.53,CHF,2.8,"Hauptstrasse 60, Zuerich",ZRH,47.36649,8.53675,1.22,"WiFi,24h Reception,Luggage Storage",STANDARD_ROOM,BREAKFAST,408,Zurich,city,11,7,3,29,194,FALSE,Summer,FALSE,TRUE,19.8,12.9,26.3,3.2,0,11.3,FALSE,Independent,FALSE
20.07.2026,Monday,Arosa,BWZRH091,BEST WESTERN HOTEL ZURCHERHOF,249.76,CHF,4.2,"Bahnhofstrasse 76, Arosa",ZRH,47.37503,8.54445,107.47,"WiFi,Restaurant,Room Service",STANDARD_ROOM,BREAKFAST,1775,Graubuenden,alpine_ski_resort,10,7,3,30,201,FALSE,Summer,FALSE,TRUE,8.8,3.2,13.1,0,0,9.6,FALSE,Best Western,TRUE
20.07.2026,Monday,Arosa,MCZRHDTM,Zurich Marriott Hotel,477.4,CHF,4.8,"Marktplatz 77, Arosa",ZRH,47.38247,8.54026,108.23,"WiFi,24h Reception,Luggage Storage",STANDARD_ROOM,ROOM_ONLY,1775,Graubuenden,alpine_ski_resort,9.2,7,3,30,201,FALSE,Summer,FALSE,TRUE,12.9,6.8,17.7,2.2,0,8.3,FALSE,Marriott,TRUE
20.07.2026,Monday,Arosa,ONZRHCTY,HOTEL CITY,215.59,CHF,3.3,"Bahnhofstrasse 76, Arosa",ZRH,47.37474,8.53611,107.95,"WiFi,Parking,Restaurant,Bar",BUDGET_ROOM,ROOM_ONLY,1775,Graubuenden,alpine_ski_resort,10.1,7,3,30,201,FALSE,Summer,FALSE,TRUE,10.6,7.5,13.7,1.5,0,11,FALSE,Independent,FALSE
20.07.2026,Monday,Arosa,XKZRH001,Hotel du Lac,110.67,CHF,3.3,"Kirchgasse 32, Arosa",ZRH,47.36649,8.53675,107.36,"WiFi,24h Reception,Luggage Storage",STANDARD_ROOM,BREAKFAST,1775,Graubuenden,alpine_ski_resort,11,7,3,30,201,FALSE,Summer,FALSE,TRUE,7.5,1.9,12,3.7,0,8.6,FALSE,Independent,FALSE
20.07.2026,Monday,Basel,RTBSLBAH,ibis Basel Bahnhof,112.39,CHF,3,"Bahnhofstrasse 51, Basel",BSL,47.54683,7.58427,1.46,"WiFi,Gym,Pool,Spa",STANDARD_ROOM,ROOM_ONLY,260,Basel-Stadt,city,7.2,7,3,30,201,FALSE,Summer,FALSE,TRUE,20.5,14.3,27.3,1.4,0,8.6,FALSE,Accor (ibis),TRUE
20.07.2026,Monday,Bern,BWBRN230,Best Western Plus Hotel Bern,205.74,CHF,3.3,"Bahnhofstrasse 40, Bern",BRN,46.94877,7.44633,0.12,"WiFi,24h Reception,Luggage Storage",STANDARD_ROOM,ROOM_ONLY,542,Bern,city,5.5,7,3,30,201,FALSE,Summer,FALSE,TRUE,17,13.2,24,2.4,0,9.9,FALSE,Best Western,TRUE
20.07.2026,Monday,Chur,BWZRH091,BEST WESTERN HOTEL ZURCHERHOF,308.23,CHF,4.1,"Poststrasse 78, Chur",ZRH,47.37503,8.54445,94.9,"WiFi,24h Reception,Luggage Storage",STANDARD_ROOM,BREAKFAST,593,Graubuenden,city,10,7,3,30,201,FALSE,Summer,FALSE,TRUE,19.7,15.4,26.1,4.4,0,8.9,FALSE,Best Western,TRUE
20.07.2026,Monday,Chur,MCZRHDTM,Zurich Marriott Hotel,581.79,CHF,4.7,"Marktplatz 99, Chur",ZRH,47.38247,8.54026,95.65,"WiFi,Gym,Pool,Spa",STANDARD_ROOM,ROOM_ONLY,593,Graubuenden,city,9.2,7,3,30,201,FALSE,Summer,FALSE,TRUE,17.2,12,22.4,1.2,0,10.7,FALSE,Marriott,TRUE
20.07.2026,Monday,Chur,ONZRHCTY,HOTEL CITY,252.23,CHF,4.1,"Bahnhofstrasse 63, Chur",ZRH,47.37474,8.53611,95.38,"WiFi,Parking,Breakfast",BUDGET_ROOM,ROOM_ONLY,593,Graubuenden,city,10.1,7,3,30,201,FALSE,Summer,FALSE,TRUE,15.1,9.5,20.9,0.5,0,8.2,FALSE,Independent,FALSE
20.07.2026,Monday,Chur,XKZRH001,Hotel du Lac,122.48,CHF,3.3,"Poststrasse 38, Chur",ZRH,47.36649,8.53675,94.78,"WiFi,Gym,Pool,Spa",STANDARD_ROOM,BREAKFAST,593,Graubuenden,city,11,7,3,30,201,FALSE,Summer,FALSE,TRUE,20.2,15.2,26.6,2.6,0,11.5,FALSE,Independent,FALSE
20.07.2026,Monday,Genf,ICGVAICA,INTERCONTINENTAL GENEVA,631.5,CHF,4.4,"Kirchgasse 59, Genf",GVA,46.22461,6.13268,2.39,"WiFi,Parking,Breakfast",COMFORT_ROOM,ROOM_ONLY,375,Geneva,city,2.4,7,3,30,201,FALSE,Summer,FALSE,TRUE,16.7,12,20.4,4,0,7.7,FALSE,IHG (InterContinental),TRUE
20.07.2026,Monday,Genf,RTGVAGAR,ibis Geneve Centre Gare,166.27,CHF,3.6,"Bahnhofstrasse 67, Genf",GVA,46.20765,6.13827,0.52,"WiFi,Restaurant,Room Service",STANDARD_ROOM,ROOM_ONLY,375,Geneva,city,4.1,7,3,30,201,FALSE,Summer,FALSE,TRUE,20.7,17.1,27.6,0,0,9.7,FALSE,Accor (ibis),TRUE
20.07.2026,Monday,Genf,RTGVARES,Résidence Studio Genève Centre,156.68,CHF,3.5,"Hauptstrasse 77, Genf",GVA,46.2117,6.14696,0.86,"WiFi,Restaurant,Room Service",STANDARD_ROOM,ROOM_ONLY,375,Geneva,city,4.1,7,3,30,201,FALSE,Summer,FALSE,TRUE,20.8,14.9,25.1,5.1,0,9.9,FALSE,Independent,FALSE
20.07.2026,Monday,Interlaken,BWZRH091,BEST WESTERN HOTEL ZURCHERHOF,274.77,CHF,3.7,"Kirchgasse 79, Interlaken",ZRH,47.37503,8.54445,92.36,"WiFi,Parking,Restaurant,Bar",STANDARD_ROOM,BREAKFAST,570,Bern,mountain_resort,10,7,3,30,201,FALSE,Summer,FALSE,TRUE,16,11.5,19.7,2.9,0,10.3,FALSE,Best Western,TRUE
20.07.2026,Monday,Interlaken,MCZRHDTM,Zurich Marriott Hotel,516.56,CHF,4.5,"Bahnhofstrasse 34, Interlaken",ZRH,47.38247,8.54026,92.87,"WiFi,Gym,Pool,Spa",STANDARD_ROOM,ROOM_ONLY,570,Bern,mountain_resort,9.2,7,3,30,201,FALSE,Summer,FALSE,TRUE,18.1,11.5,21.5,2.2,0,9,FALSE,Marriott,TRUE
20.07.2026,Monday,Interlaken,ONZRHCTY,HOTEL CITY,235.44,CHF,4,"Marktplatz 36, Interlaken",ZRH,47.37474,8.53611,91.98,"WiFi,24h Reception,Luggage Storage",BUDGET_ROOM,ROOM_ONLY,570,Bern,mountain_resort,10.1,7,3,30,201,FALSE,Summer,FALSE,TRUE,19,15.9,24.3,2.1,0,11.4,FALSE,Independent,FALSE
20.07.2026,Monday,Interlaken,XKZRH001,Hotel du Lac,110.39,CHF,2.8,"Kirchgasse 57, Interlaken",ZRH,47.36649,8.53675,91.25,"WiFi,Restaurant,Room Service",STANDARD_ROOM,BREAKFAST,570,Bern,mountain_resort,11,7,3,30,201,FALSE,Summer,FALSE,TRUE,18.2,13.9,23.7,2.2,0,10.2,FALSE,Independent,FALSE
20.07.2026,Monday,Lausanne,ICGVAICA,INTERCONTINENTAL GENEVA,600.95,CHF,4.7,"Marktplatz 87, Lausanne",GVA,46.22461,6.13268,50.46,"WiFi,Parking,Breakfast",COMFORT_ROOM,ROOM_ONLY,495,Vaud,city,2.4,7,3,30,201,FALSE,Summer,FALSE,TRUE,17.6,11.6,22.7,0,0,9.2,FALSE,IHG (InterContinental),TRUE
20.07.2026,Monday,Lausanne,RTGVAGAR,ibis Geneve Centre Gare,172.36,CHF,3.4,"Poststrasse 46, Lausanne",GVA,46.20765,6.13827,51.39,"WiFi,Gym,Pool,Spa",STANDARD_ROOM,ROOM_ONLY,495,Vaud,city,4.1,7,3,30,201,FALSE,Summer,FALSE,TRUE,15.4,10.2,21.1,3.3,0,8.8,FALSE,Accor (ibis),TRUE
20.07.2026,Monday,Lausanne,RTGVARES,Résidence Studio Genève Centre,156.01,CHF,3.4,"Marktplatz 51, Lausanne",GVA,46.2117,6.14696,50.59,"WiFi,Parking,Restaurant,Bar",STANDARD_ROOM,ROOM_ONLY,495,Vaud,city,4.1,7,3,30,201,FALSE,Summer,FALSE,TRUE,16.9,10.7,20,3.3,0,10.9,FALSE,Independent,FALSE
20.07.2026,Monday,Luzern,BWZRH091,BEST WESTERN HOTEL ZURCHERHOF,239.22,CHF,4.1,"Kirchgasse 14, Luzern",ZRH,47.37503,8.54445,40.25,"WiFi,Parking,Restaurant,Bar",STANDARD_ROOM,BREAKFAST,435,Lucerne,city,10,7,3,30,201,FALSE,Summer,FALSE,TRUE,15.9,12.4,19.2,2,0,8.2,FALSE,Best Western,TRUE
20.07.2026,Monday,Luzern,MCZRHDTM,Zurich Marriott Hotel,479.01,CHF,4.3,"Poststrasse 94, Luzern",ZRH,47.38247,8.54026,40.86,"WiFi,Parking,Restaurant,Bar",STANDARD_ROOM,ROOM_ONLY,435,Lucerne,city,9.2,7,3,30,201,FALSE,Summer,FALSE,TRUE,21.5,14.8,26,0.7,0,9.9,FALSE,Marriott,TRUE
20.07.2026,Monday,Luzern,ONZRHCTY,HOTEL CITY,208.25,CHF,3.7,"Marktplatz 56, Luzern",ZRH,47.37474,8.53611,39.95,"WiFi,24h Reception,Luggage Storage",BUDGET_ROOM,ROOM_ONLY,435,Lucerne,city,10.1,7,3,30,201,FALSE,Summer,FALSE,TRUE,17.4,12.1,23.3,4.9,0,8.3,FALSE,Independent,FALSE
20.07.2026,Monday,Luzern,XKZRH001,Hotel du Lac,102.51,CHF,3.2,"Marktplatz 57, Luzern",ZRH,47.36649,8.53675,39.14,"WiFi,Restaurant,Room Service",STANDARD_ROOM,BREAKFAST,435,Lucerne,city,11,7,3,30,201,FALSE,Summer,FALSE,TRUE,18.5,14.6,22.6,1.3,0,11,FALSE,Independent,FALSE
20.07.2026,Monday,St. Gallen,BWZRH091,BEST WESTERN HOTEL ZURCHERHOF,282.77,CHF,3.9,"Poststrasse 24, St. Gallen",ZRH,47.37503,8.54445,62.88,"WiFi,Parking,Breakfast",STANDARD_ROOM,BREAKFAST,675,St. Gallen,city,10,7,3,30,201,FALSE,Summer,FALSE,TRUE,16.4,13.2,22.7,1.9,0,7.8,FALSE,Best Western,TRUE
20.07.2026,Monday,St. Gallen,MCZRHDTM,Zurich Marriott Hotel,556.84,CHF,4.5,"Bahnhofstrasse 46, St. Gallen",ZRH,47.38247,8.54026,63.12,"WiFi,Parking,Breakfast",STANDARD_ROOM,ROOM_ONLY,675,St. Gallen,city,9.2,7,3,30,201,FALSE,Summer,FALSE,TRUE,19.9,13.6,26.6,2.7,0,8.3,FALSE,Marriott,TRUE
20.07.2026,Monday,St. Gallen,ONZRHCTY,HOTEL CITY,260.67,CHF,4.1,"Marktplatz 64, St. Gallen",ZRH,47.37474,8.53611,63.51,"WiFi,Parking,Breakfast",BUDGET_ROOM,ROOM_ONLY,675,St. Gallen,city,10.1,7,3,30,201,FALSE,Summer,FALSE,TRUE,16.5,11.6,23,0,0,8.7,FALSE,Independent,FALSE
20.07.2026,Monday,St. Gallen,XKZRH001,Hotel du Lac,120.68,CHF,3.1,"Marktplatz 57, St. Gallen",ZRH,47.36649,8.53675,63.55,"WiFi,Parking,Breakfast",STANDARD_ROOM,BREAKFAST,675,St. Gallen,city,11,7,3,30,201,FALSE,Summer,FALSE,TRUE,17.1,11.7,22.3,0,0,10.2,FALSE,Independent,FALSE
20.07.2026,Monday,St. Moritz,BWZRH091,BEST WESTERN HOTEL ZURCHERHOF,236.78,CHF,3.7,"Hauptstrasse 8, St. Moritz",ZRH,47.37503,8.54445,138.28,"WiFi,24h Reception,Luggage Storage",STANDARD_ROOM,BREAKFAST,1856,Graubuenden,alpine_ski_resort,10,7,3,30,201,FALSE,Summer,FALSE,TRUE,10.7,7.6,15.8,5.5,0,7.9,FALSE,Best Western,TRUE
20.07.2026,Monday,St. Moritz,ONZRHCTY,HOTEL CITY,210.87,CHF,3.3,"Poststrasse 44, St. Moritz",ZRH,47.37474,8.53611,138.7,"WiFi,24h Reception,Luggage Storage",BUDGET_ROOM,ROOM_ONLY,1856,Graubuenden,alpine_ski_resort,10.1,7,3,30,201,FALSE,Summer,FALSE,TRUE,10.8,4,16.5,0,0,11.4,FALSE,Independent,FALSE
20.07.2026,Monday,Winterthur,BWZRH091,BEST WESTERN HOTEL ZURCHERHOF,287,CHF,4.1,"Poststrasse 37, Winterthur",ZRH,47.37503,8.54445,20.79,"WiFi,Parking,Breakfast",STANDARD_ROOM,BREAKFAST,439,Zurich,city,10,7,3,30,201,FALSE,Summer,FALSE,TRUE,16.7,11.5,20.4,0,0,8.7,FALSE,Best Western,TRUE
20.07.2026,Monday,Winterthur,MCZRHDTM,Zurich Marriott Hotel,579.33,CHF,4.8,"Hauptstrasse 12, Winterthur",ZRH,47.38247,8.54026,20.48,"WiFi,Gym,Pool,Spa",STANDARD_ROOM,ROOM_ONLY,439,Zurich,city,9.2,7,3,30,201,FALSE,Summer,FALSE,TRUE,20.3,16.3,26.8,1.7,0,8.9,FALSE,Marriott,TRUE
20.07.2026,Monday,Winterthur,ONZRHCTY,HOTEL CITY,266.4,CHF,3.8,"Hauptstrasse 95, Winterthur",ZRH,47.37474,8.53611,21.28,"WiFi,Parking,Breakfast",BUDGET_ROOM,ROOM_ONLY,439,Zurich,city,10.1,7,3,30,201,FALSE,Summer,FALSE,TRUE,16.3,10.9,23.2,4,0,8.4,FALSE,Independent,FALSE
20.07.2026,Monday,Winterthur,XKZRH001,Hotel du Lac,131.73,CHF,3.2,"Kirchgasse 55, Winterthur",ZRH,47.36649,8.53675,21.86,"WiFi,Parking,Restaurant,Bar",STANDARD_ROOM,BREAKFAST,439,Zurich,city,11,7,3,30,201,FALSE,Summer,FALSE,TRUE,20.8,16.7,25.9,3.2,0,9.5,FALSE,Independent,FALSE
20.07.2026,Monday,Zermatt,BWZRH091,BEST WESTERN HOTEL ZURCHERHOF,256.22,CHF,4.2,"Poststrasse 45, Zermatt",ZRH,47.37503,8.54445,162.35,"WiFi,24h Reception,Luggage Storage",STANDARD_ROOM,BREAKFAST,1620,Valais,alpine_ski_resort,10,7,3,30,201,FALSE,Summer,FALSE,TRUE,11.9,5.7,16.2,0,0,10.3,FALSE,Best Western,TRUE
20.07.2026,Monday,Zermatt,MCZRHDTM,Zurich Marriott Hotel,495.24,CHF,4.4,"Bahnhofstrasse 87, Zermatt",ZRH,47.38247,8.54026,163,"WiFi,Parking,Restaurant,Bar",STANDARD_ROOM,ROOM_ONLY,1620,Valais,alpine_ski_resort,9.2,7,3,30,201,FALSE,Summer,FALSE,TRUE,12.4,6,19,6.1,0,7.7,FALSE,Marriott,TRUE
20.07.2026,Monday,Zermatt,ONZRHCTY,HOTEL CITY,210.61,CHF,3.3,"Marktplatz 87, Zermatt",ZRH,47.37474,8.53611,162.08,"WiFi,Gym,Pool,Spa",BUDGET_ROOM,ROOM_ONLY,1620,Valais,alpine_ski_resort,10.1,7,3,30,201,FALSE,Summer,FALSE,TRUE,14.3,9.7,19.2,1.6,0,8.1,FALSE,Independent,FALSE
20.07.2026,Monday,Zermatt,XKZRH001,Hotel du Lac,104.81,CHF,3,"Poststrasse 94, Zermatt",ZRH,47.36649,8.53675,161.25,"WiFi,Parking,Breakfast",STANDARD_ROOM,BREAKFAST,1620,Valais,alpine_ski_resort,11,7,3,30,201,FALSE,Summer,FALSE,TRUE,13.7,8.2,20.4,1.9,0,8.6,FALSE,Independent,FALSE
20.07.2026,Monday,Zuerich,BWZRH091,BEST WESTERN HOTEL ZURCHERHOF,299.75,CHF,4,"Hauptstrasse 24, Zuerich",ZRH,47.37503,8.54445,0.29,"WiFi,Gym,Pool,Spa",STANDARD_ROOM,BREAKFAST,408,Zurich,city,10,7,3,30,201,FALSE,Summer,FALSE,TRUE,20.2,15.6,24.5,4,0,10,FALSE,Best Western,TRUE
20.07.2026,Monday,Zuerich,MCZRHDTM,Zurich Marriott Hotel,589.43,CHF,4.6,"Kirchgasse 96, Zuerich",ZRH,47.38247,8.54026,0.63,"WiFi,Gym,Pool,Spa",STANDARD_ROOM,ROOM_ONLY,408,Zurich,city,9.2,7,3,30,201,FALSE,Summer,FALSE,TRUE,15.9,10.4,20.6,1.6,0,8.7,FALSE,Marriott,TRUE
20.07.2026,Monday,Zuerich,ONZRHCTY,HOTEL CITY,243.11,CHF,4.1,"Hauptstrasse 68, Zuerich",ZRH,47.37474,8.53611,0.48,"WiFi,Restaurant,Room Service",BUDGET_ROOM,ROOM_ONLY,408,Zurich,city,10.1,7,3,30,201,FALSE,Summer,FALSE,TRUE,18.4,15.1,24.5,0.3,0,7.7,FALSE,Independent,FALSE
20.07.2026,Monday,Zuerich,XKZRH001,Hotel du Lac,124.79,CHF,3.2,"Kirchgasse 76, Zuerich",ZRH,47.36649,8.53675,1.22,"WiFi,Parking,Restaurant,Bar",STANDARD_ROOM,BREAKFAST,408,Zurich,city,11,7,3,30,201,FALSE,Summer,FALSE,TRUE,17.1,10.5,23.2,1.4,0,10.9,FALSE,Independent,FALSE
27.07.2026,Monday,Arosa,BWZRH091,BEST WESTERN HOTEL ZURCHERHOF,247.68,CHF,4.2,"Marktplatz 59, Arosa",ZRH,47.37503,8.54445,107.47,"WiFi,Restaurant,Room Service",STANDARD_ROOM,BREAKFAST,1775,Graubuenden,alpine_ski_resort,10,7,3,31,208,FALSE,Summer,FALSE,TRUE,10.5,3.8,15.5,1.1,0,10.5,FALSE,Best Western,TRUE
27.07.2026,Monday,Arosa,MCZRHDTM,Zurich Marriott Hotel,503.68,CHF,4.3,"Poststrasse 5, Arosa",ZRH,47.38247,8.54026,108.23,"WiFi,Parking,Breakfast",STANDARD_ROOM,ROOM_ONLY,1775,Graubuenden,alpine_ski_resort,9.2,7,3,31,208,FALSE,Summer,FALSE,TRUE,11.7,7.4,15.7,0,0,10.1,FALSE,Marriott,TRUE
27.07.2026,Monday,Arosa,ONZRHCTY,HOTEL CITY,207.68,CHF,3.3,"Poststrasse 80, Arosa",ZRH,47.37474,8.53611,107.95,"WiFi,Gym,Pool,Spa",BUDGET_ROOM,ROOM_ONLY,1775,Graubuenden,alpine_ski_resort,10.1,7,3,31,208,FALSE,Summer,FALSE,TRUE,7.9,3.8,12.3,0,0,11.1,FALSE,Independent,FALSE
27.07.2026,Monday,Arosa,XKZRH001,Hotel du Lac,104.02,CHF,3,"Poststrasse 89, Arosa",ZRH,47.36649,8.53675,107.36,"WiFi,Gym,Pool,Spa",STANDARD_ROOM,BREAKFAST,1775,Graubuenden,alpine_ski_resort,11,7,3,31,208,FALSE,Summer,FALSE,TRUE,7.2,2.4,14,2.5,0,8.8,FALSE,Independent,FALSE
27.07.2026,Monday,Basel,RTBSLBAH,ibis Basel Bahnhof,110.7,CHF,2.8,"Kirchgasse 50, Basel",BSL,47.54683,7.58427,1.46,"WiFi,Parking,Breakfast",STANDARD_ROOM,ROOM_ONLY,260,Basel-Stadt,city,7.2,7,3,31,208,FALSE,Summer,FALSE,TRUE,20.9,13.9,27.2,0.2,0,7.7,FALSE,Accor (ibis),TRUE
27.07.2026,Monday,Bern,BWBRN230,Best Western Plus Hotel Bern,216.12,CHF,3.2,"Poststrasse 20, Bern",BRN,46.94877,7.44633,0.12,"WiFi,24h Reception,Luggage Storage",STANDARD_ROOM,ROOM_ONLY,542,Bern,city,5.5,7,3,31,208,FALSE,Summer,FALSE,TRUE,18,13.3,22.6,6.4,0,8.5,FALSE,Best Western,TRUE
27.07.2026,Monday,Chur,BWZRH091,BEST WESTERN HOTEL ZURCHERHOF,287.82,CHF,4.2,"Marktplatz 88, Chur",ZRH,47.37503,8.54445,94.9,"WiFi,24h Reception,Luggage Storage",STANDARD_ROOM,BREAKFAST,593,Graubuenden,city,10,7,3,31,208,FALSE,Summer,FALSE,TRUE,19.4,16.2,24.2,3.7,0,9.3,FALSE,Best Western,TRUE
27.07.2026,Monday,Chur,MCZRHDTM,Zurich Marriott Hotel,552.6,CHF,4.4,"Kirchgasse 64, Chur",ZRH,47.38247,8.54026,95.65,"WiFi,Parking,Restaurant,Bar",STANDARD_ROOM,ROOM_ONLY,593,Graubuenden,city,9.2,7,3,31,208,FALSE,Summer,FALSE,TRUE,16.3,12.9,23.3,0,0,8.6,FALSE,Marriott,TRUE
27.07.2026,Monday,Chur,ONZRHCTY,HOTEL CITY,239.99,CHF,3.8,"Poststrasse 87, Chur",ZRH,47.37474,8.53611,95.38,"WiFi,Parking,Breakfast",BUDGET_ROOM,ROOM_ONLY,593,Graubuenden,city,10.1,7,3,31,208,FALSE,Summer,FALSE,TRUE,15.2,11.3,18.5,0.9,0,8.9,FALSE,Independent,FALSE
27.07.2026,Monday,Chur,XKZRH001,Hotel du Lac,126.77,CHF,3,"Marktplatz 9, Chur",ZRH,47.36649,8.53675,94.78,"WiFi,Gym,Pool,Spa",STANDARD_ROOM,BREAKFAST,593,Graubuenden,city,11,7,3,31,208,FALSE,Summer,FALSE,TRUE,15.5,10.1,22.4,0.1,0,10.2,FALSE,Independent,FALSE
27.07.2026,Monday,Genf,ICGVAICA,INTERCONTINENTAL GENEVA,575.59,CHF,4.8,"Kirchgasse 57, Genf",GVA,46.22461,6.13268,2.39,"WiFi,24h Reception,Luggage Storage",COMFORT_ROOM,ROOM_ONLY,375,Geneva,city,2.4,7,3,31,208,FALSE,Summer,FALSE,TRUE,17.7,11.6,22.3,2.9,0,11.2,FALSE,IHG (InterContinental),TRUE
27.07.2026,Monday,Genf,RTGVAGAR,ibis Geneve Centre Gare,168.31,CHF,3.3,"Hauptstrasse 89, Genf",GVA,46.20765,6.13827,0.52,"WiFi,Parking,Restaurant,Bar",STANDARD_ROOM,ROOM_ONLY,375,Geneva,city,4.1,7,3,31,208,FALSE,Summer,FALSE,TRUE,15.4,10.6,21.7,2.9,0,9,FALSE,Accor (ibis),TRUE
27.07.2026,Monday,Genf,RTGVARES,Résidence Studio Genève Centre,148.35,CHF,3,"Hauptstrasse 82, Genf",GVA,46.2117,6.14696,0.86,"WiFi,Gym,Pool,Spa",STANDARD_ROOM,ROOM_ONLY,375,Geneva,city,4.1,7,3,31,208,FALSE,Summer,FALSE,TRUE,18,11.8,21.7,2,0,9.8,FALSE,Independent,FALSE
27.07.2026,Monday,Interlaken,BWZRH091,BEST WESTERN HOTEL ZURCHERHOF,267.11,CHF,3.8,"Hauptstrasse 42, Interlaken",ZRH,47.37503,8.54445,92.36,"WiFi,Parking,Breakfast",STANDARD_ROOM,BREAKFAST,570,Bern,mountain_resort,10,7,3,31,208,FALSE,Summer,FALSE,TRUE,18.7,11.8,25,3.3,0,7.6,FALSE,Best Western,TRUE
27.07.2026,Monday,Interlaken,MCZRHDTM,Zurich Marriott Hotel,535.11,CHF,4.5,"Bahnhofstrasse 77, Interlaken",ZRH,47.38247,8.54026,92.87,"WiFi,Gym,Pool,Spa",STANDARD_ROOM,ROOM_ONLY,570,Bern,mountain_resort,9.2,7,3,31,208,FALSE,Summer,FALSE,TRUE,18.9,15.1,24.2,1.4,0,8.5,FALSE,Marriott,TRUE
27.07.2026,Monday,Interlaken,ONZRHCTY,HOTEL CITY,225.81,CHF,3.4,"Marktplatz 48, Interlaken",ZRH,47.37474,8.53611,91.98,"WiFi,Gym,Pool,Spa",BUDGET_ROOM,ROOM_ONLY,570,Bern,mountain_resort,10.1,7,3,31,208,FALSE,Summer,FALSE,TRUE,16,10.8,22.3,3.1,0,10,FALSE,Independent,FALSE
27.07.2026,Monday,Interlaken,XKZRH001,Hotel du Lac,111.04,CHF,2.8,"Hauptstrasse 46, Interlaken",ZRH,47.36649,8.53675,91.25,"WiFi,Parking,Breakfast",STANDARD_ROOM,BREAKFAST,570,Bern,mountain_resort,11,7,3,31,208,FALSE,Summer,FALSE,TRUE,17.1,10.6,23.7,0.2,0,9.8,FALSE,Independent,FALSE
27.07.2026,Monday,Lausanne,ICGVAICA,INTERCONTINENTAL GENEVA,621.72,CHF,4.6,"Marktplatz 10, Lausanne",GVA,46.22461,6.13268,50.46,"WiFi,Parking,Breakfast",COMFORT_ROOM,ROOM_ONLY,495,Vaud,city,2.4,7,3,31,208,FALSE,Summer,FALSE,TRUE,14.9,10,21.7,1.4,0,8.5,FALSE,IHG (InterContinental),TRUE
27.07.2026,Monday,Lausanne,RTGVAGAR,ibis Geneve Centre Gare,173.2,CHF,3.7,"Poststrasse 50, Lausanne",GVA,46.20765,6.13827,51.39,"WiFi,Parking,Breakfast",STANDARD_ROOM,ROOM_ONLY,495,Vaud,city,4.1,7,3,31,208,FALSE,Summer,FALSE,TRUE,15.4,10.5,22.3,0,0,10,FALSE,Accor (ibis),TRUE
27.07.2026,Monday,Lausanne,RTGVARES,Résidence Studio Genève Centre,155.83,CHF,3.4,"Hauptstrasse 4, Lausanne",GVA,46.2117,6.14696,50.59,"WiFi,24h Reception,Luggage Storage",STANDARD_ROOM,ROOM_ONLY,495,Vaud,city,4.1,7,3,31,208,FALSE,Summer,FALSE,TRUE,16.9,12.3,23,1.1,0,10,FALSE,Independent,FALSE
27.07.2026,Monday,Luzern,BWZRH091,BEST WESTERN HOTEL ZURCHERHOF,233.62,CHF,4,"Hauptstrasse 33, Luzern",ZRH,47.37503,8.54445,40.25,"WiFi,Gym,Pool,Spa",STANDARD_ROOM,BREAKFAST,435,Lucerne,city,10,7,3,31,208,FALSE,Summer,FALSE,TRUE,18.4,14.3,21.5,1.1,0,8.9,FALSE,Best Western,TRUE
27.07.2026,Monday,Luzern,MCZRHDTM,Zurich Marriott Hotel,457.11,CHF,4.8,"Poststrasse 79, Luzern",ZRH,47.38247,8.54026,40.86,"WiFi,Restaurant,Room Service",STANDARD_ROOM,ROOM_ONLY,435,Lucerne,city,9.2,7,3,31,208,FALSE,Summer,FALSE,TRUE,19.2,12.9,25.8,0.1,0,7.9,FALSE,Marriott,TRUE
27.07.2026,Monday,Luzern,ONZRHCTY,HOTEL CITY,208.19,CHF,3.6,"Marktplatz 50, Luzern",ZRH,47.37474,8.53611,39.95,"WiFi,24h Reception,Luggage Storage",BUDGET_ROOM,ROOM_ONLY,435,Lucerne,city,10.1,7,3,31,208,FALSE,Summer,FALSE,TRUE,15.1,11.2,20.8,4.7,0,9.2,FALSE,Independent,FALSE
27.07.2026,Monday,Luzern,XKZRH001,Hotel du Lac,103.23,CHF,3.2,"Poststrasse 84, Luzern",ZRH,47.36649,8.53675,39.14,"WiFi,24h Reception,Luggage Storage",STANDARD_ROOM,BREAKFAST,435,Lucerne,city,11,7,3,31,208,FALSE,Summer,FALSE,TRUE,15.4,9,20.6,2.9,0,9.1,FALSE,Independent,FALSE
27.07.2026,Monday,St. Gallen,BWZRH091,BEST WESTERN HOTEL ZURCHERHOF,296.33,CHF,3.8,"Poststrasse 14, St. Gallen",ZRH,47.37503,8.54445,62.88,"WiFi,Gym,Pool,Spa",STANDARD_ROOM,BREAKFAST,675,St. Gallen,city,10,7,3,31,208,FALSE,Summer,FALSE,TRUE,16.8,11.7,21.4,1.1,0,10.4,FALSE,Best Western,TRUE
27.07.2026,Monday,St. Gallen,MCZRHDTM,Zurich Marriott Hotel,593.91,CHF,4.8,"Bahnhofstrasse 2, St. Gallen",ZRH,47.38247,8.54026,63.12,"WiFi,24h Reception,Luggage Storage",STANDARD_ROOM,ROOM_ONLY,675,St. Gallen,city,9.2,7,3,31,208,FALSE,Summer,FALSE,TRUE,17.8,12,24.1,3.6,0,9.9,FALSE,Marriott,TRUE
27.07.2026,Monday,St. Gallen,ONZRHCTY,HOTEL CITY,256.3,CHF,3.9,"Poststrasse 37, St. Gallen",ZRH,47.37474,8.53611,63.51,"WiFi,Restaurant,Room Service",BUDGET_ROOM,ROOM_ONLY,675,St. Gallen,city,10.1,7,3,31,208,FALSE,Summer,FALSE,TRUE,15.8,11.2,19.8,0.9,0,8.8,FALSE,Independent,FALSE
27.07.2026,Monday,St. Gallen,XKZRH001,Hotel du Lac,127.71,CHF,2.7,"Marktplatz 35, St. Gallen",ZRH,47.36649,8.53675,63.55,"WiFi,Parking,Restaurant,Bar",STANDARD_ROOM,BREAKFAST,675,St. Gallen,city,11,7,3,31,208,FALSE,Summer,FALSE,TRUE,16,10.5,21.3,4.3,0,7.9,FALSE,Independent,FALSE
27.07.2026,Monday,St. Moritz,BWZRH091,BEST WESTERN HOTEL ZURCHERHOF,244.56,CHF,3.9,"Poststrasse 70, St. Moritz",ZRH,47.37503,8.54445,138.28,"WiFi,Restaurant,Room Service",STANDARD_ROOM,BREAKFAST,1856,Graubuenden,alpine_ski_resort,10,7,3,31,208,FALSE,Summer,FALSE,TRUE,10,3.1,16.8,0.8,0,7.7,FALSE,Best Western,TRUE
27.07.2026,Monday,St. Moritz,MCZRHDTM,Zurich Marriott Hotel,468.21,CHF,4.6,"Kirchgasse 60, St. Moritz",ZRH,47.38247,8.54026,139.08,"WiFi,Parking,Restaurant,Bar",STANDARD_ROOM,ROOM_ONLY,1856,Graubuenden,alpine_ski_resort,9.2,7,3,31,208,FALSE,Summer,FALSE,TRUE,11.8,7.2,18.4,0,0,9.2,FALSE,Marriott,TRUE
27.07.2026,Monday,St. Moritz,ONZRHCTY,HOTEL CITY,202.21,CHF,3.3,"Hauptstrasse 58, St. Moritz",ZRH,47.37474,8.53611,138.7,"WiFi,24h Reception,Luggage Storage",BUDGET_ROOM,ROOM_ONLY,1856,Graubuenden,alpine_ski_resort,10.1,7,3,31,208,FALSE,Summer,FALSE,TRUE,12,5.8,18.8,1.6,0,9.3,FALSE,Independent,FALSE
27.07.2026,Monday,St. Moritz,XKZRH001,Hotel du Lac,104.89,CHF,3.1,"Hauptstrasse 36, St. Moritz",ZRH,47.36649,8.53675,138.03,"WiFi,Parking,Breakfast",STANDARD_ROOM,BREAKFAST,1856,Graubuenden,alpine_ski_resort,11,7,3,31,208,FALSE,Summer,FALSE,TRUE,7.1,1.7,10.6,4,0,9.4,FALSE,Independent,FALSE
27.07.2026,Monday,Winterthur,BWZRH091,BEST WESTERN HOTEL ZURCHERHOF,298.74,CHF,3.7,"Bahnhofstrasse 15, Winterthur",ZRH,47.37503,8.54445,20.79,"WiFi,Parking,Breakfast",STANDARD_ROOM,BREAKFAST,439,Zurich,city,10,7,3,31,208,FALSE,Summer,FALSE,TRUE,16.5,11.8,22.6,4,0,9.9,FALSE,Best Western,TRUE
27.07.2026,Monday,Winterthur,MCZRHDTM,Zurich Marriott Hotel,547.69,CHF,4.5,"Bahnhofstrasse 79, Winterthur",ZRH,47.38247,8.54026,20.48,"WiFi,Parking,Breakfast",STANDARD_ROOM,ROOM_ONLY,439,Zurich,city,9.2,7,3,31,208,FALSE,Summer,FALSE,TRUE,17.2,12.2,22.4,0,0,10.9,FALSE,Marriott,TRUE
27.07.2026,Monday,Winterthur,ONZRHCTY,HOTEL CITY,256.52,CHF,4.1,"Poststrasse 49, Winterthur",ZRH,47.37474,8.53611,21.28,"WiFi,Restaurant,Room Service",BUDGET_ROOM,ROOM_ONLY,439,Zurich,city,10.1,7,3,31,208,FALSE,Summer,FALSE,TRUE,15,10.2,21.7,4.2,0,8.1,FALSE,Independent,FALSE
27.07.2026,Monday,Winterthur,XKZRH001,Hotel du Lac,124.22,CHF,3.2,"Hauptstrasse 71, Winterthur",ZRH,47.36649,8.53675,21.86,"WiFi,Gym,Pool,Spa",STANDARD_ROOM,BREAKFAST,439,Zurich,city,11,7,3,31,208,FALSE,Summer,FALSE,TRUE,17.2,10.4,20.2,0.4,0,7.9,FALSE,Independent,FALSE
27.07.2026,Monday,Zermatt,BWZRH091,BEST WESTERN HOTEL ZURCHERHOF,245.17,CHF,4.2,"Bahnhofstrasse 15, Zermatt",ZRH,47.37503,8.54445,162.35,"WiFi,Parking,Breakfast",STANDARD_ROOM,BREAKFAST,1620,Valais,alpine_ski_resort,10,7,3,31,208,FALSE,Summer,FALSE,TRUE,12.9,6.1,17.2,0.9,0,11.1,FALSE,Best Western,TRUE
27.07.2026,Monday,Zermatt,MCZRHDTM,Zurich Marriott Hotel,478.93,CHF,4.7,"Bahnhofstrasse 66, Zermatt",ZRH,47.38247,8.54026,163,"WiFi,Parking,Restaurant,Bar",STANDARD_ROOM,ROOM_ONLY,1620,Valais,alpine_ski_resort,9.2,7,3,31,208,FALSE,Summer,FALSE,TRUE,11,4.2,17.1,2,0,10.6,FALSE,Marriott,TRUE
27.07.2026,Monday,Zermatt,ONZRHCTY,HOTEL CITY,214.72,CHF,3.8,"Poststrasse 36, Zermatt",ZRH,47.37474,8.53611,162.08,"WiFi,Restaurant,Room Service",BUDGET_ROOM,ROOM_ONLY,1620,Valais,alpine_ski_resort,10.1,7,3,31,208,FALSE,Summer,FALSE,TRUE,13.3,7.1,19.5,1.6,0,10.6,FALSE,Independent,FALSE
27.07.2026,Monday,Zermatt,XKZRH001,Hotel du Lac,108.1,CHF,2.8,"Kirchgasse 99, Zermatt",ZRH,47.36649,8.53675,161.25,"WiFi,Restaurant,Room Service",STANDARD_ROOM,BREAKFAST,1620,Valais,alpine_ski_resort,11,7,3,31,208,FALSE,Summer,FALSE,TRUE,11.2,4.6,18.2,0,0,9.8,FALSE,Independent,FALSE
27.07.2026,Monday,Zuerich,BWZRH091,BEST WESTERN HOTEL ZURCHERHOF,280.57,CHF,4.3,"Marktplatz 79, Zuerich",ZRH,47.37503,8.54445,0.29,"WiFi,Parking,Restaurant,Bar",STANDARD_ROOM,BREAKFAST,408,Zurich,city,10,7,3,31,208,FALSE,Summer,FALSE,TRUE,18.7,13.8,22.2,0,0,11,FALSE,Best Western,TRUE
27.07.2026,Monday,Zuerich,MCZRHDTM,Zurich Marriott Hotel,547.2,CHF,4.6,"Kirchgasse 31, Zuerich",ZRH,47.38247,8.54026,0.63,"WiFi,Parking,Breakfast",STANDARD_ROOM,ROOM_ONLY,408,Zurich,city,9.2,7,3,31,208,FALSE,Summer,FALSE,TRUE,15.6,11.3,20.3,0,0,10.9,FALSE,Marriott,TRUE
27.07.2026,Monday,Zuerich,ONZRHCTY,HOTEL CITY,242.38,CHF,4.2,"Kirchgasse 45, Zuerich",ZRH,47.37474,8.53611,0.48,"WiFi,Restaurant,Room Service",BUDGET_ROOM,ROOM_ONLY,408,Zurich,city,10.1,7,3,31,208,FALSE,Summer,FALSE,TRUE,15.5,9,21.8,5.8,0,9,FALSE,Independent,FALSE
27.07.2026,Monday,Zuerich,XKZRH001,Hotel du Lac,126.35,CHF,3.2,"Bahnhofstrasse 34, Zuerich",ZRH,47.36649,8.53675,1.22,"WiFi,Gym,Pool,Spa",STANDARD_ROOM,BREAKFAST,408,Zurich,city,11,7,3,31,208,FALSE,Summer,FALSE,TRUE,17.1,13.2,20.5,0,0,7.8,FALSE,Independent,FALSE
03.08.2026,Monday,Arosa,BWZRH091,BEST WESTERN HOTEL ZURCHERHOF,246.67,CHF,3.9,"Hauptstrasse 32, Arosa",ZRH,47.37503,8.54445,107.47,"WiFi,Parking,Restaurant,Bar",STANDARD_ROOM,BREAKFAST,1775,Graubuenden,alpine_ski_resort,10,8,3,32,215,FALSE,Summer,FALSE,TRUE,10.2,4.2,15.4,5.2,0,8.5,FALSE,Best Western,TRUE
03.08.2026,Monday,Arosa,MCZRHDTM,Zurich Marriott Hotel,566.47,CHF,4.7,"Marktplatz 30, Arosa",ZRH,47.38247,8.54026,108.23,"WiFi,Parking,Breakfast",STANDARD_ROOM,ROOM_ONLY,1775,Graubuenden,alpine_ski_resort,9.2,8,3,32,215,FALSE,Summer,FALSE,TRUE,9.4,2.7,15.5,0.9,0,10.4,FALSE,Marriott,TRUE
03.08.2026,Monday,Arosa,ONZRHCTY,HOTEL CITY,217.03,CHF,3.4,"Kirchgasse 82, Arosa",ZRH,47.37474,8.53611,107.95,"WiFi,24h Reception,Luggage Storage",BUDGET_ROOM,ROOM_ONLY,1775,Graubuenden,alpine_ski_resort,10.1,8,3,32,215,FALSE,Summer,FALSE,TRUE,11.1,4.3,15.2,1.5,0,7.8,FALSE,Independent,FALSE
03.08.2026,Monday,Arosa,XKZRH001,Hotel du Lac,108.3,CHF,2.8,"Bahnhofstrasse 52, Arosa",ZRH,47.36649,8.53675,107.36,"WiFi,Restaurant,Room Service",STANDARD_ROOM,BREAKFAST,1775,Graubuenden,alpine_ski_resort,11,8,3,32,215,FALSE,Summer,FALSE,TRUE,11.1,6.9,14.3,0.4,0,10.6,FALSE,Independent,FALSE
03.08.2026,Monday,Basel,RTBSLBAH,ibis Basel Bahnhof,111.57,CHF,3.3,"Hauptstrasse 26, Basel",BSL,47.54683,7.58427,1.46,"WiFi,Parking,Breakfast",STANDARD_ROOM,ROOM_ONLY,260,Basel-Stadt,city,7.2,8,3,32,215,FALSE,Summer,FALSE,TRUE,17.8,13,23.1,2.8,0,8.6,FALSE,Accor (ibis),TRUE
03.08.2026,Monday,Bern,BWBRN230,Best Western Plus Hotel Bern,213,CHF,3.7,"Kirchgasse 90, Bern",BRN,46.94877,7.44633,0.12,"WiFi,Restaurant,Room Service",STANDARD_ROOM,ROOM_ONLY,542,Bern,city,5.5,8,3,32,215,FALSE,Summer,FALSE,TRUE,17.1,11,20.6,1.9,0,10.1,FALSE,Best Western,TRUE
03.08.2026,Monday,Chur,BWZRH091,BEST WESTERN HOTEL ZURCHERHOF,274.64,CHF,4,"Hauptstrasse 76, Chur",ZRH,47.37503,8.54445,94.9,"WiFi,Parking,Restaurant,Bar",STANDARD_ROOM,BREAKFAST,593,Graubuenden,city,10,8,3,32,215,FALSE,Summer,FALSE,TRUE,16.2,11.1,20.7,4.3,0,9.7,FALSE,Best Western,TRUE
03.08.2026,Monday,Chur,MCZRHDTM,Zurich Marriott Hotel,604.65,CHF,4.4,"Poststrasse 2, Chur",ZRH,47.38247,8.54026,95.65,"WiFi,Gym,Pool,Spa",STANDARD_ROOM,ROOM_ONLY,593,Graubuenden,city,9.2,8,3,32,215,FALSE,Summer,FALSE,TRUE,16.6,12.1,23.5,3.3,0,7.2,FALSE,Marriott,TRUE
03.08.2026,Monday,Chur,ONZRHCTY,HOTEL CITY,236.87,CHF,3.8,"Kirchgasse 46, Chur",ZRH,47.37474,8.53611,95.38,"WiFi,Restaurant,Room Service",BUDGET_ROOM,ROOM_ONLY,593,Graubuenden,city,10.1,8,3,32,215,FALSE,Summer,FALSE,TRUE,14,9,18.1,0.8,0,10.1,FALSE,Independent,FALSE
03.08.2026,Monday,Chur,XKZRH001,Hotel du Lac,123.87,CHF,2.8,"Bahnhofstrasse 73, Chur",ZRH,47.36649,8.53675,94.78,"WiFi,Parking,Restaurant,Bar",STANDARD_ROOM,BREAKFAST,593,Graubuenden,city,11,8,3,32,215,FALSE,Summer,FALSE,TRUE,16,11,19.3,1.1,0,10.8,FALSE,Independent,FALSE
03.08.2026,Monday,Genf,ICGVAICA,INTERCONTINENTAL GENEVA,571.11,CHF,4.3,"Poststrasse 85, Genf",GVA,46.22461,6.13268,2.39,"WiFi,Parking,Restaurant,Bar",COMFORT_ROOM,ROOM_ONLY,375,Geneva,city,2.4,8,3,32,215,FALSE,Summer,FALSE,TRUE,17.3,14.3,23.1,0.2,0,8.2,FALSE,IHG (InterContinental),TRUE
03.08.2026,Monday,Genf,RTGVAGAR,ibis Geneve Centre Gare,156.32,CHF,3.6,"Kirchgasse 54, Genf",GVA,46.20765,6.13827,0.52,"WiFi,Parking,Breakfast",STANDARD_ROOM,ROOM_ONLY,375,Geneva,city,4.1,8,3,32,215,FALSE,Summer,FALSE,TRUE,17.2,14.1,21.7,1.7,0,8.4,FALSE,Accor (ibis),TRUE
03.08.2026,Monday,Genf,RTGVARES,Résidence Studio Genève Centre,149.69,CHF,3,"Kirchgasse 95, Genf",GVA,46.2117,6.14696,0.86,"WiFi,24h Reception,Luggage Storage",STANDARD_ROOM,ROOM_ONLY,375,Geneva,city,4.1,8,3,32,215,FALSE,Summer,FALSE,TRUE,18.9,14,24,2.1,0,7.3,FALSE,Independent,FALSE
03.08.2026,Monday,Interlaken,BWZRH091,BEST WESTERN HOTEL ZURCHERHOF,273.95,CHF,3.9,"Bahnhofstrasse 55, Interlaken",ZRH,47.37503,8.54445,92.36,"WiFi,Parking,Restaurant,Bar",STANDARD_ROOM,BREAKFAST,570,Bern,mountain_resort,10,8,3,32,215,FALSE,Summer,FALSE,TRUE,13.6,9.2,17,4.8,0,10.9,FALSE,Best Western,TRUE
03.08.2026,Monday,Interlaken,MCZRHDTM,Zurich Marriott Hotel,622.83,CHF,4.6,"Bahnhofstrasse 5, Interlaken",ZRH,47.38247,8.54026,92.87,"WiFi,24h Reception,Luggage Storage",STANDARD_ROOM,ROOM_ONLY,570,Bern,mountain_resort,9.2,8,3,32,215,FALSE,Summer,FALSE,TRUE,15.3,10,21.4,3.8,0,9.7,FALSE,Marriott,TRUE
03.08.2026,Monday,Interlaken,ONZRHCTY,HOTEL CITY,221.39,CHF,3.8,"Marktplatz 3, Interlaken",ZRH,47.37474,8.53611,91.98,"WiFi,Gym,Pool,Spa",BUDGET_ROOM,ROOM_ONLY,570,Bern,mountain_resort,10.1,8,3,32,215,FALSE,Summer,FALSE,TRUE,16,10.2,20.8,4.7,0,7.6,FALSE,Independent,FALSE
03.08.2026,Monday,Interlaken,XKZRH001,Hotel du Lac,110.66,CHF,3.2,"Bahnhofstrasse 49, Interlaken",ZRH,47.36649,8.53675,91.25,"WiFi,Restaurant,Room Service",STANDARD_ROOM,BREAKFAST,570,Bern,mountain_resort,11,8,3,32,215,FALSE,Summer,FALSE,TRUE,14,8.4,20.8,1.9,0,10.6,FALSE,Independent,FALSE
03.08.2026,Monday,Lausanne,ICGVAICA,INTERCONTINENTAL GENEVA,610.7,CHF,4.4,"Hauptstrasse 33, Lausanne",GVA,46.22461,6.13268,50.46,"WiFi,Gym,Pool,Spa",COMFORT_ROOM,ROOM_ONLY,495,Vaud,city,2.4,8,3,32,215,FALSE,Summer,FALSE,TRUE,17.9,14.7,22.3,3.2,0,10.2,FALSE,IHG (InterContinental),TRUE
03.08.2026,Monday,Lausanne,RTGVAGAR,ibis Geneve Centre Gare,164.3,CHF,3.5,"Kirchgasse 27, Lausanne",GVA,46.20765,6.13827,51.39,"WiFi,24h Reception,Luggage Storage",STANDARD_ROOM,ROOM_ONLY,495,Vaud,city,4.1,8,3,32,215,FALSE,Summer,FALSE,TRUE,15.4,10.3,18.9,2.8,0,10,FALSE,Accor (ibis),TRUE
03.08.2026,Monday,Lausanne,RTGVARES,Résidence Studio Genève Centre,154.11,CHF,3.7,"Hauptstrasse 12, Lausanne",GVA,46.2117,6.14696,50.59,"WiFi,24h Reception,Luggage Storage",STANDARD_ROOM,ROOM_ONLY,495,Vaud,city,4.1,8,3,32,215,FALSE,Summer,FALSE,TRUE,17.8,11.4,23.2,0,0,7.9,FALSE,Independent,FALSE
03.08.2026,Monday,Luzern,BWZRH091,BEST WESTERN HOTEL ZURCHERHOF,236.84,CHF,4,"Marktplatz 25, Luzern",ZRH,47.37503,8.54445,40.25,"WiFi,24h Reception,Luggage Storage",STANDARD_ROOM,BREAKFAST,435,Lucerne,city,10,8,3,32,215,FALSE,Summer,FALSE,TRUE,15.8,9.1,20.3,0,0,7.3,FALSE,Best Western,TRUE
03.08.2026,Monday,Luzern,MCZRHDTM,Zurich Marriott Hotel,505,CHF,4.8,"Hauptstrasse 17, Luzern",ZRH,47.38247,8.54026,40.86,"WiFi,Parking,Breakfast",STANDARD_ROOM,ROOM_ONLY,435,Lucerne,city,9.2,8,3,32,215,FALSE,Summer,FALSE,TRUE,17,10,21.1,3.7,0,7.5,FALSE,Marriott,TRUE
03.08.2026,Monday,Luzern,ONZRHCTY,HOTEL CITY,203.22,CHF,3.7,"Kirchgasse 32, Luzern",ZRH,47.37474,8.53611,39.95,"WiFi,Gym,Pool,Spa",BUDGET_ROOM,ROOM_ONLY,435,Lucerne,city,10.1,8,3,32,215,FALSE,Summer,FALSE,TRUE,18.8,13.7,22,1.9,0,7.5,FALSE,Independent,FALSE
03.08.2026,Monday,Luzern,XKZRH001,Hotel du Lac,99.95,CHF,3,"Marktplatz 49, Luzern",ZRH,47.36649,8.53675,39.14,"WiFi,Restaurant,Room Service",STANDARD_ROOM,BREAKFAST,435,Lucerne,city,11,8,3,32,215,FALSE,Summer,FALSE,TRUE,16.7,11.4,23.3,2.5,0,9.3,FALSE,Independent,FALSE
03.08.2026,Monday,St. Gallen,BWZRH091,BEST WESTERN HOTEL ZURCHERHOF,283.63,CHF,4.1,"Poststrasse 51, St. Gallen",ZRH,47.37503,8.54445,62.88,"WiFi,Gym,Pool,Spa",STANDARD_ROOM,BREAKFAST,675,St. Gallen,city,10,8,3,32,215,FALSE,Summer,FALSE,TRUE,18.2,11.7,24,2.5,0,8.7,FALSE,Best Western,TRUE
03.08.2026,Monday,St. Gallen,MCZRHDTM,Zurich Marriott Hotel,620.14,CHF,4.8,"Bahnhofstrasse 59, St. Gallen",ZRH,47.38247,8.54026,63.12,"WiFi,Restaurant,Room Service",STANDARD_ROOM,ROOM_ONLY,675,St. Gallen,city,9.2,8,3,32,215,FALSE,Summer,FALSE,TRUE,13.9,8.8,19.9,0,0,9.3,FALSE,Marriott,TRUE
03.08.2026,Monday,St. Gallen,ONZRHCTY,HOTEL CITY,234.92,CHF,3.9,"Kirchgasse 48, St. Gallen",ZRH,47.37474,8.53611,63.51,"WiFi,Restaurant,Room Service",BUDGET_ROOM,ROOM_ONLY,675,St. Gallen,city,10.1,8,3,32,215,FALSE,Summer,FALSE,TRUE,16.1,10.4,22.8,4.3,0,10,FALSE,Independent,FALSE
03.08.2026,Monday,St. Gallen,XKZRH001,Hotel du Lac,116.5,CHF,2.9,"Kirchgasse 13, St. Gallen",ZRH,47.36649,8.53675,63.55,"WiFi,Gym,Pool,Spa",STANDARD_ROOM,BREAKFAST,675,St. Gallen,city,11,8,3,32,215,FALSE,Summer,FALSE,TRUE,12.8,8.3,19.5,0,0,10,FALSE,Independent,FALSE
03.08.2026,Monday,St. Moritz,BWZRH091,BEST WESTERN HOTEL ZURCHERHOF,253.06,CHF,4.3,"Bahnhofstrasse 94, St. Moritz",ZRH,47.37503,8.54445,138.28,"WiFi,Parking,Restaurant,Bar",STANDARD_ROOM,BREAKFAST,1856,Graubuenden,alpine_ski_resort,10,8,3,32,215,FALSE,Summer,FALSE,TRUE,9,3.4,12.1,0,0,7.1,FALSE,Best Western,TRUE
03.08.2026,Monday,St. Moritz,MCZRHDTM,Zurich Marriott Hotel,563.4,CHF,4.4,"Poststrasse 64, St. Moritz",ZRH,47.38247,8.54026,139.08,"WiFi,Parking,Breakfast",STANDARD_ROOM,ROOM_ONLY,1856,Graubuenden,alpine_ski_resort,9.2,8,3,32,215,FALSE,Summer,FALSE,TRUE,9.2,2.5,14.8,0,0,7.4,FALSE,Marriott,TRUE
03.08.2026,Monday,St. Moritz,ONZRHCTY,HOTEL CITY,209.17,CHF,3.5,"Hauptstrasse 57, St. Moritz",ZRH,47.37474,8.53611,138.7,"WiFi,Gym,Pool,Spa",BUDGET_ROOM,ROOM_ONLY,1856,Graubuenden,alpine_ski_resort,10.1,8,3,32,215,FALSE,Summer,FALSE,TRUE,10.3,3.4,16.1,5.8,0,8.5,FALSE,Independent,FALSE
03.08.2026,Monday,St. Moritz,XKZRH001,Hotel du Lac,101.58,CHF,3.3,"Poststrasse 20, St. Moritz",ZRH,47.36649,8.53675,138.03,"WiFi,Restaurant,Room Service",STANDARD_ROOM,BREAKFAST,1856,Graubuenden,alpine_ski_resort,11,8,3,32,215,FALSE,Summer,FALSE,TRUE,10.3,6.7,14.6,2.6,0,10.2,FALSE,Independent,FALSE
03.08.2026,Monday,Winterthur,BWZRH091,BEST WESTERN HOTEL ZURCHERHOF,287.2,CHF,3.7,"Bahnhofstrasse 54, Winterthur",ZRH,47.37503,8.54445,20.79,"WiFi,Restaurant,Room Service",STANDARD_ROOM,BREAKFAST,439,Zurich,city,10,8,3,32,215,FALSE,Summer,FALSE,TRUE,19,13.7,25,7.6,0,8.5,FALSE,Best Western,TRUE
03.08.2026,Monday,Winterthur,MCZRHDTM,Zurich Marriott Hotel,644.12,CHF,4.6,"Hauptstrasse 77, Winterthur",ZRH,47.38247,8.54026,20.48,"WiFi,Gym,Pool,Spa",STANDARD_ROOM,ROOM_ONLY,439,Zurich,city,9.2,8,3,32,215,FALSE,Summer,FALSE,TRUE,20,15.4,24.8,1.4,0,9.1,FALSE,Marriott,TRUE
03.08.2026,Monday,Winterthur,ONZRHCTY,HOTEL CITY,245.66,CHF,4,"Marktplatz 7, Winterthur",ZRH,47.37474,8.53611,21.28,"WiFi,24h Reception,Luggage Storage",BUDGET_ROOM,ROOM_ONLY,439,Zurich,city,10.1,8,3,32,215,FALSE,Summer,FALSE,TRUE,15.6,12.2,19.4,0.6,0,10.2,FALSE,Independent,FALSE
03.08.2026,Monday,Winterthur,XKZRH001,Hotel du Lac,117.09,CHF,2.9,"Poststrasse 31, Winterthur",ZRH,47.36649,8.53675,21.86,"WiFi,Gym,Pool,Spa",STANDARD_ROOM,BREAKFAST,439,Zurich,city,11,8,3,32,215,FALSE,Summer,FALSE,TRUE,17.7,11.8,21.2,0,0,8.5,FALSE,Independent,FALSE
03.08.2026,Monday,Zermatt,BWZRH091,BEST WESTERN HOTEL ZURCHERHOF,255.35,CHF,4.1,"Poststrasse 16, Zermatt",ZRH,47.37503,8.54445,162.35,"WiFi,Parking,Breakfast",STANDARD_ROOM,BREAKFAST,1620,Valais,alpine_ski_resort,10,8,3,32,215,FALSE,Summer,FALSE,TRUE,8,1.1,13.8,0.3,0,9.4,FALSE,Best Western,TRUE
03.08.2026,Monday,Zermatt,MCZRHDTM,Zurich Marriott Hotel,563.54,CHF,4.4,"Kirchgasse 64, Zermatt",ZRH,47.38247,8.54026,163,"WiFi,Gym,Pool,Spa",STANDARD_ROOM,ROOM_ONLY,1620,Valais,alpine_ski_resort,9.2,8,3,32,215,FALSE,Summer,FALSE,TRUE,7.9,2.7,11.7,5.2,0,10.4,FALSE,Marriott,TRUE
03.08.2026,Monday,Zermatt,ONZRHCTY,HOTEL CITY,213.59,CHF,3.5,"Hauptstrasse 74, Zermatt",ZRH,47.37474,8.53611,162.08,"WiFi,24h Reception,Luggage Storage",BUDGET_ROOM,ROOM_ONLY,1620,Valais,alpine_ski_resort,10.1,8,3,32,215,FALSE,Summer,FALSE,TRUE,11.2,5.3,15.3,3.4,0,10.5,FALSE,Independent,FALSE
03.08.2026,Monday,Zermatt,XKZRH001,Hotel du Lac,105.52,CHF,2.7,"Bahnhofstrasse 2, Zermatt",ZRH,47.36649,8.53675,161.25,"WiFi,Gym,Pool,Spa",STANDARD_ROOM,BREAKFAST,1620,Valais,alpine_ski_resort,11,8,3,32,215,FALSE,Summer,FALSE,TRUE,7.7,0.9,13.1,0,0,7.5,FALSE,Independent,FALSE
03.08.2026,Monday,Zuerich,BWZRH091,BEST WESTERN HOTEL ZURCHERHOF,271.95,CHF,4,"Kirchgasse 42, Zuerich",ZRH,47.37503,8.54445,0.29,"WiFi,Parking,Restaurant,Bar",STANDARD_ROOM,BREAKFAST,408,Zurich,city,10,8,3,32,215,FALSE,Summer,FALSE,TRUE,16.3,9.5,22.9,5.2,0,7.1,FALSE,Best Western,TRUE
03.08.2026,Monday,Zuerich,MCZRHDTM,Zurich Marriott Hotel,660.18,CHF,4.7,"Marktplatz 3, Zuerich",ZRH,47.38247,8.54026,0.63,"WiFi,Gym,Pool,Spa",STANDARD_ROOM,ROOM_ONLY,408,Zurich,city,9.2,8,3,32,215,FALSE,Summer,FALSE,TRUE,14.4,10.2,19.7,2,0,8,FALSE,Marriott,TRUE
03.08.2026,Monday,Zuerich,ONZRHCTY,HOTEL CITY,238.7,CHF,3.9,"Bahnhofstrasse 33, Zuerich",ZRH,47.37474,8.53611,0.48,"WiFi,Restaurant,Room Service",BUDGET_ROOM,ROOM_ONLY,408,Zurich,city,10.1,8,3,32,215,FALSE,Summer,FALSE,TRUE,20.1,13.7,24,3.8,0,10.3,FALSE,Independent,FALSE
03.08.2026,Monday,Zuerich,XKZRH001,Hotel du Lac,117.84,CHF,2.9,"Bahnhofstrasse 61, Zuerich",ZRH,47.36649,8.53675,1.22,"WiFi,Parking,Breakfast",STANDARD_ROOM,BREAKFAST,408,Zurich,city,11,8,3,32,215,FALSE,Summer,FALSE,TRUE,19.9,14,26.6,1.9,0,8.9,FALSE,Independent,FALSE
10.08.2026,Monday,Arosa,BWZRH091,BEST WESTERN HOTEL ZURCHERHOF,243.47,CHF,4.1,"Kirchgasse 85, Arosa",ZRH,47.37503,8.54445,107.47,"WiFi,Parking,Restaurant,Bar",STANDARD_ROOM,BREAKFAST,1775,Graubuenden,alpine_ski_resort,10,8,3,33,222,FALSE,Summer,FALSE,TRUE,5.7,-0.9,12.7,4.1,0,7.2,FALSE,Best Western,TRUE
10.08.2026,Monday,Arosa,MCZRHDTM,Zurich Marriott Hotel,482.1,CHF,4.3,"Hauptstrasse 82, Arosa",ZRH,47.38247,8.54026,108.23,"WiFi,Restaurant,Room Service",STANDARD_ROOM,ROOM_ONLY,1775,Graubuenden,alpine_ski_resort,9.2,8,3,33,222,FALSE,Summer,FALSE,TRUE,8.6,2.2,13.1,4.8,0,7.4,FALSE,Marriott,TRUE
10.08.2026,Monday,Arosa,ONZRHCTY,HOTEL CITY,209.01,CHF,3.7,"Marktplatz 56, Arosa",ZRH,47.37474,8.53611,107.95,"WiFi,Parking,Restaurant,Bar",BUDGET_ROOM,ROOM_ONLY,1775,Graubuenden,alpine_ski_resort,10.1,8,3,33,222,FALSE,Summer,FALSE,TRUE,9.3,3.3,15.7,0,0,8.6,FALSE,Independent,FALSE
10.08.2026,Monday,Arosa,XKZRH001,Hotel du Lac,111.04,CHF,2.8,"Poststrasse 31, Arosa",ZRH,47.36649,8.53675,107.36,"WiFi,24h Reception,Luggage Storage",STANDARD_ROOM,BREAKFAST,1775,Graubuenden,alpine_ski_resort,11,8,3,33,222,FALSE,Summer,FALSE,TRUE,8.2,4.7,12,0,0,8.8,FALSE,Independent,FALSE
10.08.2026,Monday,Basel,RTBSLBAH,ibis Basel Bahnhof,109.7,CHF,3.2,"Kirchgasse 53, Basel",BSL,47.54683,7.58427,1.46,"WiFi,Gym,Pool,Spa",STANDARD_ROOM,ROOM_ONLY,260,Basel-Stadt,city,7.2,8,3,33,222,FALSE,Summer,FALSE,TRUE,19.5,15.8,26.1,3.9,0,9.7,FALSE,Accor (ibis),TRUE
10.08.2026,Monday,Bern,BWBRN230,Best Western Plus Hotel Bern,217.54,CHF,3.3,"Kirchgasse 92, Bern",BRN,46.94877,7.44633,0.12,"WiFi,Restaurant,Room Service",STANDARD_ROOM,ROOM_ONLY,542,Bern,city,5.5,8,3,33,222,FALSE,Summer,FALSE,TRUE,14.7,10.8,20.2,2.8,0,7.2,FALSE,Best Western,TRUE
10.08.2026,Monday,Chur,BWZRH091,BEST WESTERN HOTEL ZURCHERHOF,283.06,CHF,4.2,"Bahnhofstrasse 62, Chur",ZRH,47.37503,8.54445,94.9,"WiFi,Gym,Pool,Spa",STANDARD_ROOM,BREAKFAST,593,Graubuenden,city,10,8,3,33,222,FALSE,Summer,FALSE,TRUE,15.8,12.1,19,0.4,0,8.5,FALSE,Best Western,TRUE
10.08.2026,Monday,Chur,MCZRHDTM,Zurich Marriott Hotel,527.62,CHF,4.7,"Hauptstrasse 73, Chur",ZRH,47.38247,8.54026,95.65,"WiFi,Gym,Pool,Spa",STANDARD_ROOM,ROOM_ONLY,593,Graubuenden,city,9.2,8,3,33,222,FALSE,Summer,FALSE,TRUE,14.1,7.8,19.1,0,0,10.2,FALSE,Marriott,TRUE
10.08.2026,Monday,Chur,ONZRHCTY,HOTEL CITY,230.32,CHF,3.9,"Bahnhofstrasse 46, Chur",ZRH,47.37474,8.53611,95.38,"WiFi,Gym,Pool,Spa",BUDGET_ROOM,ROOM_ONLY,593,Graubuenden,city,10.1,8,3,33,222,FALSE,Summer,FALSE,TRUE,13.2,7.3,19.3,0.7,0,10.3,FALSE,Independent,FALSE
10.08.2026,Monday,Chur,XKZRH001,Hotel du Lac,117.1,CHF,2.9,"Hauptstrasse 19, Chur",ZRH,47.36649,8.53675,94.78,"WiFi,Parking,Breakfast",STANDARD_ROOM,BREAKFAST,593,Graubuenden,city,11,8,3,33,222,FALSE,Summer,FALSE,TRUE,13.8,10.4,16.8,6.1,0,10.5,FALSE,Independent,FALSE
10.08.2026,Monday,Genf,ICGVAICA,INTERCONTINENTAL GENEVA,611.13,CHF,4.4,"Marktplatz 78, Genf",GVA,46.22461,6.13268,2.39,"WiFi,Gym,Pool,Spa",COMFORT_ROOM,ROOM_ONLY,375,Geneva,city,2.4,8,3,33,222,FALSE,Summer,FALSE,TRUE,19.4,13.8,24.6,0,0,9.5,FALSE,IHG (InterContinental),TRUE
10.08.2026,Monday,Genf,RTGVAGAR,ibis Geneve Centre Gare,163.78,CHF,3.3,"Marktplatz 86, Genf",GVA,46.20765,6.13827,0.52,"WiFi,24h Reception,Luggage Storage",STANDARD_ROOM,ROOM_ONLY,375,Geneva,city,4.1,8,3,33,222,FALSE,Summer,FALSE,TRUE,16.8,11.1,21.3,5.2,0,9.3,FALSE,Accor (ibis),TRUE
10.08.2026,Monday,Genf,RTGVARES,Résidence Studio Genève Centre,144.5,CHF,2.8,"Marktplatz 88, Genf",GVA,46.2117,6.14696,0.86,"WiFi,Gym,Pool,Spa",STANDARD_ROOM,ROOM_ONLY,375,Geneva,city,4.1,8,3,33,222,FALSE,Summer,FALSE,TRUE,18,11.9,22.9,1,0,6.6,FALSE,Independent,FALSE
10.08.2026,Monday,Interlaken,BWZRH091,BEST WESTERN HOTEL ZURCHERHOF,264.29,CHF,4.3,"Poststrasse 80, Interlaken",ZRH,47.37503,8.54445,92.36,"WiFi,Gym,Pool,Spa",STANDARD_ROOM,BREAKFAST,570,Bern,mountain_resort,10,8,3,33,222,FALSE,Summer,FALSE,TRUE,16.5,10.5,23.2,0.8,0,10,FALSE,Best Western,TRUE
10.08.2026,Monday,Interlaken,MCZRHDTM,Zurich Marriott Hotel,540.18,CHF,4.5,"Poststrasse 89, Interlaken",ZRH,47.38247,8.54026,92.87,"WiFi,Gym,Pool,Spa",STANDARD_ROOM,ROOM_ONLY,570,Bern,mountain_resort,9.2,8,3,33,222,FALSE,Summer,FALSE,TRUE,12.7,6.6,17.2,0,0,10.6,FALSE,Marriott,TRUE
10.08.2026,Monday,Interlaken,ONZRHCTY,HOTEL CITY,238.02,CHF,3.7,"Kirchgasse 22, Interlaken",ZRH,47.37474,8.53611,91.98,"WiFi,Parking,Breakfast",BUDGET_ROOM,ROOM_ONLY,570,Bern,mountain_resort,10.1,8,3,33,222,FALSE,Summer,FALSE,TRUE,16.8,11.5,21,1.5,0,10.4,FALSE,Independent,FALSE
10.08.2026,Monday,Interlaken,XKZRH001,Hotel du Lac,117.28,CHF,3.2,"Bahnhofstrasse 50, Interlaken",ZRH,47.36649,8.53675,91.25,"WiFi,Restaurant,Room Service",STANDARD_ROOM,BREAKFAST,570,Bern,mountain_resort,11,8,3,33,222,FALSE,Summer,FALSE,TRUE,15.7,11.3,22.2,1.1,0,10.1,FALSE,Independent,FALSE
10.08.2026,Monday,Lausanne,ICGVAICA,INTERCONTINENTAL GENEVA,564.74,CHF,4.4,"Hauptstrasse 97, Lausanne",GVA,46.22461,6.13268,50.46,"WiFi,Restaurant,Room Service",COMFORT_ROOM,ROOM_ONLY,495,Vaud,city,2.4,8,3,33,222,FALSE,Summer,FALSE,TRUE,13.2,8.3,18.9,0.3,0,9.3,FALSE,IHG (InterContinental),TRUE
10.08.2026,Monday,Lausanne,RTGVAGAR,ibis Geneve Centre Gare,167.88,CHF,3.4,"Poststrasse 80, Lausanne",GVA,46.20765,6.13827,51.39,"WiFi,Parking,Restaurant,Bar",STANDARD_ROOM,ROOM_ONLY,495,Vaud,city,4.1,8,3,33,222,FALSE,Summer,FALSE,TRUE,15.6,12.4,20.2,5,0,8.1,FALSE,Accor (ibis),TRUE
10.08.2026,Monday,Lausanne,RTGVARES,Résidence Studio Genève Centre,150.76,CHF,2.9,"Hauptstrasse 22, Lausanne",GVA,46.2117,6.14696,50.59,"WiFi,Gym,Pool,Spa",STANDARD_ROOM,ROOM_ONLY,495,Vaud,city,4.1,8,3,33,222,FALSE,Summer,FALSE,TRUE,16.1,9.7,22.6,3.2,0,9.1,FALSE,Independent,FALSE
10.08.2026,Monday,Luzern,BWZRH091,BEST WESTERN HOTEL ZURCHERHOF,231.71,CHF,3.9,"Marktplatz 6, Luzern",ZRH,47.37503,8.54445,40.25,"WiFi,Gym,Pool,Spa",STANDARD_ROOM,BREAKFAST,435,Lucerne,city,10,8,3,33,222,FALSE,Summer,FALSE,TRUE,13.8,8.5,19.5,0,0,7.1,FALSE,Best Western,TRUE
10.08.2026,Monday,Luzern,MCZRHDTM,Zurich Marriott Hotel,474,CHF,4.3,"Bahnhofstrasse 34, Luzern",ZRH,47.38247,8.54026,40.86,"WiFi,Parking,Breakfast",STANDARD_ROOM,ROOM_ONLY,435,Lucerne,city,9.2,8,3,33,222,FALSE,Summer,FALSE,TRUE,16.7,10.1,19.9,6.5,0,8.8,FALSE,Marriott,TRUE
10.08.2026,Monday,Luzern,ONZRHCTY,HOTEL CITY,198.64,CHF,3.4,"Marktplatz 84, Luzern",ZRH,47.37474,8.53611,39.95,"WiFi,Restaurant,Room Service",BUDGET_ROOM,ROOM_ONLY,435,Lucerne,city,10.1,8,3,33,222,FALSE,Summer,FALSE,TRUE,18.3,12.8,25.2,2.4,0,9.3,FALSE,Independent,FALSE
10.08.2026,Monday,Luzern,XKZRH001,Hotel du Lac,101.96,CHF,3.2,"Poststrasse 90, Luzern",ZRH,47.36649,8.53675,39.14,"WiFi,Restaurant,Room Service",STANDARD_ROOM,BREAKFAST,435,Lucerne,city,11,8,3,33,222,FALSE,Summer,FALSE,TRUE,13.8,6.9,17.5,2.5,0,7.3,FALSE,Independent,FALSE
10.08.2026,Monday,St. Gallen,BWZRH091,BEST WESTERN HOTEL ZURCHERHOF,278,CHF,4.1,"Kirchgasse 39, St. Gallen",ZRH,47.37503,8.54445,62.88,"WiFi,Parking,Restaurant,Bar",STANDARD_ROOM,BREAKFAST,675,St. Gallen,city,10,8,3,33,222,FALSE,Summer,FALSE,TRUE,12.6,5.8,19.1,1.5,0,9.7,FALSE,Best Western,TRUE
10.08.2026,Monday,St. Gallen,ONZRHCTY,HOTEL CITY,241.95,CHF,3.9,"Poststrasse 50, St. Gallen",ZRH,47.37474,8.53611,63.51,"WiFi,Restaurant,Room Service",BUDGET_ROOM,ROOM_ONLY,675,St. Gallen,city,10.1,8,3,33,222,FALSE,Summer,FALSE,TRUE,13.4,9.8,17.7,3.8,0,9.5,FALSE,Independent,FALSE
10.08.2026,Monday,St. Moritz,BWZRH091,BEST WESTERN HOTEL ZURCHERHOF,234.02,CHF,4.1,"Marktplatz 51, St. Moritz",ZRH,47.37503,8.54445,138.28,"WiFi,Gym,Pool,Spa",STANDARD_ROOM,BREAKFAST,1856,Graubuenden,alpine_ski_resort,10,8,3,33,222,FALSE,Summer,FALSE,TRUE,6.6,1.2,11.2,2,0,9.4,FALSE,Best Western,TRUE
10.08.2026,Monday,St. Moritz,MCZRHDTM,Zurich Marriott Hotel,492.24,CHF,4.3,"Bahnhofstrasse 8, St. Moritz",ZRH,47.38247,8.54026,139.08,"WiFi,Gym,Pool,Spa",STANDARD_ROOM,ROOM_ONLY,1856,Graubuenden,alpine_ski_resort,9.2,8,3,33,222,FALSE,Summer,FALSE,TRUE,9.2,5.2,13.3,3.7,0,9.3,FALSE,Marriott,TRUE
10.08.2026,Monday,St. Moritz,ONZRHCTY,HOTEL CITY,220.07,CHF,3.3,"Hauptstrasse 62, St. Moritz",ZRH,47.37474,8.53611,138.7,"WiFi,24h Reception,Luggage Storage",BUDGET_ROOM,ROOM_ONLY,1856,Graubuenden,alpine_ski_resort,10.1,8,3,33,222,FALSE,Summer,FALSE,TRUE,8.2,1.8,14.7,3.6,0,10.6,FALSE,Independent,FALSE
10.08.2026,Monday,St. Moritz,XKZRH001,Hotel du Lac,105.23,CHF,2.9,"Kirchgasse 62, St. Moritz",ZRH,47.36649,8.53675,138.03,"WiFi,24h Reception,Luggage Storage",STANDARD_ROOM,BREAKFAST,1856,Graubuenden,alpine_ski_resort,11,8,3,33,222,FALSE,Summer,FALSE,TRUE,8.6,5,14.6,2.5,0,7.1,FALSE,Independent,FALSE
10.08.2026,Monday,Winterthur,BWZRH091,BEST WESTERN HOTEL ZURCHERHOF,288.43,CHF,4.2,"Bahnhofstrasse 84, Winterthur",ZRH,47.37503,8.54445,20.79,"WiFi,Restaurant,Room Service",STANDARD_ROOM,BREAKFAST,439,Zurich,city,10,8,3,33,222,FALSE,Summer,FALSE,TRUE,14.8,9,20.8,3.1,0,9.2,FALSE,Best Western,TRUE
10.08.2026,Monday,Winterthur,MCZRHDTM,Zurich Marriott Hotel,549.27,CHF,4.5,"Kirchgasse 56, Winterthur",ZRH,47.38247,8.54026,20.48,"WiFi,Parking,Restaurant,Bar",STANDARD_ROOM,ROOM_ONLY,439,Zurich,city,9.2,8,3,33,222,FALSE,Summer,FALSE,TRUE,18.1,14.1,21.6,4.9,0,10,FALSE,Marriott,TRUE
10.08.2026,Monday,Winterthur,ONZRHCTY,HOTEL CITY,250.26,CHF,3.8,"Hauptstrasse 2, Winterthur",ZRH,47.37474,8.53611,21.28,"WiFi,Parking,Restaurant,Bar",BUDGET_ROOM,ROOM_ONLY,439,Zurich,city,10.1,8,3,33,222,FALSE,Summer,FALSE,TRUE,14.7,10.4,19.9,4.7,0,8.7,FALSE,Independent,FALSE
10.08.2026,Monday,Winterthur,XKZRH001,Hotel du Lac,117.33,CHF,3.3,"Poststrasse 6, Winterthur",ZRH,47.36649,8.53675,21.86,"WiFi,Parking,Restaurant,Bar",STANDARD_ROOM,BREAKFAST,439,Zurich,city,11,8,3,33,222,FALSE,Summer,FALSE,TRUE,16.5,11.9,21.7,1.5,0,8.4,FALSE,Independent,FALSE
10.08.2026,Monday,Zermatt,BWZRH091,BEST WESTERN HOTEL ZURCHERHOF,250.83,CHF,4.2,"Marktplatz 82, Zermatt",ZRH,47.37503,8.54445,162.35,"WiFi,Gym,Pool,Spa",STANDARD_ROOM,BREAKFAST,1620,Valais,alpine_ski_resort,10,8,3,33,222,FALSE,Summer,FALSE,TRUE,7.7,1.3,11.2,1.6,0,8.5,FALSE,Best Western,TRUE
10.08.2026,Monday,Zermatt,ONZRHCTY,HOTEL CITY,212,CHF,3.5,"Bahnhofstrasse 64, Zermatt",ZRH,47.37474,8.53611,162.08,"WiFi,Parking,Restaurant,Bar",BUDGET_ROOM,ROOM_ONLY,1620,Valais,alpine_ski_resort,10.1,8,3,33,222,FALSE,Summer,FALSE,TRUE,9.7,5.2,15.4,1,0,6.6,FALSE,Independent,FALSE
10.08.2026,Monday,Zuerich,BWZRH091,BEST WESTERN HOTEL ZURCHERHOF,265.82,CHF,4.2,"Bahnhofstrasse 38, Zuerich",ZRH,47.37503,8.54445,0.29,"WiFi,24h Reception,Luggage Storage",STANDARD_ROOM,BREAKFAST,408,Zurich,city,10,8,3,33,222,FALSE,Summer,FALSE,TRUE,15,9.5,19.8,2.5,0,10,FALSE,Best Western,TRUE
10.08.2026,Monday,Zuerich,MCZRHDTM,Zurich Marriott Hotel,534.75,CHF,4.7,"Bahnhofstrasse 25, Zuerich",ZRH,47.38247,8.54026,0.63,"WiFi,Parking,Restaurant,Bar",STANDARD_ROOM,ROOM_ONLY,408,Zurich,city,9.2,8,3,33,222,FALSE,Summer,FALSE,TRUE,16.7,12.4,22.7,1.4,0,10.6,FALSE,Marriott,TRUE
10.08.2026,Monday,Zuerich,ONZRHCTY,HOTEL CITY,234.53,CHF,3.9,"Marktplatz 92, Zuerich",ZRH,47.37474,8.53611,0.48,"WiFi,Gym,Pool,Spa",BUDGET_ROOM,ROOM_ONLY,408,Zurich,city,10.1,8,3,33,222,FALSE,Summer,FALSE,TRUE,16.5,11.3,21.4,1.5,0,7.6,FALSE,Independent,FALSE
10.08.2026,Monday,Zuerich,XKZRH001,Hotel du Lac,124.47,CHF,2.9,"Marktplatz 82, Zuerich",ZRH,47.36649,8.53675,1.22,"WiFi,Gym,Pool,Spa",STANDARD_ROOM,BREAKFAST,408,Zurich,city,11,8,3,33,222,FALSE,Summer,FALSE,TRUE,18.1,13.7,24.9,0.2,0,9,FALSE,Independent,FALSE
17.08.2026,Monday,Arosa,BWZRH091,BEST WESTERN HOTEL ZURCHERHOF,235.59,CHF,3.9,"Bahnhofstrasse 53, Arosa",ZRH,47.37503,8.54445,107.47,"WiFi,24h Reception,Luggage Storage",STANDARD_ROOM,BREAKFAST,1775,Graubuenden,alpine_ski_resort,10,8,3,34,229,FALSE,Summer,FALSE,FALSE,7.9,3,14.7,0,0,7.9,FALSE,Best Western,TRUE
17.08.2026,Monday,Arosa,MCZRHDTM,Zurich Marriott Hotel,484.79,CHF,4.4,"Marktplatz 11, Arosa",ZRH,47.38247,8.54026,108.23,"WiFi,Parking,Breakfast",STANDARD_ROOM,ROOM_ONLY,1775,Graubuenden,alpine_ski_resort,9.2,8,3,34,229,FALSE,Summer,FALSE,FALSE,7.5,3.8,12.3,2.7,0,8.8,FALSE,Marriott,TRUE
17.08.2026,Monday,Arosa,ONZRHCTY,HOTEL CITY,221.63,CHF,3.5,"Kirchgasse 17, Arosa",ZRH,47.37474,8.53611,107.95,"WiFi,24h Reception,Luggage Storage",BUDGET_ROOM,ROOM_ONLY,1775,Graubuenden,alpine_ski_resort,10.1,8,3,34,229,FALSE,Summer,FALSE,FALSE,5.9,-1,12.7,0.8,0,9.1,FALSE,Independent,FALSE
17.08.2026,Monday,Arosa,XKZRH001,Hotel du Lac,102.8,CHF,2.7,"Hauptstrasse 96, Arosa",ZRH,47.36649,8.53675,107.36,"WiFi,Restaurant,Room Service",STANDARD_ROOM,BREAKFAST,1775,Graubuenden,alpine_ski_resort,11,8,3,34,229,FALSE,Summer,FALSE,FALSE,8.6,2.3,13.7,0,0,9,FALSE,Independent,FALSE
17.08.2026,Monday,Basel,RTBSLBAH,ibis Basel Bahnhof,112.46,CHF,3.2,"Bahnhofstrasse 21, Basel",BSL,47.54683,7.58427,1.46,"WiFi,24h Reception,Luggage Storage",STANDARD_ROOM,ROOM_ONLY,260,Basel-Stadt,city,7.2,8,3,34,229,FALSE,Summer,FALSE,FALSE,17.2,11,20.9,3.4,0,7.4,FALSE,Accor (ibis),TRUE
17.08.2026,Monday,Bern,BWBRN230,Best Western Plus Hotel Bern,214.46,CHF,3.6,"Marktplatz 75, Bern",BRN,46.94877,7.44633,0.12,"WiFi,Parking,Restaurant,Bar",STANDARD_ROOM,ROOM_ONLY,542,Bern,city,5.5,8,3,34,229,FALSE,Summer,FALSE,FALSE,16.7,11.8,20.2,0,0,9.5,FALSE,Best Western,TRUE
17.08.2026,Monday,Chur,BWZRH091,BEST WESTERN HOTEL ZURCHERHOF,275.71,CHF,4.2,"Kirchgasse 3, Chur",ZRH,47.37503,8.54445,94.9,"WiFi,Parking,Restaurant,Bar",STANDARD_ROOM,BREAKFAST,593,Graubuenden,city,10,8,3,34,229,FALSE,Summer,FALSE,FALSE,16.2,11.5,19.8,1,0,7.6,FALSE,Best Western,TRUE
17.08.2026,Monday,Chur,MCZRHDTM,Zurich Marriott Hotel,537.97,CHF,4.4,"Hauptstrasse 35, Chur",ZRH,47.38247,8.54026,95.65,"WiFi,24h Reception,Luggage Storage",STANDARD_ROOM,ROOM_ONLY,593,Graubuenden,city,9.2,8,3,34,229,FALSE,Summer,FALSE,FALSE,13,7.5,18,0,0,9.9,FALSE,Marriott,TRUE
17.08.2026,Monday,Chur,ONZRHCTY,HOTEL CITY,228.44,CHF,3.9,"Kirchgasse 33, Chur",ZRH,47.37474,8.53611,95.38,"WiFi,Restaurant,Room Service",BUDGET_ROOM,ROOM_ONLY,593,Graubuenden,city,10.1,8,3,34,229,FALSE,Summer,FALSE,FALSE,11.7,4.9,18.4,1.3,0,6.9,FALSE,Independent,FALSE
17.08.2026,Monday,Chur,XKZRH001,Hotel du Lac,123.44,CHF,3.1,"Marktplatz 69, Chur",ZRH,47.36649,8.53675,94.78,"WiFi,Parking,Restaurant,Bar",STANDARD_ROOM,BREAKFAST,593,Graubuenden,city,11,8,3,34,229,FALSE,Summer,FALSE,FALSE,14.3,8.4,19.3,0,0,8.2,FALSE,Independent,FALSE
17.08.2026,Monday,Genf,ICGVAICA,INTERCONTINENTAL GENEVA,593.24,CHF,4.2,"Bahnhofstrasse 46, Genf",GVA,46.22461,6.13268,2.39,"WiFi,24h Reception,Luggage Storage",COMFORT_ROOM,ROOM_ONLY,375,Geneva,city,2.4,8,3,34,229,FALSE,Summer,FALSE,FALSE,15.5,10.9,21.8,1.6,0,9.1,FALSE,IHG (InterContinental),TRUE
17.08.2026,Monday,Genf,RTGVAGAR,ibis Geneve Centre Gare,157.34,CHF,3.8,"Poststrasse 70, Genf",GVA,46.20765,6.13827,0.52,"WiFi,Gym,Pool,Spa",STANDARD_ROOM,ROOM_ONLY,375,Geneva,city,4.1,8,3,34,229,FALSE,Summer,FALSE,FALSE,15.2,12,18.7,0,0,6.6,FALSE,Accor (ibis),TRUE
17.08.2026,Monday,Genf,RTGVARES,Résidence Studio Genève Centre,142.24,CHF,3.2,"Bahnhofstrasse 73, Genf",GVA,46.2117,6.14696,0.86,"WiFi,Parking,Breakfast",STANDARD_ROOM,ROOM_ONLY,375,Geneva,city,4.1,8,3,34,229,FALSE,Summer,FALSE,FALSE,16.6,13.3,22.2,2.8,0,9.8,FALSE,Independent,FALSE
17.08.2026,Monday,Interlaken,BWZRH091,BEST WESTERN HOTEL ZURCHERHOF,254,CHF,3.8,"Hauptstrasse 65, Interlaken",ZRH,47.37503,8.54445,92.36,"WiFi,24h Reception,Luggage Storage",STANDARD_ROOM,BREAKFAST,570,Bern,mountain_resort,10,8,3,34,229,FALSE,Summer,FALSE,FALSE,15.8,9,21.2,3.9,0,8.3,FALSE,Best Western,TRUE
17.08.2026,Monday,Interlaken,MCZRHDTM,Zurich Marriott Hotel,509.2,CHF,4.3,"Hauptstrasse 90, Interlaken",ZRH,47.38247,8.54026,92.87,"WiFi,Parking,Restaurant,Bar",STANDARD_ROOM,ROOM_ONLY,570,Bern,mountain_resort,9.2,8,3,34,229,FALSE,Summer,FALSE,FALSE,13.8,8.6,19.1,1.9,0,8.3,FALSE,Marriott,TRUE
17.08.2026,Monday,Interlaken,ONZRHCTY,HOTEL CITY,228.79,CHF,4.1,"Bahnhofstrasse 19, Interlaken",ZRH,47.37474,8.53611,91.98,"WiFi,Parking,Restaurant,Bar",BUDGET_ROOM,ROOM_ONLY,570,Bern,mountain_resort,10.1,8,3,34,229,FALSE,Summer,FALSE,FALSE,17.2,11.3,22.7,0,0,9.8,FALSE,Independent,FALSE
17.08.2026,Monday,Interlaken,XKZRH001,Hotel du Lac,115.42,CHF,3,"Hauptstrasse 55, Interlaken",ZRH,47.36649,8.53675,91.25,"WiFi,Parking,Restaurant,Bar",STANDARD_ROOM,BREAKFAST,570,Bern,mountain_resort,11,8,3,34,229,FALSE,Summer,FALSE,FALSE,15.6,10.1,21.4,1,0,7.3,FALSE,Independent,FALSE
17.08.2026,Monday,Lausanne,ICGVAICA,INTERCONTINENTAL GENEVA,563.98,CHF,4.8,"Kirchgasse 30, Lausanne",GVA,46.22461,6.13268,50.46,"WiFi,24h Reception,Luggage Storage",COMFORT_ROOM,ROOM_ONLY,495,Vaud,city,2.4,8,3,34,229,FALSE,Summer,FALSE,FALSE,13.5,7.7,18.8,4.7,0,7.9,FALSE,IHG (InterContinental),TRUE
17.08.2026,Monday,Lausanne,RTGVAGAR,ibis Geneve Centre Gare,156.6,CHF,3.6,"Marktplatz 25, Lausanne",GVA,46.20765,6.13827,51.39,"WiFi,Restaurant,Room Service",STANDARD_ROOM,ROOM_ONLY,495,Vaud,city,4.1,8,3,34,229,FALSE,Summer,FALSE,FALSE,14.1,8.3,17.7,1.9,0,7.8,FALSE,Accor (ibis),TRUE
17.08.2026,Monday,Lausanne,RTGVARES,Résidence Studio Genève Centre,146.14,CHF,3.2,"Hauptstrasse 25, Lausanne",GVA,46.2117,6.14696,50.59,"WiFi,24h Reception,Luggage Storage",STANDARD_ROOM,ROOM_ONLY,495,Vaud,city,4.1,8,3,34,229,FALSE,Summer,FALSE,FALSE,12.7,8.9,15.9,3.6,0,7.7,FALSE,Independent,FALSE
17.08.2026,Monday,Luzern,BWZRH091,BEST WESTERN HOTEL ZURCHERHOF,228.83,CHF,3.7,"Kirchgasse 68, Luzern",ZRH,47.37503,8.54445,40.25,"WiFi,Restaurant,Room Service",STANDARD_ROOM,BREAKFAST,435,Lucerne,city,10,8,3,34,229,FALSE,Summer,FALSE,FALSE,16.1,11.5,21.3,1.1,0,8.6,FALSE,Best Western,TRUE
17.08.2026,Monday,Luzern,MCZRHDTM,Zurich Marriott Hotel,477.33,CHF,4.7,"Kirchgasse 11, Luzern",ZRH,47.38247,8.54026,40.86,"WiFi,Restaurant,Room Service",STANDARD_ROOM,ROOM_ONLY,435,Lucerne,city,9.2,8,3,34,229,FALSE,Summer,FALSE,FALSE,15.9,11.3,19.3,4.2,0,7.5,FALSE,Marriott,TRUE
17.08.2026,Monday,Luzern,ONZRHCTY,HOTEL CITY,205.12,CHF,3.5,"Kirchgasse 57, Luzern",ZRH,47.37474,8.53611,39.95,"WiFi,24h Reception,Luggage Storage",BUDGET_ROOM,ROOM_ONLY,435,Lucerne,city,10.1,8,3,34,229,FALSE,Summer,FALSE,FALSE,13.8,8.3,19.2,3.2,0,9,FALSE,Independent,FALSE
17.08.2026,Monday,Luzern,XKZRH001,Hotel du Lac,99.06,CHF,3.1,"Kirchgasse 87, Luzern",ZRH,47.36649,8.53675,39.14,"WiFi,Parking,Breakfast",STANDARD_ROOM,BREAKFAST,435,Lucerne,city,11,8,3,34,229,FALSE,Summer,FALSE,FALSE,13.2,9,16.6,0,0,7.6,FALSE,Independent,FALSE
17.08.2026,Monday,St. Gallen,BWZRH091,BEST WESTERN HOTEL ZURCHERHOF,266,CHF,4.1,"Kirchgasse 23, St. Gallen",ZRH,47.37503,8.54445,62.88,"WiFi,24h Reception,Luggage Storage",STANDARD_ROOM,BREAKFAST,675,St. Gallen,city,10,8,3,34,229,FALSE,Summer,FALSE,FALSE,15.8,11,21.3,2.2,0,7.7,FALSE,Best Western,TRUE
17.08.2026,Monday,St. Gallen,MCZRHDTM,Zurich Marriott Hotel,526.54,CHF,4.3,"Poststrasse 80, St. Gallen",ZRH,47.38247,8.54026,63.12,"WiFi,Gym,Pool,Spa",STANDARD_ROOM,ROOM_ONLY,675,St. Gallen,city,9.2,8,3,34,229,FALSE,Summer,FALSE,FALSE,12.3,8.1,17.1,1.1,0,8.4,FALSE,Marriott,TRUE
17.08.2026,Monday,St. Gallen,ONZRHCTY,HOTEL CITY,247.54,CHF,3.9,"Poststrasse 58, St. Gallen",ZRH,47.37474,8.53611,63.51,"WiFi,24h Reception,Luggage Storage",BUDGET_ROOM,ROOM_ONLY,675,St. Gallen,city,10.1,8,3,34,229,FALSE,Summer,FALSE,FALSE,11,7.4,17.4,0,0,7.5,FALSE,Independent,FALSE
17.08.2026,Monday,St. Gallen,XKZRH001,Hotel du Lac,122.09,CHF,3.2,"Poststrasse 71, St. Gallen",ZRH,47.36649,8.53675,63.55,"WiFi,Parking,Breakfast",STANDARD_ROOM,BREAKFAST,675,St. Gallen,city,11,8,3,34,229,FALSE,Summer,FALSE,FALSE,14.3,8.8,20.8,4.8,0,9.4,FALSE,Independent,FALSE
17.08.2026,Monday,St. Moritz,BWZRH091,BEST WESTERN HOTEL ZURCHERHOF,234.18,CHF,4,"Poststrasse 85, St. Moritz",ZRH,47.37503,8.54445,138.28,"WiFi,Restaurant,Room Service",STANDARD_ROOM,BREAKFAST,1856,Graubuenden,alpine_ski_resort,10,8,3,34,229,FALSE,Summer,FALSE,FALSE,8.5,3.4,15.2,1.8,0,6.8,FALSE,Best Western,TRUE
17.08.2026,Monday,St. Moritz,MCZRHDTM,Zurich Marriott Hotel,488,CHF,4.5,"Kirchgasse 49, St. Moritz",ZRH,47.38247,8.54026,139.08,"WiFi,Parking,Breakfast",STANDARD_ROOM,ROOM_ONLY,1856,Graubuenden,alpine_ski_resort,9.2,8,3,34,229,FALSE,Summer,FALSE,FALSE,7.7,1.9,13.7,0,0,9.7,FALSE,Marriott,TRUE
17.08.2026,Monday,St. Moritz,ONZRHCTY,HOTEL CITY,204.7,CHF,3.7,"Hauptstrasse 31, St. Moritz",ZRH,47.37474,8.53611,138.7,"WiFi,Parking,Restaurant,Bar",BUDGET_ROOM,ROOM_ONLY,1856,Graubuenden,alpine_ski_resort,10.1,8,3,34,229,FALSE,Summer,FALSE,FALSE,8.5,4.2,12.5,3.2,0,8.6,FALSE,Independent,FALSE
17.08.2026,Monday,St. Moritz,XKZRH001,Hotel du Lac,103.86,CHF,2.7,"Marktplatz 55, St. Moritz",ZRH,47.36649,8.53675,138.03,"WiFi,24h Reception,Luggage Storage",STANDARD_ROOM,BREAKFAST,1856,Graubuenden,alpine_ski_resort,11,8,3,34,229,FALSE,Summer,FALSE,FALSE,6.2,-0.6,11.2,1.6,0,10,FALSE,Independent,FALSE
17.08.2026,Monday,Winterthur,BWZRH091,BEST WESTERN HOTEL ZURCHERHOF,278.82,CHF,3.8,"Hauptstrasse 73, Winterthur",ZRH,47.37503,8.54445,20.79,"WiFi,24h Reception,Luggage Storage",STANDARD_ROOM,BREAKFAST,439,Zurich,city,10,8,3,34,229,FALSE,Summer,FALSE,FALSE,15.3,8.4,18.8,1.8,0,6.4,FALSE,Best Western,TRUE
17.08.2026,Monday,Winterthur,MCZRHDTM,Zurich Marriott Hotel,525.81,CHF,4.2,"Kirchgasse 41, Winterthur",ZRH,47.38247,8.54026,20.48,"WiFi,Parking,Restaurant,Bar",STANDARD_ROOM,ROOM_ONLY,439,Zurich,city,9.2,8,3,34,229,FALSE,Summer,FALSE,FALSE,14.7,9.3,21.4,0.2,0,8.3,FALSE,Marriott,TRUE
17.08.2026,Monday,Winterthur,ONZRHCTY,HOTEL CITY,228.53,CHF,3.7,"Marktplatz 85, Winterthur",ZRH,47.37474,8.53611,21.28,"WiFi,Parking,Breakfast",BUDGET_ROOM,ROOM_ONLY,439,Zurich,city,10.1,8,3,34,229,FALSE,Summer,FALSE,FALSE,14.5,10.5,21.3,3.2,0,8.7,FALSE,Independent,FALSE
17.08.2026,Monday,Winterthur,XKZRH001,Hotel du Lac,112.44,CHF,2.9,"Bahnhofstrasse 36, Winterthur",ZRH,47.36649,8.53675,21.86,"WiFi,Parking,Restaurant,Bar",STANDARD_ROOM,BREAKFAST,439,Zurich,city,11,8,3,34,229,FALSE,Summer,FALSE,FALSE,13.8,10,19.8,2.7,0,7.8,FALSE,Independent,FALSE
17.08.2026,Monday,Zermatt,BWZRH091,BEST WESTERN HOTEL ZURCHERHOF,252.66,CHF,4,"Kirchgasse 83, Zermatt",ZRH,47.37503,8.54445,162.35,"WiFi,Gym,Pool,Spa",STANDARD_ROOM,BREAKFAST,1620,Valais,alpine_ski_resort,10,8,3,34,229,FALSE,Summer,FALSE,FALSE,9,3,15.2,2.6,0,6.9,FALSE,Best Western,TRUE
17.08.2026,Monday,Zermatt,MCZRHDTM,Zurich Marriott Hotel,474.8,CHF,4.2,"Hauptstrasse 91, Zermatt",ZRH,47.38247,8.54026,163,"WiFi,24h Reception,Luggage Storage",STANDARD_ROOM,ROOM_ONLY,1620,Valais,alpine_ski_resort,9.2,8,3,34,229,FALSE,Summer,FALSE,FALSE,8.6,4,12.6,4.1,0,8.8,FALSE,Marriott,TRUE
17.08.2026,Monday,Zermatt,ONZRHCTY,HOTEL CITY,210.22,CHF,3.5,"Bahnhofstrasse 64, Zermatt",ZRH,47.37474,8.53611,162.08,"WiFi,Parking,Restaurant,Bar",BUDGET_ROOM,ROOM_ONLY,1620,Valais,alpine_ski_resort,10.1,8,3,34,229,FALSE,Summer,FALSE,FALSE,9.1,3.8,15.9,5.4,0,6.3,FALSE,Independent,FALSE
17.08.2026,Monday,Zermatt,XKZRH001,Hotel du Lac,106.82,CHF,3,"Marktplatz 28, Zermatt",ZRH,47.36649,8.53675,161.25,"WiFi,Parking,Breakfast",STANDARD_ROOM,BREAKFAST,1620,Valais,alpine_ski_resort,11,8,3,34,229,FALSE,Summer,FALSE,FALSE,10.7,5.5,16.8,0,0,8,FALSE,Independent,FALSE
17.08.2026,Monday,Zuerich,BWZRH091,BEST WESTERN HOTEL ZURCHERHOF,275.69,CHF,4.2,"Marktplatz 91, Zuerich",ZRH,47.37503,8.54445,0.29,"WiFi,Gym,Pool,Spa",STANDARD_ROOM,BREAKFAST,408,Zurich,city,10,8,3,34,229,FALSE,Summer,FALSE,FALSE,16.1,9.5,19.4,4.9,0,7.1,FALSE,Best Western,TRUE
17.08.2026,Monday,Zuerich,MCZRHDTM,Zurich Marriott Hotel,528.16,CHF,4.3,"Bahnhofstrasse 18, Zuerich",ZRH,47.38247,8.54026,0.63,"WiFi,Parking,Breakfast",STANDARD_ROOM,ROOM_ONLY,408,Zurich,city,9.2,8,3,34,229,FALSE,Summer,FALSE,FALSE,16.5,10.7,19.8,1.8,0,6.9,FALSE,Marriott,TRUE
17.08.2026,Monday,Zuerich,ONZRHCTY,HOTEL CITY,246.15,CHF,3.9,"Bahnhofstrasse 14, Zuerich",ZRH,47.37474,8.53611,0.48,"WiFi,Restaurant,Room Service",BUDGET_ROOM,ROOM_ONLY,408,Zurich,city,10.1,8,3,34,229,FALSE,Summer,FALSE,FALSE,14.4,11,20.7,1.5,0,9.1,FALSE,Independent,FALSE
17.08.2026,Monday,Zuerich,XKZRH001,Hotel du Lac,119.36,CHF,2.8,"Marktplatz 30, Zuerich",ZRH,47.36649,8.53675,1.22,"WiFi,24h Reception,Luggage Storage",STANDARD_ROOM,BREAKFAST,408,Zurich,city,11,8,3,34,229,FALSE,Summer,FALSE,FALSE,16.3,12.3,21,2.2,0,9,FALSE,Independent,FALSE
24.08.2026,Monday,Arosa,BWZRH091,BEST WESTERN HOTEL ZURCHERHOF,243.99,CHF,4.2,"Bahnhofstrasse 58, Arosa",ZRH,47.37503,8.54445,107.47,"WiFi,Parking,Restaurant,Bar",STANDARD_ROOM,BREAKFAST,1775,Graubuenden,alpine_ski_resort,10,8,3,35,236,FALSE,Summer,FALSE,FALSE,3.5,-0.3,7,0.4,0,7.7,FALSE,Best Western,TRUE
24.08.2026,Monday,Arosa,MCZRHDTM,Zurich Marriott Hotel,542.08,CHF,4.6,"Poststrasse 96, Arosa",ZRH,47.38247,8.54026,108.23,"WiFi,Parking,Breakfast",DELUXE_ROOM,ROOM_ONLY,1775,Graubuenden,alpine_ski_resort,9.2,8,3,35,236,FALSE,Summer,FALSE,FALSE,6.9,2.6,13.4,1.6,0,8.3,FALSE,Marriott,TRUE
24.08.2026,Monday,Arosa,ONZRHCTY,HOTEL CITY,210.58,CHF,3.3,"Marktplatz 49, Arosa",ZRH,47.37474,8.53611,107.95,"WiFi,24h Reception,Luggage Storage",BUDGET_ROOM,ROOM_ONLY,1775,Graubuenden,alpine_ski_resort,10.1,8,3,35,236,FALSE,Summer,FALSE,FALSE,6.6,0.6,12.7,2.6,0,7.5,FALSE,Independent,FALSE
24.08.2026,Monday,Arosa,XKZRH001,Hotel du Lac,101.36,CHF,3.2,"Kirchgasse 42, Arosa",ZRH,47.36649,8.53675,107.36,"WiFi,Restaurant,Room Service",STANDARD_ROOM,BREAKFAST,1775,Graubuenden,alpine_ski_resort,11,8,3,35,236,FALSE,Summer,FALSE,FALSE,8.3,2.1,11.9,0,0,7.7,FALSE,Independent,FALSE
24.08.2026,Monday,Basel,RTBSLBAH,ibis Basel Bahnhof,113.63,CHF,2.9,"Marktplatz 62, Basel",BSL,47.54683,7.58427,1.46,"WiFi,Parking,Restaurant,Bar",STANDARD_ROOM,ROOM_ONLY,260,Basel-Stadt,city,7.2,8,3,35,236,FALSE,Summer,FALSE,FALSE,14.3,11,21.1,4.3,0,7.6,FALSE,Accor (ibis),TRUE
24.08.2026,Monday,Bern,BWBRN230,Best Western Plus Hotel Bern,212.58,CHF,3.5,"Marktplatz 55, Bern",BRN,46.94877,7.44633,0.12,"WiFi,Restaurant,Room Service",STANDARD_ROOM,ROOM_ONLY,542,Bern,city,5.5,8,3,35,236,FALSE,Summer,FALSE,FALSE,14.4,8.5,18.8,0.6,0,7.8,FALSE,Best Western,TRUE
24.08.2026,Monday,Chur,BWZRH091,BEST WESTERN HOTEL ZURCHERHOF,259.13,CHF,3.7,"Marktplatz 37, Chur",ZRH,47.37503,8.54445,94.9,"WiFi,Restaurant,Room Service",STANDARD_ROOM,BREAKFAST,593,Graubuenden,city,10,8,3,35,236,FALSE,Summer,FALSE,FALSE,15,12,18.7,0,0,8.1,FALSE,Best Western,TRUE
24.08.2026,Monday,Chur,MCZRHDTM,Zurich Marriott Hotel,615.17,CHF,4.6,"Marktplatz 51, Chur",ZRH,47.38247,8.54026,95.65,"WiFi,Parking,Restaurant,Bar",DELUXE_ROOM,ROOM_ONLY,593,Graubuenden,city,9.2,8,3,35,236,FALSE,Summer,FALSE,FALSE,14.6,7.7,20.8,1.9,0,6,FALSE,Marriott,TRUE
24.08.2026,Monday,Chur,ONZRHCTY,HOTEL CITY,243.73,CHF,3.7,"Poststrasse 36, Chur",ZRH,47.37474,8.53611,95.38,"WiFi,Parking,Restaurant,Bar",BUDGET_ROOM,ROOM_ONLY,593,Graubuenden,city,10.1,8,3,35,236,FALSE,Summer,FALSE,FALSE,15.9,11.3,22.3,3.8,0,8.1,FALSE,Independent,FALSE
24.08.2026,Monday,Chur,XKZRH001,Hotel du Lac,110.19,CHF,3.3,"Marktplatz 9, Chur",ZRH,47.36649,8.53675,94.78,"WiFi,Restaurant,Room Service",STANDARD_ROOM,BREAKFAST,593,Graubuenden,city,11,8,3,35,236,FALSE,Summer,FALSE,FALSE,11,7.7,18,4.2,0,6.5,FALSE,Independent,FALSE
24.08.2026,Monday,Genf,ICGVAICA,INTERCONTINENTAL GENEVA,586.81,CHF,4.5,"Marktplatz 28, Genf",GVA,46.22461,6.13268,2.39,"WiFi,Parking,Restaurant,Bar",COMFORT_ROOM,ROOM_ONLY,375,Geneva,city,2.4,8,3,35,236,FALSE,Summer,FALSE,FALSE,13,7.9,17.7,2.5,0,9.3,FALSE,IHG (InterContinental),TRUE
24.08.2026,Monday,Genf,RTGVAGAR,ibis Geneve Centre Gare,148.96,CHF,3.2,"Hauptstrasse 53, Genf",GVA,46.20765,6.13827,0.52,"WiFi,Restaurant,Room Service",STANDARD_ROOM,ROOM_ONLY,375,Geneva,city,4.1,8,3,35,236,FALSE,Summer,FALSE,FALSE,14.5,9.4,17.6,0.6,0,9,FALSE,Accor (ibis),TRUE
24.08.2026,Monday,Genf,RTGVARES,Résidence Studio Genève Centre,142.79,CHF,3,"Kirchgasse 67, Genf",GVA,46.2117,6.14696,0.86,"WiFi,Gym,Pool,Spa",STANDARD_ROOM,ROOM_ONLY,375,Geneva,city,4.1,8,3,35,236,FALSE,Summer,FALSE,FALSE,14.6,8.8,18.7,0,0,6,FALSE,Independent,FALSE
24.08.2026,Monday,Interlaken,BWZRH091,BEST WESTERN HOTEL ZURCHERHOF,265.93,CHF,3.9,"Hauptstrasse 91, Interlaken",ZRH,47.37503,8.54445,92.36,"WiFi,Restaurant,Room Service",STANDARD_ROOM,BREAKFAST,570,Bern,mountain_resort,10,8,3,35,236,FALSE,Summer,FALSE,FALSE,15.9,9.6,21.2,0,0,6.6,FALSE,Best Western,TRUE
24.08.2026,Monday,Interlaken,MCZRHDTM,Zurich Marriott Hotel,577.37,CHF,4.5,"Poststrasse 86, Interlaken",ZRH,47.38247,8.54026,92.87,"WiFi,24h Reception,Luggage Storage",DELUXE_ROOM,ROOM_ONLY,570,Bern,mountain_resort,9.2,8,3,35,236,FALSE,Summer,FALSE,FALSE,14.9,10.9,19.6,2.4,0,8,FALSE,Marriott,TRUE
24.08.2026,Monday,Interlaken,ONZRHCTY,HOTEL CITY,223.25,CHF,3.4,"Marktplatz 11, Interlaken",ZRH,47.37474,8.53611,91.98,"WiFi,Restaurant,Room Service",BUDGET_ROOM,ROOM_ONLY,570,Bern,mountain_resort,10.1,8,3,35,236,FALSE,Summer,FALSE,FALSE,11.4,6.4,18,2.5,0,6.4,FALSE,Independent,FALSE
24.08.2026,Monday,Interlaken,XKZRH001,Hotel du Lac,109.32,CHF,3.3,"Kirchgasse 31, Interlaken",ZRH,47.36649,8.53675,91.25,"WiFi,Parking,Restaurant,Bar",STANDARD_ROOM,BREAKFAST,570,Bern,mountain_resort,11,8,3,35,236,FALSE,Summer,FALSE,FALSE,13.6,9.3,20.3,2.6,0,6.2,FALSE,Independent,FALSE
24.08.2026,Monday,Lausanne,ICGVAICA,INTERCONTINENTAL GENEVA,536.62,CHF,4.6,"Bahnhofstrasse 92, Lausanne",GVA,46.22461,6.13268,50.46,"WiFi,24h Reception,Luggage Storage",COMFORT_ROOM,ROOM_ONLY,495,Vaud,city,2.4,8,3,35,236,FALSE,Summer,FALSE,FALSE,16.6,9.6,22.4,0,0,9.6,FALSE,IHG (InterContinental),TRUE
24.08.2026,Monday,Lausanne,RTGVAGAR,ibis Geneve Centre Gare,151.96,CHF,2.9,"Poststrasse 93, Lausanne",GVA,46.20765,6.13827,51.39,"WiFi,Restaurant,Room Service",STANDARD_ROOM,ROOM_ONLY,495,Vaud,city,4.1,8,3,35,236,FALSE,Summer,FALSE,FALSE,15.8,12.4,21.8,0,0,8.5,FALSE,Accor (ibis),TRUE
24.08.2026,Monday,Lausanne,RTGVARES,Résidence Studio Genève Centre,143.57,CHF,2.8,"Bahnhofstrasse 69, Lausanne",GVA,46.2117,6.14696,50.59,"WiFi,Parking,Restaurant,Bar",STANDARD_ROOM,ROOM_ONLY,495,Vaud,city,4.1,8,3,35,236,FALSE,Summer,FALSE,FALSE,12.4,5.6,16,0,0,8.3,FALSE,Independent,FALSE
24.08.2026,Monday,Luzern,BWZRH091,BEST WESTERN HOTEL ZURCHERHOF,239.17,CHF,3.9,"Bahnhofstrasse 85, Luzern",ZRH,47.37503,8.54445,40.25,"WiFi,Restaurant,Room Service",STANDARD_ROOM,BREAKFAST,435,Lucerne,city,10,8,3,35,236,FALSE,Summer,FALSE,FALSE,14.1,10.3,20.3,3,0,8.3,FALSE,Best Western,TRUE
24.08.2026,Monday,Luzern,MCZRHDTM,Zurich Marriott Hotel,500.22,CHF,4.5,"Bahnhofstrasse 86, Luzern",ZRH,47.38247,8.54026,40.86,"WiFi,Restaurant,Room Service",DELUXE_ROOM,ROOM_ONLY,435,Lucerne,city,9.2,8,3,35,236,FALSE,Summer,FALSE,FALSE,14.3,8.6,18.3,0.9,0,7.1,FALSE,Marriott,TRUE
24.08.2026,Monday,Luzern,ONZRHCTY,HOTEL CITY,198.93,CHF,3.6,"Kirchgasse 9, Luzern",ZRH,47.37474,8.53611,39.95,"WiFi,Parking,Breakfast",BUDGET_ROOM,ROOM_ONLY,435,Lucerne,city,10.1,8,3,35,236,FALSE,Summer,FALSE,FALSE,14.7,9.4,18.1,3.4,0,8.7,FALSE,Independent,FALSE
24.08.2026,Monday,Luzern,XKZRH001,Hotel du Lac,99.6,CHF,2.9,"Hauptstrasse 28, Luzern",ZRH,47.36649,8.53675,39.14,"WiFi,24h Reception,Luggage Storage",STANDARD_ROOM,BREAKFAST,435,Lucerne,city,11,8,3,35,236,FALSE,Summer,FALSE,FALSE,13.1,6.4,19.1,2.5,0,9,FALSE,Independent,FALSE
24.08.2026,Monday,St. Gallen,BWZRH091,BEST WESTERN HOTEL ZURCHERHOF,256.68,CHF,4.2,"Kirchgasse 31, St. Gallen",ZRH,47.37503,8.54445,62.88,"WiFi,Parking,Restaurant,Bar",STANDARD_ROOM,BREAKFAST,675,St. Gallen,city,10,8,3,35,236,FALSE,Summer,FALSE,FALSE,13.8,9.1,20.4,0,0,6.6,FALSE,Best Western,TRUE
24.08.2026,Monday,St. Gallen,MCZRHDTM,Zurich Marriott Hotel,613.49,CHF,4.7,"Poststrasse 47, St. Gallen",ZRH,47.38247,8.54026,63.12,"WiFi,Restaurant,Room Service",DELUXE_ROOM,ROOM_ONLY,675,St. Gallen,city,9.2,8,3,35,236,FALSE,Summer,FALSE,FALSE,10.5,5.4,13.6,0,0,6.2,FALSE,Marriott,TRUE
24.08.2026,Monday,St. Gallen,ONZRHCTY,HOTEL CITY,233.15,CHF,4.1,"Kirchgasse 48, St. Gallen",ZRH,47.37474,8.53611,63.51,"WiFi,24h Reception,Luggage Storage",BUDGET_ROOM,ROOM_ONLY,675,St. Gallen,city,10.1,8,3,35,236,FALSE,Summer,FALSE,FALSE,12.1,5.9,15.3,4.1,0,9.4,FALSE,Independent,FALSE
24.08.2026,Monday,St. Gallen,XKZRH001,Hotel du Lac,110.58,CHF,3.1,"Hauptstrasse 21, St. Gallen",ZRH,47.36649,8.53675,63.55,"WiFi,Restaurant,Room Service",STANDARD_ROOM,BREAKFAST,675,St. Gallen,city,11,8,3,35,236,FALSE,Summer,FALSE,FALSE,13.8,8.4,17.3,3.2,0,9.3,FALSE,Independent,FALSE
24.08.2026,Monday,St. Moritz,BWZRH091,BEST WESTERN HOTEL ZURCHERHOF,232.16,CHF,4.2,"Hauptstrasse 30, St. Moritz",ZRH,47.37503,8.54445,138.28,"WiFi,Parking,Restaurant,Bar",STANDARD_ROOM,BREAKFAST,1856,Graubuenden,alpine_ski_resort,10,8,3,35,236,FALSE,Summer,FALSE,FALSE,4.1,-1.2,9.3,3.1,0,6.1,FALSE,Best Western,TRUE
24.08.2026,Monday,St. Moritz,MCZRHDTM,Zurich Marriott Hotel,544.09,CHF,4.3,"Kirchgasse 34, St. Moritz",ZRH,47.38247,8.54026,139.08,"WiFi,Gym,Pool,Spa",DELUXE_ROOM,ROOM_ONLY,1856,Graubuenden,alpine_ski_resort,9.2,8,3,35,236,FALSE,Summer,FALSE,FALSE,7.5,3.3,11.4,1.4,0,9.4,FALSE,Marriott,TRUE
24.08.2026,Monday,St. Moritz,ONZRHCTY,HOTEL CITY,206.77,CHF,3.6,"Kirchgasse 16, St. Moritz",ZRH,47.37474,8.53611,138.7,"WiFi,Parking,Breakfast",BUDGET_ROOM,ROOM_ONLY,1856,Graubuenden,alpine_ski_resort,10.1,8,3,35,236,FALSE,Summer,FALSE,FALSE,8.1,5,11.3,3.6,0,8,FALSE,Independent,FALSE
24.08.2026,Monday,St. Moritz,XKZRH001,Hotel du Lac,102.01,CHF,3.3,"Kirchgasse 73, St. Moritz",ZRH,47.36649,8.53675,138.03,"WiFi,Parking,Breakfast",STANDARD_ROOM,BREAKFAST,1856,Graubuenden,alpine_ski_resort,11,8,3,35,236,FALSE,Summer,FALSE,FALSE,4.3,-1.7,9.8,2.2,0,7.1,FALSE,Independent,FALSE
24.08.2026,Monday,Winterthur,BWZRH091,BEST WESTERN HOTEL ZURCHERHOF,267.07,CHF,3.9,"Poststrasse 52, Winterthur",ZRH,47.37503,8.54445,20.79,"WiFi,24h Reception,Luggage Storage",STANDARD_ROOM,BREAKFAST,439,Zurich,city,10,8,3,35,236,FALSE,Summer,FALSE,FALSE,13.2,7.3,16.5,4.2,0,8.5,FALSE,Best Western,TRUE
24.08.2026,Monday,Winterthur,MCZRHDTM,Zurich Marriott Hotel,568.85,CHF,4.7,"Poststrasse 46, Winterthur",ZRH,47.38247,8.54026,20.48,"WiFi,Gym,Pool,Spa",DELUXE_ROOM,ROOM_ONLY,439,Zurich,city,9.2,8,3,35,236,FALSE,Summer,FALSE,FALSE,15.6,8.9,19.5,1.6,0,8.6,FALSE,Marriott,TRUE
24.08.2026,Monday,Winterthur,ONZRHCTY,HOTEL CITY,240.98,CHF,4.1,"Bahnhofstrasse 17, Winterthur",ZRH,47.37474,8.53611,21.28,"WiFi,Parking,Breakfast",BUDGET_ROOM,ROOM_ONLY,439,Zurich,city,10.1,8,3,35,236,FALSE,Summer,FALSE,FALSE,12.1,5.5,16,2.3,0,7.4,FALSE,Independent,FALSE
24.08.2026,Monday,Winterthur,XKZRH001,Hotel du Lac,118.16,CHF,3.1,"Hauptstrasse 56, Winterthur",ZRH,47.36649,8.53675,21.86,"WiFi,24h Reception,Luggage Storage",STANDARD_ROOM,BREAKFAST,439,Zurich,city,11,8,3,35,236,FALSE,Summer,FALSE,FALSE,12.5,6,16,3.9,0,9,FALSE,Independent,FALSE
24.08.2026,Monday,Zermatt,BWZRH091,BEST WESTERN HOTEL ZURCHERHOF,247.83,CHF,3.9,"Poststrasse 28, Zermatt",ZRH,47.37503,8.54445,162.35,"WiFi,Parking,Restaurant,Bar",STANDARD_ROOM,BREAKFAST,1620,Valais,alpine_ski_resort,10,8,3,35,236,FALSE,Summer,FALSE,FALSE,4.6,-0.8,8.5,2,0,8.2,FALSE,Best Western,TRUE
24.08.2026,Monday,Zermatt,MCZRHDTM,Zurich Marriott Hotel,511.53,CHF,4.6,"Poststrasse 53, Zermatt",ZRH,47.38247,8.54026,163,"WiFi,24h Reception,Luggage Storage",DELUXE_ROOM,ROOM_ONLY,1620,Valais,alpine_ski_resort,9.2,8,3,35,236,FALSE,Summer,FALSE,FALSE,8.7,4.4,12.1,0,0,5.9,FALSE,Marriott,TRUE
24.08.2026,Monday,Zermatt,ONZRHCTY,HOTEL CITY,220.72,CHF,3.6,"Poststrasse 91, Zermatt",ZRH,47.37474,8.53611,162.08,"WiFi,24h Reception,Luggage Storage",BUDGET_ROOM,ROOM_ONLY,1620,Valais,alpine_ski_resort,10.1,8,3,35,236,FALSE,Summer,FALSE,FALSE,8.4,1.6,15.4,4.3,0,8.4,FALSE,Independent,FALSE
24.08.2026,Monday,Zermatt,XKZRH001,Hotel du Lac,106.96,CHF,3.2,"Marktplatz 40, Zermatt",ZRH,47.36649,8.53675,161.25,"WiFi,Gym,Pool,Spa",STANDARD_ROOM,BREAKFAST,1620,Valais,alpine_ski_resort,11,8,3,35,236,FALSE,Summer,FALSE,FALSE,9.4,5.7,13,2.2,0,6,FALSE,Independent,FALSE
24.08.2026,Monday,Zuerich,BWZRH091,BEST WESTERN HOTEL ZURCHERHOF,274.93,CHF,4.2,"Poststrasse 8, Zuerich",ZRH,47.37503,8.54445,0.29,"WiFi,24h Reception,Luggage Storage",STANDARD_ROOM,BREAKFAST,408,Zurich,city,10,8,3,35,236,FALSE,Summer,FALSE,FALSE,12.1,7.6,18.5,3.5,0,6.1,FALSE,Best Western,TRUE
24.08.2026,Monday,Zuerich,MCZRHDTM,Zurich Marriott Hotel,586.34,CHF,4.7,"Bahnhofstrasse 75, Zuerich",ZRH,47.38247,8.54026,0.63,"WiFi,24h Reception,Luggage Storage",DELUXE_ROOM,ROOM_ONLY,408,Zurich,city,9.2,8,3,35,236,FALSE,Summer,FALSE,FALSE,15.9,9.6,19.8,5.3,0,7.2,FALSE,Marriott,TRUE
24.08.2026,Monday,Zuerich,ONZRHCTY,HOTEL CITY,236.23,CHF,4.2,"Hauptstrasse 89, Zuerich",ZRH,47.37474,8.53611,0.48,"WiFi,24h Reception,Luggage Storage",BUDGET_ROOM,ROOM_ONLY,408,Zurich,city,10.1,8,3,35,236,FALSE,Summer,FALSE,FALSE,12.1,8,15.8,3.2,0,8.1,FALSE,Independent,FALSE
24.08.2026,Monday,Zuerich,XKZRH001,Hotel du Lac,119.91,CHF,2.7,"Hauptstrasse 77, Zuerich",ZRH,47.36649,8.53675,1.22,"WiFi,Parking,Restaurant,Bar",STANDARD_ROOM,BREAKFAST,408,Zurich,city,11,8,3,35,236,FALSE,Summer,FALSE,FALSE,17.1,10.3,20.1,3.2,0,6.5,FALSE,Independent,FALSE
31.08.2026,Monday,Arosa,BWZRH091,BEST WESTERN HOTEL ZURCHERHOF,239.97,CHF,4,"Bahnhofstrasse 32, Arosa",ZRH,47.37503,8.54445,107.47,"WiFi,Parking,Breakfast",STANDARD_ROOM,BREAKFAST,1775,Graubuenden,alpine_ski_resort,10,8,3,36,243,FALSE,Summer,FALSE,FALSE,7.9,4.3,11.6,1.8,0,5.4,FALSE,Best Western,TRUE
31.08.2026,Monday,Arosa,MCZRHDTM,Zurich Marriott Hotel,547.76,CHF,4.7,"Hauptstrasse 94, Arosa",ZRH,47.38247,8.54026,108.23,"WiFi,Restaurant,Room Service",STANDARD_ROOM,ROOM_ONLY,1775,Graubuenden,alpine_ski_resort,9.2,8,3,36,243,FALSE,Summer,FALSE,FALSE,6.9,2.7,11.3,3.3,0,8.3,FALSE,Marriott,TRUE
31.08.2026,Monday,Arosa,ONZRHCTY,HOTEL CITY,206.05,CHF,3.8,"Bahnhofstrasse 94, Arosa",ZRH,47.37474,8.53611,107.95,"WiFi,Gym,Pool,Spa",BUDGET_ROOM,ROOM_ONLY,1775,Graubuenden,alpine_ski_resort,10.1,8,3,36,243,FALSE,Summer,FALSE,FALSE,4.2,-1.2,10.8,2.8,0,6.1,FALSE,Independent,FALSE
31.08.2026,Monday,Arosa,XKZRH001,Hotel du Lac,107.8,CHF,3.1,"Marktplatz 43, Arosa",ZRH,47.36649,8.53675,107.36,"WiFi,Parking,Restaurant,Bar",STANDARD_ROOM,BREAKFAST,1775,Graubuenden,alpine_ski_resort,11,8,3,36,243,FALSE,Summer,FALSE,FALSE,2.6,-0.5,7.9,3.8,0,8,FALSE,Independent,FALSE
31.08.2026,Monday,Basel,RTBSLBAH,ibis Basel Bahnhof,112.37,CHF,2.8,"Hauptstrasse 88, Basel",BSL,47.54683,7.58427,1.46,"WiFi,Gym,Pool,Spa",STANDARD_ROOM,ROOM_ONLY,260,Basel-Stadt,city,7.2,8,3,36,243,FALSE,Summer,FALSE,FALSE,15.2,11.9,21.2,2.9,0,5.7,FALSE,Accor (ibis),TRUE
31.08.2026,Monday,Bern,BWBRN230,Best Western Plus Hotel Bern,216.18,CHF,3.8,"Marktplatz 29, Bern",BRN,46.94877,7.44633,0.12,"WiFi,Parking,Breakfast",STANDARD_ROOM,ROOM_ONLY,542,Bern,city,5.5,8,3,36,243,FALSE,Summer,FALSE,FALSE,11.3,7.2,17,5.4,0,6.9,FALSE,Best Western,TRUE
31.08.2026,Monday,Chur,BWZRH091,BEST WESTERN HOTEL ZURCHERHOF,252.39,CHF,4.1,"Bahnhofstrasse 16, Chur",ZRH,47.37503,8.54445,94.9,"WiFi,Restaurant,Room Service",STANDARD_ROOM,BREAKFAST,593,Graubuenden,city,10,8,3,36,243,FALSE,Summer,FALSE,FALSE,14.2,10.8,18.7,1.3,0,7.6,FALSE,Best Western,TRUE
31.08.2026,Monday,Chur,MCZRHDTM,Zurich Marriott Hotel,582.27,CHF,4.3,"Kirchgasse 31, Chur",ZRH,47.38247,8.54026,95.65,"WiFi,Parking,Restaurant,Bar",STANDARD_ROOM,ROOM_ONLY,593,Graubuenden,city,9.2,8,3,36,243,FALSE,Summer,FALSE,FALSE,13.9,7.5,19.3,3.5,0,8.8,FALSE,Marriott,TRUE
31.08.2026,Monday,Chur,ONZRHCTY,HOTEL CITY,239.66,CHF,4,"Poststrasse 60, Chur",ZRH,47.37474,8.53611,95.38,"WiFi,Parking,Restaurant,Bar",BUDGET_ROOM,ROOM_ONLY,593,Graubuenden,city,10.1,8,3,36,243,FALSE,Summer,FALSE,FALSE,10.7,7.3,16.6,2.1,0,8.8,FALSE,Independent,FALSE
31.08.2026,Monday,Chur,XKZRH001,Hotel du Lac,118.32,CHF,3.1,"Kirchgasse 37, Chur",ZRH,47.36649,8.53675,94.78,"WiFi,24h Reception,Luggage Storage",STANDARD_ROOM,BREAKFAST,593,Graubuenden,city,11,8,3,36,243,FALSE,Summer,FALSE,FALSE,14.6,9.4,19,6.2,0,8.4,FALSE,Independent,FALSE
31.08.2026,Monday,Genf,ICGVAICA,INTERCONTINENTAL GENEVA,561.88,CHF,4.6,"Hauptstrasse 80, Genf",GVA,46.22461,6.13268,2.39,"WiFi,Gym,Pool,Spa",COMFORT_ROOM,ROOM_ONLY,375,Geneva,city,2.4,8,3,36,243,FALSE,Summer,FALSE,FALSE,16.4,12,19.8,0.5,0,6.2,FALSE,IHG (InterContinental),TRUE
31.08.2026,Monday,Genf,RTGVAGAR,ibis Geneve Centre Gare,154.78,CHF,3.7,"Bahnhofstrasse 12, Genf",GVA,46.20765,6.13827,0.52,"WiFi,Parking,Restaurant,Bar",STANDARD_ROOM,ROOM_ONLY,375,Geneva,city,4.1,8,3,36,243,FALSE,Summer,FALSE,FALSE,14.1,8.8,18.8,2.3,0,8.8,FALSE,Accor (ibis),TRUE
31.08.2026,Monday,Genf,RTGVARES,Résidence Studio Genève Centre,139.7,CHF,3,"Poststrasse 27, Genf",GVA,46.2117,6.14696,0.86,"WiFi,Parking,Restaurant,Bar",STANDARD_ROOM,ROOM_ONLY,375,Geneva,city,4.1,8,3,36,243,FALSE,Summer,FALSE,FALSE,12.7,9.6,18.5,4.1,0,6,FALSE,Independent,FALSE
31.08.2026,Monday,Interlaken,BWZRH091,BEST WESTERN HOTEL ZURCHERHOF,255.71,CHF,4,"Marktplatz 17, Interlaken",ZRH,47.37503,8.54445,92.36,"WiFi,Gym,Pool,Spa",STANDARD_ROOM,BREAKFAST,570,Bern,mountain_resort,10,8,3,36,243,FALSE,Summer,FALSE,FALSE,12.8,9.1,16.1,0,0,5.4,FALSE,Best Western,TRUE
31.08.2026,Monday,Interlaken,MCZRHDTM,Zurich Marriott Hotel,566.14,CHF,4.6,"Marktplatz 71, Interlaken",ZRH,47.38247,8.54026,92.87,"WiFi,Parking,Restaurant,Bar",STANDARD_ROOM,ROOM_ONLY,570,Bern,mountain_resort,9.2,8,3,36,243,FALSE,Summer,FALSE,FALSE,13.4,8.4,19.1,0,0,5.4,FALSE,Marriott,TRUE
31.08.2026,Monday,Interlaken,ONZRHCTY,HOTEL CITY,216.65,CHF,3.4,"Marktplatz 75, Interlaken",ZRH,47.37474,8.53611,91.98,"WiFi,Gym,Pool,Spa",BUDGET_ROOM,ROOM_ONLY,570,Bern,mountain_resort,10.1,8,3,36,243,FALSE,Summer,FALSE,FALSE,11.8,6.8,17,5.7,0,5.7,FALSE,Independent,FALSE
31.08.2026,Monday,Interlaken,XKZRH001,Hotel du Lac,111.4,CHF,2.9,"Poststrasse 59, Interlaken",ZRH,47.36649,8.53675,91.25,"WiFi,Parking,Restaurant,Bar",STANDARD_ROOM,BREAKFAST,570,Bern,mountain_resort,11,8,3,36,243,FALSE,Summer,FALSE,FALSE,13,6.3,16,1.9,0,7,FALSE,Independent,FALSE
31.08.2026,Monday,Lausanne,ICGVAICA,INTERCONTINENTAL GENEVA,581.15,CHF,4.4,"Poststrasse 31, Lausanne",GVA,46.22461,6.13268,50.46,"WiFi,Parking,Breakfast",COMFORT_ROOM,ROOM_ONLY,495,Vaud,city,2.4,8,3,36,243,FALSE,Summer,FALSE,FALSE,15.2,10.2,18.6,0,0,9.2,FALSE,IHG (InterContinental),TRUE
31.08.2026,Monday,Lausanne,RTGVAGAR,ibis Geneve Centre Gare,146.37,CHF,2.9,"Marktplatz 29, Lausanne",GVA,46.20765,6.13827,51.39,"WiFi,24h Reception,Luggage Storage",STANDARD_ROOM,ROOM_ONLY,495,Vaud,city,4.1,8,3,36,243,FALSE,Summer,FALSE,FALSE,13.4,8.1,17,3.8,0,6,FALSE,Accor (ibis),TRUE
31.08.2026,Monday,Lausanne,RTGVARES,Résidence Studio Genève Centre,143.43,CHF,2.9,"Kirchgasse 40, Lausanne",GVA,46.2117,6.14696,50.59,"WiFi,24h Reception,Luggage Storage",STANDARD_ROOM,ROOM_ONLY,495,Vaud,city,4.1,8,3,36,243,FALSE,Summer,FALSE,FALSE,11.3,6.8,15.8,2,0,6.6,FALSE,Independent,FALSE
31.08.2026,Monday,Luzern,BWZRH091,BEST WESTERN HOTEL ZURCHERHOF,234.99,CHF,3.7,"Hauptstrasse 4, Luzern",ZRH,47.37503,8.54445,40.25,"WiFi,Parking,Restaurant,Bar",STANDARD_ROOM,BREAKFAST,435,Lucerne,city,10,8,3,36,243,FALSE,Summer,FALSE,FALSE,11.8,8.2,15,0.3,0,6.7,FALSE,Best Western,TRUE
31.08.2026,Monday,Luzern,MCZRHDTM,Zurich Marriott Hotel,533.75,CHF,4.7,"Marktplatz 59, Luzern",ZRH,47.38247,8.54026,40.86,"WiFi,Restaurant,Room Service",STANDARD_ROOM,ROOM_ONLY,435,Lucerne,city,9.2,8,3,36,243,FALSE,Summer,FALSE,FALSE,11.7,6.6,15.3,0.2,0,8.3,FALSE,Marriott,TRUE
31.08.2026,Monday,Luzern,ONZRHCTY,HOTEL CITY,196.79,CHF,3.4,"Poststrasse 41, Luzern",ZRH,47.37474,8.53611,39.95,"WiFi,Restaurant,Room Service",BUDGET_ROOM,ROOM_ONLY,435,Lucerne,city,10.1,8,3,36,243,FALSE,Summer,FALSE,FALSE,13.3,9.6,18.1,2.6,0,6.7,FALSE,Independent,FALSE
31.08.2026,Monday,Luzern,XKZRH001,Hotel du Lac,102.15,CHF,2.7,"Marktplatz 72, Luzern",ZRH,47.36649,8.53675,39.14,"WiFi,Parking,Restaurant,Bar",STANDARD_ROOM,BREAKFAST,435,Lucerne,city,11,8,3,36,243,FALSE,Summer,FALSE,FALSE,14.5,10.3,18.8,2,0,8.5,FALSE,Independent,FALSE
31.08.2026,Monday,St. Gallen,BWZRH091,BEST WESTERN HOTEL ZURCHERHOF,269,CHF,4,"Hauptstrasse 35, St. Gallen",ZRH,47.37503,8.54445,62.88,"WiFi,Restaurant,Room Service",STANDARD_ROOM,BREAKFAST,675,St. Gallen,city,10,8,3,36,243,FALSE,Summer,FALSE,FALSE,9.1,3.5,14.7,0.3,0,6,FALSE,Best Western,TRUE
31.08.2026,Monday,St. Gallen,ONZRHCTY,HOTEL CITY,222.24,CHF,3.3,"Kirchgasse 13, St. Gallen",ZRH,47.37474,8.53611,63.51,"WiFi,Gym,Pool,Spa",BUDGET_ROOM,ROOM_ONLY,675,St. Gallen,city,10.1,8,3,36,243,FALSE,Summer,FALSE,FALSE,8.7,3.4,13.6,3.9,0,9.2,FALSE,Independent,FALSE
31.08.2026,Monday,St. Moritz,BWZRH091,BEST WESTERN HOTEL ZURCHERHOF,248.65,CHF,4,"Poststrasse 15, St. Moritz",ZRH,47.37503,8.54445,138.28,"WiFi,Gym,Pool,Spa",STANDARD_ROOM,BREAKFAST,1856,Graubuenden,alpine_ski_resort,10,8,3,36,243,FALSE,Summer,FALSE,FALSE,1.8,-3.3,5.5,2.4,0,8.3,FALSE,Best Western,TRUE
31.08.2026,Monday,St. Moritz,MCZRHDTM,Zurich Marriott Hotel,535.27,CHF,4.3,"Bahnhofstrasse 13, St. Moritz",ZRH,47.38247,8.54026,139.08,"WiFi,Parking,Restaurant,Bar",STANDARD_ROOM,ROOM_ONLY,1856,Graubuenden,alpine_ski_resort,9.2,8,3,36,243,FALSE,Summer,FALSE,FALSE,3,-3.9,8,3,0,6.7,FALSE,Marriott,TRUE
31.08.2026,Monday,St. Moritz,ONZRHCTY,HOTEL CITY,215.92,CHF,3.5,"Kirchgasse 30, St. Moritz",ZRH,47.37474,8.53611,138.7,"WiFi,Gym,Pool,Spa",BUDGET_ROOM,ROOM_ONLY,1856,Graubuenden,alpine_ski_resort,10.1,8,3,36,243,FALSE,Summer,FALSE,FALSE,3.8,0.7,7.8,2.9,0,8,FALSE,Independent,FALSE
31.08.2026,Monday,St. Moritz,XKZRH001,Hotel du Lac,107.9,CHF,3.2,"Hauptstrasse 57, St. Moritz",ZRH,47.36649,8.53675,138.03,"WiFi,Restaurant,Room Service",STANDARD_ROOM,BREAKFAST,1856,Graubuenden,alpine_ski_resort,11,8,3,36,243,FALSE,Summer,FALSE,FALSE,3.9,-0.5,8,2.5,0,7.8,FALSE,Independent,FALSE
31.08.2026,Monday,Winterthur,BWZRH091,BEST WESTERN HOTEL ZURCHERHOF,260.8,CHF,4.1,"Marktplatz 35, Winterthur",ZRH,47.37503,8.54445,20.79,"WiFi,Gym,Pool,Spa",STANDARD_ROOM,BREAKFAST,439,Zurich,city,10,8,3,36,243,FALSE,Summer,FALSE,FALSE,11.3,4.8,15.5,0.2,0,7.9,FALSE,Best Western,TRUE
31.08.2026,Monday,Winterthur,MCZRHDTM,Zurich Marriott Hotel,599.23,CHF,4.7,"Kirchgasse 44, Winterthur",ZRH,47.38247,8.54026,20.48,"WiFi,24h Reception,Luggage Storage",STANDARD_ROOM,ROOM_ONLY,439,Zurich,city,9.2,8,3,36,243,FALSE,Summer,FALSE,FALSE,12.3,8.2,18.5,0.2,0,7.7,FALSE,Marriott,TRUE
31.08.2026,Monday,Winterthur,ONZRHCTY,HOTEL CITY,226.37,CHF,3.7,"Poststrasse 42, Winterthur",ZRH,47.37474,8.53611,21.28,"WiFi,Gym,Pool,Spa",BUDGET_ROOM,ROOM_ONLY,439,Zurich,city,10.1,8,3,36,243,FALSE,Summer,FALSE,FALSE,11.5,8.2,17.5,2.2,0,8.7,FALSE,Independent,FALSE
31.08.2026,Monday,Winterthur,XKZRH001,Hotel du Lac,112.82,CHF,3,"Marktplatz 82, Winterthur",ZRH,47.36649,8.53675,21.86,"WiFi,24h Reception,Luggage Storage",STANDARD_ROOM,BREAKFAST,439,Zurich,city,11,8,3,36,243,FALSE,Summer,FALSE,FALSE,15.4,11.2,21.4,0.1,0,7.6,FALSE,Independent,FALSE
31.08.2026,Monday,Zermatt,BWZRH091,BEST WESTERN HOTEL ZURCHERHOF,233.09,CHF,3.9,"Poststrasse 1, Zermatt",ZRH,47.37503,8.54445,162.35,"WiFi,24h Reception,Luggage Storage",STANDARD_ROOM,BREAKFAST,1620,Valais,alpine_ski_resort,10,8,3,36,243,FALSE,Summer,FALSE,FALSE,3.4,-0.3,7.1,1.1,0,6.2,FALSE,Best Western,TRUE
31.08.2026,Monday,Zermatt,MCZRHDTM,Zurich Marriott Hotel,512.11,CHF,4.5,"Marktplatz 21, Zermatt",ZRH,47.38247,8.54026,163,"WiFi,Parking,Breakfast",STANDARD_ROOM,ROOM_ONLY,1620,Valais,alpine_ski_resort,9.2,8,3,36,243,FALSE,Summer,FALSE,FALSE,7.1,2.4,10.1,2.4,0,6.8,FALSE,Marriott,TRUE
31.08.2026,Monday,Zermatt,ONZRHCTY,HOTEL CITY,210.61,CHF,3.3,"Hauptstrasse 82, Zermatt",ZRH,47.37474,8.53611,162.08,"WiFi,Restaurant,Room Service",BUDGET_ROOM,ROOM_ONLY,1620,Valais,alpine_ski_resort,10.1,8,3,36,243,FALSE,Summer,FALSE,FALSE,3.1,-3.7,8.7,0.5,0,8.6,FALSE,Independent,FALSE
31.08.2026,Monday,Zermatt,XKZRH001,Hotel du Lac,102.74,CHF,2.9,"Bahnhofstrasse 88, Zermatt",ZRH,47.36649,8.53675,161.25,"WiFi,24h Reception,Luggage Storage",STANDARD_ROOM,BREAKFAST,1620,Valais,alpine_ski_resort,11,8,3,36,243,FALSE,Summer,FALSE,FALSE,7.3,2.4,12.6,3.1,0,5.9,FALSE,Independent,FALSE
31.08.2026,Monday,Zuerich,BWZRH091,BEST WESTERN HOTEL ZURCHERHOF,273.27,CHF,3.7,"Marktplatz 19, Zuerich",ZRH,47.37503,8.54445,0.29,"WiFi,Gym,Pool,Spa",STANDARD_ROOM,BREAKFAST,408,Zurich,city,10,8,3,36,243,FALSE,Summer,FALSE,FALSE,13.6,8.8,19.7,3.9,0,9,FALSE,Best Western,TRUE
31.08.2026,Monday,Zuerich,MCZRHDTM,Zurich Marriott Hotel,598.51,CHF,4.7,"Bahnhofstrasse 52, Zuerich",ZRH,47.38247,8.54026,0.63,"WiFi,Restaurant,Room Service",STANDARD_ROOM,ROOM_ONLY,408,Zurich,city,9.2,8,3,36,243,FALSE,Summer,FALSE,FALSE,14.9,10.2,20.8,5.1,0,5.7,FALSE,Marriott,TRUE
31.08.2026,Monday,Zuerich,ONZRHCTY,HOTEL CITY,238.92,CHF,3.7,"Bahnhofstrasse 93, Zuerich",ZRH,47.37474,8.53611,0.48,"WiFi,Gym,Pool,Spa",BUDGET_ROOM,ROOM_ONLY,408,Zurich,city,10.1,8,3,36,243,FALSE,Summer,FALSE,FALSE,14.1,8.8,20.7,0.4,0,9.2,FALSE,Independent,FALSE
31.08.2026,Monday,Zuerich,XKZRH001,Hotel du Lac,114.06,CHF,3.2,"Kirchgasse 94, Zuerich",ZRH,47.36649,8.53675,1.22,"WiFi,24h Reception,Luggage Storage",STANDARD_ROOM,BREAKFAST,408,Zurich,city,11,8,3,36,243,FALSE,Summer,FALSE,FALSE,12.8,9.3,19.8,0,0,6.7,FALSE,Independent,FALSE
07.09.2026,Monday,Arosa,BWZRH091,BEST WESTERN HOTEL ZURCHERHOF,250.26,CHF,3.8,"Poststrasse 51, Arosa",ZRH,47.37503,8.54445,107.47,"WiFi,Gym,Pool,Spa",STANDARD_ROOM,BREAKFAST,1775,Graubuenden,alpine_ski_resort,10,9,3,37,250,FALSE,Autumn,FALSE,FALSE,4.7,0.9,9.9,1.5,0,5.3,FALSE,Best Western,TRUE
07.09.2026,Monday,Arosa,MCZRHDTM,Zurich Marriott Hotel,522.46,CHF,4.5,"Hauptstrasse 20, Arosa",ZRH,47.38247,8.54026,108.23,"WiFi,Parking,Breakfast",DELUXE_ROOM,ROOM_ONLY,1775,Graubuenden,alpine_ski_resort,9.2,9,3,37,250,FALSE,Autumn,FALSE,FALSE,4.9,0.7,8.6,5.1,0,6.2,FALSE,Marriott,TRUE
07.09.2026,Monday,Arosa,ONZRHCTY,HOTEL CITY,222.99,CHF,3.7,"Kirchgasse 64, Arosa",ZRH,47.37474,8.53611,107.95,"WiFi,Parking,Restaurant,Bar",BUDGET_ROOM,ROOM_ONLY,1775,Graubuenden,alpine_ski_resort,10.1,9,3,37,250,FALSE,Autumn,FALSE,FALSE,3.9,-1.6,9.6,8,0,8.3,FALSE,Independent,FALSE
07.09.2026,Monday,Arosa,XKZRH001,Hotel du Lac,99.32,CHF,2.9,"Hauptstrasse 86, Arosa",ZRH,47.36649,8.53675,107.36,"WiFi,Parking,Breakfast",STANDARD_ROOM,BREAKFAST,1775,Graubuenden,alpine_ski_resort,11,9,3,37,250,FALSE,Autumn,FALSE,FALSE,4,0.9,9.7,7.4,0,7.6,FALSE,Independent,FALSE
07.09.2026,Monday,Basel,RTBSLBAH,ibis Basel Bahnhof,108.72,CHF,2.8,"Bahnhofstrasse 84, Basel",BSL,47.54683,7.58427,1.46,"WiFi,Parking,Restaurant,Bar",STANDARD_ROOM,ROOM_ONLY,260,Basel-Stadt,city,7.2,9,3,37,250,FALSE,Autumn,FALSE,FALSE,11.5,8.5,17.5,2.5,0,7.9,FALSE,Accor (ibis),TRUE
07.09.2026,Monday,Bern,BWBRN230,Best Western Plus Hotel Bern,212.81,CHF,3.7,"Hauptstrasse 58, Bern",BRN,46.94877,7.44633,0.12,"WiFi,Restaurant,Room Service",STANDARD_ROOM,ROOM_ONLY,542,Bern,city,5.5,9,3,37,250,FALSE,Autumn,FALSE,FALSE,11.2,4.9,17.7,6.6,0,5.1,FALSE,Best Western,TRUE
07.09.2026,Monday,Chur,BWZRH091,BEST WESTERN HOTEL ZURCHERHOF,213.91,CHF,3.4,"Poststrasse 64, Chur",ZRH,47.37503,8.54445,94.9,"WiFi,Gym,Pool,Spa",STANDARD_ROOM,BREAKFAST,593,Graubuenden,city,10,9,3,37,250,FALSE,Autumn,FALSE,FALSE,13.4,8.6,18.9,3.6,0,5.8,FALSE,Best Western,TRUE
07.09.2026,Monday,Chur,MCZRHDTM,Zurich Marriott Hotel,443.3,CHF,4.3,"Hauptstrasse 71, Chur",ZRH,47.38247,8.54026,95.65,"WiFi,24h Reception,Luggage Storage",DELUXE_ROOM,ROOM_ONLY,593,Graubuenden,city,9.2,9,3,37,250,FALSE,Autumn,FALSE,FALSE,9.4,3.1,12.8,0.2,0,5.7,FALSE,Marriott,TRUE
07.09.2026,Monday,Chur,ONZRHCTY,HOTEL CITY,204.35,CHF,3.7,"Marktplatz 65, Chur",ZRH,47.37474,8.53611,95.38,"WiFi,Restaurant,Room Service",BUDGET_ROOM,ROOM_ONLY,593,Graubuenden,city,10.1,9,3,37,250,FALSE,Autumn,FALSE,FALSE,9.1,3,15,4.5,0,5,FALSE,Independent,FALSE
07.09.2026,Monday,Chur,XKZRH001,Hotel du Lac,94.04,CHF,3,"Hauptstrasse 18, Chur",ZRH,47.36649,8.53675,94.78,"WiFi,Parking,Breakfast",STANDARD_ROOM,BREAKFAST,593,Graubuenden,city,11,9,3,37,250,FALSE,Autumn,FALSE,FALSE,8.5,2.8,13,9.5,0,8.8,FALSE,Independent,FALSE
07.09.2026,Monday,Genf,ICGVAICA,INTERCONTINENTAL GENEVA,431.96,CHF,4.3,"Hauptstrasse 47, Genf",GVA,46.22461,6.13268,2.39,"WiFi,Parking,Breakfast",COMFORT_ROOM,ROOM_ONLY,375,Geneva,city,2.4,9,3,37,250,FALSE,Autumn,FALSE,FALSE,14.5,10.9,18.3,4.5,0,5.6,FALSE,IHG (InterContinental),TRUE
07.09.2026,Monday,Genf,RTGVAGAR,ibis Geneve Centre Gare,118.21,CHF,2.8,"Kirchgasse 79, Genf",GVA,46.20765,6.13827,0.52,"WiFi,Gym,Pool,Spa",STANDARD_ROOM,ROOM_ONLY,375,Geneva,city,4.1,9,3,37,250,FALSE,Autumn,FALSE,FALSE,11.8,7.6,15.7,5,0,6.8,FALSE,Accor (ibis),TRUE
07.09.2026,Monday,Genf,RTGVARES,Résidence Studio Genève Centre,109.99,CHF,2.7,"Hauptstrasse 22, Genf",GVA,46.2117,6.14696,0.86,"WiFi,Parking,Restaurant,Bar",STANDARD_ROOM,ROOM_ONLY,375,Geneva,city,4.1,9,3,37,250,FALSE,Autumn,FALSE,FALSE,11.1,4.9,15.9,6.8,0,7.2,FALSE,Independent,FALSE
07.09.2026,Monday,Interlaken,BWZRH091,BEST WESTERN HOTEL ZURCHERHOF,232.02,CHF,4.1,"Hauptstrasse 32, Interlaken",ZRH,47.37503,8.54445,92.36,"WiFi,24h Reception,Luggage Storage",STANDARD_ROOM,BREAKFAST,570,Bern,mountain_resort,10,9,3,37,250,FALSE,Autumn,FALSE,FALSE,13.7,10.4,20.5,5.1,0,7.4,FALSE,Best Western,TRUE
07.09.2026,Monday,Interlaken,MCZRHDTM,Zurich Marriott Hotel,482.48,CHF,4.5,"Hauptstrasse 4, Interlaken",ZRH,47.38247,8.54026,92.87,"WiFi,Gym,Pool,Spa",DELUXE_ROOM,ROOM_ONLY,570,Bern,mountain_resort,9.2,9,3,37,250,FALSE,Autumn,FALSE,FALSE,8.2,1.7,11.4,4,0,6.4,FALSE,Marriott,TRUE
07.09.2026,Monday,Interlaken,ONZRHCTY,HOTEL CITY,224.73,CHF,3.5,"Kirchgasse 70, Interlaken",ZRH,47.37474,8.53611,91.98,"WiFi,Gym,Pool,Spa",BUDGET_ROOM,ROOM_ONLY,570,Bern,mountain_resort,10.1,9,3,37,250,FALSE,Autumn,FALSE,FALSE,11.3,5.1,18.2,5.4,0,6.6,FALSE,Independent,FALSE
07.09.2026,Monday,Interlaken,XKZRH001,Hotel du Lac,106.76,CHF,2.9,"Kirchgasse 16, Interlaken",ZRH,47.36649,8.53675,91.25,"WiFi,Restaurant,Room Service",STANDARD_ROOM,BREAKFAST,570,Bern,mountain_resort,11,9,3,37,250,FALSE,Autumn,FALSE,FALSE,13.9,9.6,19.9,6.5,0,8.1,FALSE,Independent,FALSE
07.09.2026,Monday,Lausanne,ICGVAICA,INTERCONTINENTAL GENEVA,441.09,CHF,4.3,"Kirchgasse 62, Lausanne",GVA,46.22461,6.13268,50.46,"WiFi,Gym,Pool,Spa",COMFORT_ROOM,ROOM_ONLY,495,Vaud,city,2.4,9,3,37,250,FALSE,Autumn,FALSE,FALSE,8.6,2.6,13.6,2.9,0,8.8,FALSE,IHG (InterContinental),TRUE
07.09.2026,Monday,Lausanne,RTGVAGAR,ibis Geneve Centre Gare,121.08,CHF,3,"Marktplatz 49, Lausanne",GVA,46.20765,6.13827,51.39,"WiFi,24h Reception,Luggage Storage",STANDARD_ROOM,ROOM_ONLY,495,Vaud,city,4.1,9,3,37,250,FALSE,Autumn,FALSE,FALSE,9.1,4.3,13.3,5.9,0,7.3,FALSE,Accor (ibis),TRUE
07.09.2026,Monday,Lausanne,RTGVARES,Résidence Studio Genève Centre,111.69,CHF,3.2,"Bahnhofstrasse 83, Lausanne",GVA,46.2117,6.14696,50.59,"WiFi,Parking,Restaurant,Bar",STANDARD_ROOM,ROOM_ONLY,495,Vaud,city,4.1,9,3,37,250,FALSE,Autumn,FALSE,FALSE,11.2,6.1,17,2.3,0,7.1,FALSE,Independent,FALSE
07.09.2026,Monday,Luzern,BWZRH091,BEST WESTERN HOTEL ZURCHERHOF,236.36,CHF,4.1,"Poststrasse 6, Luzern",ZRH,47.37503,8.54445,40.25,"WiFi,Parking,Restaurant,Bar",STANDARD_ROOM,BREAKFAST,435,Lucerne,city,10,9,3,37,250,FALSE,Autumn,FALSE,FALSE,12.2,7.9,17.3,4,0,8.2,FALSE,Best Western,TRUE
07.09.2026,Monday,Luzern,MCZRHDTM,Zurich Marriott Hotel,486.08,CHF,4.6,"Bahnhofstrasse 64, Luzern",ZRH,47.38247,8.54026,40.86,"WiFi,Gym,Pool,Spa",DELUXE_ROOM,ROOM_ONLY,435,Lucerne,city,9.2,9,3,37,250,FALSE,Autumn,FALSE,FALSE,11.8,7,15.7,7.8,0,6,FALSE,Marriott,TRUE
07.09.2026,Monday,Luzern,ONZRHCTY,HOTEL CITY,224.1,CHF,3.3,"Bahnhofstrasse 89, Luzern",ZRH,47.37474,8.53611,39.95,"WiFi,Restaurant,Room Service",BUDGET_ROOM,ROOM_ONLY,435,Lucerne,city,10.1,9,3,37,250,FALSE,Autumn,FALSE,FALSE,11.5,5.2,17.9,6.4,0,6.5,FALSE,Independent,FALSE
07.09.2026,Monday,Luzern,XKZRH001,Hotel du Lac,100.27,CHF,3,"Marktplatz 75, Luzern",ZRH,47.36649,8.53675,39.14,"WiFi,24h Reception,Luggage Storage",STANDARD_ROOM,BREAKFAST,435,Lucerne,city,11,9,3,37,250,FALSE,Autumn,FALSE,FALSE,11.4,7.3,16.5,5.3,0,7.2,FALSE,Independent,FALSE
07.09.2026,Monday,St. Gallen,BWZRH091,BEST WESTERN HOTEL ZURCHERHOF,215.96,CHF,3.5,"Poststrasse 34, St. Gallen",ZRH,47.37503,8.54445,62.88,"WiFi,Gym,Pool,Spa",STANDARD_ROOM,BREAKFAST,675,St. Gallen,city,10,9,3,37,250,FALSE,Autumn,FALSE,FALSE,7.6,4,12,4.9,0,7.7,FALSE,Best Western,TRUE
07.09.2026,Monday,St. Gallen,MCZRHDTM,Zurich Marriott Hotel,432.94,CHF,4.5,"Hauptstrasse 17, St. Gallen",ZRH,47.38247,8.54026,63.12,"WiFi,24h Reception,Luggage Storage",DELUXE_ROOM,ROOM_ONLY,675,St. Gallen,city,9.2,9,3,37,250,FALSE,Autumn,FALSE,FALSE,9.1,4.3,12.9,7.1,0,8.3,FALSE,Marriott,TRUE
07.09.2026,Monday,St. Gallen,ONZRHCTY,HOTEL CITY,198.53,CHF,3.8,"Bahnhofstrasse 31, St. Gallen",ZRH,47.37474,8.53611,63.51,"WiFi,24h Reception,Luggage Storage",BUDGET_ROOM,ROOM_ONLY,675,St. Gallen,city,10.1,9,3,37,250,FALSE,Autumn,FALSE,FALSE,8.6,3.3,14,4.1,0,6.4,FALSE,Independent,FALSE
07.09.2026,Monday,St. Gallen,XKZRH001,Hotel du Lac,85.68,CHF,3.3,"Poststrasse 1, St. Gallen",ZRH,47.36649,8.53675,63.55,"WiFi,Gym,Pool,Spa",STANDARD_ROOM,BREAKFAST,675,St. Gallen,city,11,9,3,37,250,FALSE,Autumn,FALSE,FALSE,8.7,4.1,15.5,3.8,0,7.8,FALSE,Independent,FALSE
07.09.2026,Monday,St. Moritz,BWZRH091,BEST WESTERN HOTEL ZURCHERHOF,251.14,CHF,3.8,"Hauptstrasse 58, St. Moritz",ZRH,47.37503,8.54445,138.28,"WiFi,Restaurant,Room Service",STANDARD_ROOM,BREAKFAST,1856,Graubuenden,alpine_ski_resort,10,9,3,37,250,FALSE,Autumn,FALSE,FALSE,4.9,0.5,11.4,1.8,0,6.8,FALSE,Best Western,TRUE
07.09.2026,Monday,St. Moritz,MCZRHDTM,Zurich Marriott Hotel,481.09,CHF,4.5,"Kirchgasse 73, St. Moritz",ZRH,47.38247,8.54026,139.08,"WiFi,Parking,Breakfast",DELUXE_ROOM,ROOM_ONLY,1856,Graubuenden,alpine_ski_resort,9.2,9,3,37,250,FALSE,Autumn,FALSE,FALSE,1.9,-2.6,5.8,9.6,0,7.4,FALSE,Marriott,TRUE
07.09.2026,Monday,St. Moritz,ONZRHCTY,HOTEL CITY,225.46,CHF,3.4,"Kirchgasse 76, St. Moritz",ZRH,47.37474,8.53611,138.7,"WiFi,Restaurant,Room Service",BUDGET_ROOM,ROOM_ONLY,1856,Graubuenden,alpine_ski_resort,10.1,9,3,37,250,FALSE,Autumn,FALSE,FALSE,1.9,-4.5,8.4,7.5,0,7.7,FALSE,Independent,FALSE
07.09.2026,Monday,St. Moritz,XKZRH001,Hotel du Lac,103.74,CHF,2.8,"Bahnhofstrasse 92, St. Moritz",ZRH,47.36649,8.53675,138.03,"WiFi,Parking,Breakfast",STANDARD_ROOM,BREAKFAST,1856,Graubuenden,alpine_ski_resort,11,9,3,37,250,FALSE,Autumn,FALSE,FALSE,2.8,-0.6,7.9,7.8,0,8.2,FALSE,Independent,FALSE
07.09.2026,Monday,Winterthur,BWZRH091,BEST WESTERN HOTEL ZURCHERHOF,209.21,CHF,3.5,"Poststrasse 34, Winterthur",ZRH,47.37503,8.54445,20.79,"WiFi,Parking,Breakfast",STANDARD_ROOM,BREAKFAST,439,Zurich,city,10,9,3,37,250,FALSE,Autumn,FALSE,FALSE,14.9,8,18.3,8.2,0,7.8,FALSE,Best Western,TRUE
07.09.2026,Monday,Winterthur,MCZRHDTM,Zurich Marriott Hotel,438.63,CHF,4.2,"Kirchgasse 42, Winterthur",ZRH,47.38247,8.54026,20.48,"WiFi,Parking,Restaurant,Bar",DELUXE_ROOM,ROOM_ONLY,439,Zurich,city,9.2,9,3,37,250,FALSE,Autumn,FALSE,FALSE,11.4,8.4,18.3,6,0,7.2,FALSE,Marriott,TRUE
07.09.2026,Monday,Winterthur,ONZRHCTY,HOTEL CITY,194.41,CHF,3.5,"Bahnhofstrasse 72, Winterthur",ZRH,47.37474,8.53611,21.28,"WiFi,Parking,Restaurant,Bar",BUDGET_ROOM,ROOM_ONLY,439,Zurich,city,10.1,9,3,37,250,FALSE,Autumn,FALSE,FALSE,10.8,5.3,17,0.7,0,7.3,FALSE,Independent,FALSE
07.09.2026,Monday,Winterthur,XKZRH001,Hotel du Lac,91.89,CHF,3.1,"Bahnhofstrasse 16, Winterthur",ZRH,47.36649,8.53675,21.86,"WiFi,Parking,Breakfast",STANDARD_ROOM,BREAKFAST,439,Zurich,city,11,9,3,37,250,FALSE,Autumn,FALSE,FALSE,13.5,9,20.3,2.5,0,8.4,FALSE,Independent,FALSE
07.09.2026,Monday,Zermatt,BWZRH091,BEST WESTERN HOTEL ZURCHERHOF,234.83,CHF,4.1,"Bahnhofstrasse 26, Zermatt",ZRH,47.37503,8.54445,162.35,"WiFi,24h Reception,Luggage Storage",STANDARD_ROOM,BREAKFAST,1620,Valais,alpine_ski_resort,10,9,3,37,250,FALSE,Autumn,FALSE,FALSE,2.9,-0.6,7.4,4.7,0,5.3,FALSE,Best Western,TRUE
07.09.2026,Monday,Zermatt,MCZRHDTM,Zurich Marriott Hotel,491.41,CHF,4.3,"Hauptstrasse 26, Zermatt",ZRH,47.38247,8.54026,163,"WiFi,24h Reception,Luggage Storage",DELUXE_ROOM,ROOM_ONLY,1620,Valais,alpine_ski_resort,9.2,9,3,37,250,FALSE,Autumn,FALSE,FALSE,6.6,2.2,10.3,5.8,0,6.3,FALSE,Marriott,TRUE
07.09.2026,Monday,Zermatt,ONZRHCTY,HOTEL CITY,223.93,CHF,3.4,"Poststrasse 18, Zermatt",ZRH,47.37474,8.53611,162.08,"WiFi,Restaurant,Room Service",BUDGET_ROOM,ROOM_ONLY,1620,Valais,alpine_ski_resort,10.1,9,3,37,250,FALSE,Autumn,FALSE,FALSE,5.8,0.7,9.5,6.8,0,5.8,FALSE,Independent,FALSE
07.09.2026,Monday,Zermatt,XKZRH001,Hotel du Lac,107.03,CHF,2.8,"Marktplatz 76, Zermatt",ZRH,47.36649,8.53675,161.25,"WiFi,Parking,Breakfast",STANDARD_ROOM,BREAKFAST,1620,Valais,alpine_ski_resort,11,9,3,37,250,FALSE,Autumn,FALSE,FALSE,3.6,-2.5,6.7,1.2,0,5.5,FALSE,Independent,FALSE
07.09.2026,Monday,Zuerich,BWZRH091,BEST WESTERN HOTEL ZURCHERHOF,207.32,CHF,3.7,"Poststrasse 50, Zuerich",ZRH,47.37503,8.54445,0.29,"WiFi,24h Reception,Luggage Storage",STANDARD_ROOM,BREAKFAST,408,Zurich,city,10,9,3,37,250,FALSE,Autumn,FALSE,FALSE,12.4,8.1,17.5,3,0,7.2,FALSE,Best Western,TRUE
07.09.2026,Monday,Zuerich,MCZRHDTM,Zurich Marriott Hotel,428.34,CHF,4.4,"Bahnhofstrasse 72, Zuerich",ZRH,47.38247,8.54026,0.63,"WiFi,Restaurant,Room Service",DELUXE_ROOM,ROOM_ONLY,408,Zurich,city,9.2,9,3,37,250,FALSE,Autumn,FALSE,FALSE,10.1,3.2,14.9,6.4,0,6.2,FALSE,Marriott,TRUE
07.09.2026,Monday,Zuerich,ONZRHCTY,HOTEL CITY,192.95,CHF,3.4,"Hauptstrasse 13, Zuerich",ZRH,47.37474,8.53611,0.48,"WiFi,Gym,Pool,Spa",BUDGET_ROOM,ROOM_ONLY,408,Zurich,city,10.1,9,3,37,250,FALSE,Autumn,FALSE,FALSE,10.2,3.8,14.6,4.1,0,5,FALSE,Independent,FALSE
07.09.2026,Monday,Zuerich,XKZRH001,Hotel du Lac,87.49,CHF,3.1,"Bahnhofstrasse 64, Zuerich",ZRH,47.36649,8.53675,1.22,"WiFi,Parking,Restaurant,Bar",STANDARD_ROOM,BREAKFAST,408,Zurich,city,11,9,3,37,250,FALSE,Autumn,FALSE,FALSE,13.5,10,17,1,0,7.2,FALSE,Independent,FALSE
14.09.2026,Monday,Arosa,BWZRH091,BEST WESTERN HOTEL ZURCHERHOF,241.46,CHF,3.9,"Hauptstrasse 31, Arosa",ZRH,47.37503,8.54445,107.47,"WiFi,Gym,Pool,Spa",STANDARD_ROOM,BREAKFAST,1775,Graubuenden,alpine_ski_resort,10,9,3,38,257,FALSE,Autumn,FALSE,FALSE,0.3,-3.7,6.9,3.4,0,7,FALSE,Best Western,TRUE
14.09.2026,Monday,Arosa,MCZRHDTM,Zurich Marriott Hotel,514.06,CHF,4.6,"Bahnhofstrasse 92, Arosa",ZRH,47.38247,8.54026,108.23,"WiFi,24h Reception,Luggage Storage",DELUXE_ROOM,ROOM_ONLY,1775,Graubuenden,alpine_ski_resort,9.2,9,3,38,257,FALSE,Autumn,FALSE,FALSE,0.3,-3.6,6.9,7.3,0,5.1,FALSE,Marriott,TRUE
14.09.2026,Monday,Arosa,ONZRHCTY,HOTEL CITY,225.05,CHF,3.6,"Hauptstrasse 57, Arosa",ZRH,47.37474,8.53611,107.95,"WiFi,Gym,Pool,Spa",BUDGET_ROOM,ROOM_ONLY,1775,Graubuenden,alpine_ski_resort,10.1,9,3,38,257,FALSE,Autumn,FALSE,FALSE,4.5,-2,10.7,9.2,0,4.5,FALSE,Independent,FALSE
14.09.2026,Monday,Basel,RTBSLBAH,ibis Basel Bahnhof,109.45,CHF,2.8,"Marktplatz 41, Basel",BSL,47.54683,7.58427,1.46,"WiFi,Parking,Breakfast",STANDARD_ROOM,ROOM_ONLY,260,Basel-Stadt,city,7.2,9,3,38,257,FALSE,Autumn,FALSE,FALSE,10.6,5.4,14.4,5.1,0,5.2,FALSE,Accor (ibis),TRUE
14.09.2026,Monday,Bern,BWBRN230,Best Western Plus Hotel Bern,213.8,CHF,3.5,"Hauptstrasse 14, Bern",BRN,46.94877,7.44633,0.12,"WiFi,Restaurant,Room Service",STANDARD_ROOM,ROOM_ONLY,542,Bern,city,5.5,9,3,38,257,FALSE,Autumn,FALSE,FALSE,10.9,6.7,16.2,6.3,0,7.2,FALSE,Best Western,TRUE
14.09.2026,Monday,Chur,BWZRH091,BEST WESTERN HOTEL ZURCHERHOF,214.98,CHF,3.6,"Poststrasse 16, Chur",ZRH,47.37503,8.54445,94.9,"WiFi,24h Reception,Luggage Storage",STANDARD_ROOM,BREAKFAST,593,Graubuenden,city,10,9,3,38,257,FALSE,Autumn,FALSE,FALSE,9.7,5.6,14.8,11.1,0,8.1,FALSE,Best Western,TRUE
14.09.2026,Monday,Chur,MCZRHDTM,Zurich Marriott Hotel,441.89,CHF,4.7,"Bahnhofstrasse 69, Chur",ZRH,47.38247,8.54026,95.65,"WiFi,Parking,Restaurant,Bar",DELUXE_ROOM,ROOM_ONLY,593,Graubuenden,city,9.2,9,3,38,257,FALSE,Autumn,FALSE,FALSE,7.5,0.6,13.3,0,0,6.8,FALSE,Marriott,TRUE
14.09.2026,Monday,Chur,ONZRHCTY,HOTEL CITY,197.57,CHF,3.7,"Hauptstrasse 85, Chur",ZRH,47.37474,8.53611,95.38,"WiFi,Parking,Breakfast",BUDGET_ROOM,ROOM_ONLY,593,Graubuenden,city,10.1,9,3,38,257,FALSE,Autumn,FALSE,FALSE,9.8,4.5,15.3,5.1,0,8.1,FALSE,Independent,FALSE
14.09.2026,Monday,Genf,ICGVAICA,INTERCONTINENTAL GENEVA,443.9,CHF,4.3,"Bahnhofstrasse 25, Genf",GVA,46.22461,6.13268,2.39,"WiFi,Gym,Pool,Spa",COMFORT_ROOM,ROOM_ONLY,375,Geneva,city,2.4,9,3,38,257,FALSE,Autumn,FALSE,FALSE,11.1,6.5,15,3.8,0,4.6,FALSE,IHG (InterContinental),TRUE
14.09.2026,Monday,Genf,RTGVAGAR,ibis Geneve Centre Gare,124.05,CHF,3.2,"Poststrasse 60, Genf",GVA,46.20765,6.13827,0.52,"WiFi,Restaurant,Room Service",STANDARD_ROOM,ROOM_ONLY,375,Geneva,city,4.1,9,3,38,257,FALSE,Autumn,FALSE,FALSE,14,7.7,20.4,4.1,0,5.9,FALSE,Accor (ibis),TRUE
14.09.2026,Monday,Genf,RTGVARES,Résidence Studio Genève Centre,109.7,CHF,2.8,"Marktplatz 61, Genf",GVA,46.2117,6.14696,0.86,"WiFi,Gym,Pool,Spa",STANDARD_ROOM,ROOM_ONLY,375,Geneva,city,4.1,9,3,38,257,FALSE,Autumn,FALSE,FALSE,9.5,5.4,14.5,3.1,0,6.3,FALSE,Independent,FALSE
14.09.2026,Monday,Interlaken,BWZRH091,BEST WESTERN HOTEL ZURCHERHOF,249.22,CHF,4.3,"Marktplatz 84, Interlaken",ZRH,47.37503,8.54445,92.36,"WiFi,Parking,Breakfast",STANDARD_ROOM,BREAKFAST,570,Bern,mountain_resort,10,9,3,38,257,FALSE,Autumn,FALSE,FALSE,10.6,5,14.6,7,0,7.5,FALSE,Best Western,TRUE
14.09.2026,Monday,Interlaken,MCZRHDTM,Zurich Marriott Hotel,485.24,CHF,4.8,"Kirchgasse 27, Interlaken",ZRH,47.38247,8.54026,92.87,"WiFi,24h Reception,Luggage Storage",DELUXE_ROOM,ROOM_ONLY,570,Bern,mountain_resort,9.2,9,3,38,257,FALSE,Autumn,FALSE,FALSE,10.8,5.5,16,2.7,0,6.6,FALSE,Marriott,TRUE
14.09.2026,Monday,Interlaken,ONZRHCTY,HOTEL CITY,222,CHF,3.8,"Marktplatz 16, Interlaken",ZRH,47.37474,8.53611,91.98,"WiFi,Restaurant,Room Service",BUDGET_ROOM,ROOM_ONLY,570,Bern,mountain_resort,10.1,9,3,38,257,FALSE,Autumn,FALSE,FALSE,9.7,5.5,16.3,6.3,0,5,FALSE,Independent,FALSE
14.09.2026,Monday,Lausanne,ICGVAICA,INTERCONTINENTAL GENEVA,436.46,CHF,4.5,"Hauptstrasse 48, Lausanne",GVA,46.22461,6.13268,50.46,"WiFi,Gym,Pool,Spa",COMFORT_ROOM,ROOM_ONLY,495,Vaud,city,2.4,9,3,38,257,FALSE,Autumn,FALSE,FALSE,13.1,6.7,16.4,3.3,0,5.8,FALSE,IHG (InterContinental),TRUE
14.09.2026,Monday,Lausanne,RTGVAGAR,ibis Geneve Centre Gare,119.16,CHF,3.2,"Bahnhofstrasse 9, Lausanne",GVA,46.20765,6.13827,51.39,"WiFi,Restaurant,Room Service",STANDARD_ROOM,ROOM_ONLY,495,Vaud,city,4.1,9,3,38,257,FALSE,Autumn,FALSE,FALSE,7.5,2.1,14,6.2,0,6.3,FALSE,Accor (ibis),TRUE
14.09.2026,Monday,Lausanne,RTGVARES,Résidence Studio Genève Centre,104.86,CHF,3,"Bahnhofstrasse 91, Lausanne",GVA,46.2117,6.14696,50.59,"WiFi,Parking,Breakfast",STANDARD_ROOM,ROOM_ONLY,495,Vaud,city,4.1,9,3,38,257,FALSE,Autumn,FALSE,FALSE,9.3,4.2,15.6,8.4,0,5.2,FALSE,Independent,FALSE
14.09.2026,Monday,Luzern,BWZRH091,BEST WESTERN HOTEL ZURCHERHOF,229.53,CHF,3.9,"Poststrasse 57, Luzern",ZRH,47.37503,8.54445,40.25,"WiFi,24h Reception,Luggage Storage",STANDARD_ROOM,BREAKFAST,435,Lucerne,city,10,9,3,38,257,FALSE,Autumn,FALSE,FALSE,11.7,5.3,15.2,0,0,7.3,FALSE,Best Western,TRUE
14.09.2026,Monday,Luzern,MCZRHDTM,Zurich Marriott Hotel,493.26,CHF,4.2,"Marktplatz 94, Luzern",ZRH,47.38247,8.54026,40.86,"WiFi,Parking,Breakfast",DELUXE_ROOM,ROOM_ONLY,435,Lucerne,city,9.2,9,3,38,257,FALSE,Autumn,FALSE,FALSE,9.7,2.8,13.7,5,0,6.8,FALSE,Marriott,TRUE
14.09.2026,Monday,Luzern,ONZRHCTY,HOTEL CITY,222.84,CHF,3.6,"Marktplatz 73, Luzern",ZRH,47.37474,8.53611,39.95,"WiFi,Gym,Pool,Spa",BUDGET_ROOM,ROOM_ONLY,435,Lucerne,city,10.1,9,3,38,257,FALSE,Autumn,FALSE,FALSE,9.3,3.4,15.8,5.1,0,7.8,FALSE,Independent,FALSE
14.09.2026,Monday,St. Gallen,BWZRH091,BEST WESTERN HOTEL ZURCHERHOF,197.61,CHF,3.5,"Kirchgasse 94, St. Gallen",ZRH,47.37503,8.54445,62.88,"WiFi,Gym,Pool,Spa",STANDARD_ROOM,BREAKFAST,675,St. Gallen,city,10,9,3,38,257,FALSE,Autumn,FALSE,FALSE,9.4,4.5,13.7,3.3,0,6.6,FALSE,Best Western,TRUE
14.09.2026,Monday,St. Gallen,MCZRHDTM,Zurich Marriott Hotel,417.79,CHF,4.6,"Marktplatz 68, St. Gallen",ZRH,47.38247,8.54026,63.12,"WiFi,24h Reception,Luggage Storage",DELUXE_ROOM,ROOM_ONLY,675,St. Gallen,city,9.2,9,3,38,257,FALSE,Autumn,FALSE,FALSE,12.2,6.1,17.8,1.3,0,6.4,FALSE,Marriott,TRUE
14.09.2026,Monday,St. Gallen,ONZRHCTY,HOTEL CITY,196.9,CHF,3.6,"Poststrasse 83, St. Gallen",ZRH,47.37474,8.53611,63.51,"WiFi,Parking,Restaurant,Bar",BUDGET_ROOM,ROOM_ONLY,675,St. Gallen,city,10.1,9,3,38,257,FALSE,Autumn,FALSE,FALSE,9.4,2.8,16,7.5,0,4.6,FALSE,Independent,FALSE
14.09.2026,Monday,St. Moritz,BWZRH091,BEST WESTERN HOTEL ZURCHERHOF,248.36,CHF,3.8,"Marktplatz 94, St. Moritz",ZRH,47.37503,8.54445,138.28,"WiFi,Parking,Restaurant,Bar",STANDARD_ROOM,BREAKFAST,1856,Graubuenden,alpine_ski_resort,10,9,3,38,257,FALSE,Autumn,FALSE,FALSE,5.1,1.2,11.2,3.5,0,5.8,FALSE,Best Western,TRUE
14.09.2026,Monday,St. Moritz,MCZRHDTM,Zurich Marriott Hotel,484.08,CHF,4.5,"Bahnhofstrasse 5, St. Moritz",ZRH,47.38247,8.54026,139.08,"WiFi,Parking,Breakfast",DELUXE_ROOM,ROOM_ONLY,1856,Graubuenden,alpine_ski_resort,9.2,9,3,38,257,FALSE,Autumn,FALSE,FALSE,2.2,-4.8,9.2,6.7,0,6.1,FALSE,Marriott,TRUE
14.09.2026,Monday,St. Moritz,ONZRHCTY,HOTEL CITY,223.75,CHF,3.6,"Kirchgasse 22, St. Moritz",ZRH,47.37474,8.53611,138.7,"WiFi,Parking,Restaurant,Bar",BUDGET_ROOM,ROOM_ONLY,1856,Graubuenden,alpine_ski_resort,10.1,9,3,38,257,FALSE,Autumn,FALSE,FALSE,4.6,1.4,8.1,1.5,0,7.6,FALSE,Independent,FALSE
14.09.2026,Monday,Winterthur,BWZRH091,BEST WESTERN HOTEL ZURCHERHOF,204.12,CHF,3.6,"Hauptstrasse 25, Winterthur",ZRH,47.37503,8.54445,20.79,"WiFi,24h Reception,Luggage Storage",STANDARD_ROOM,BREAKFAST,439,Zurich,city,10,9,3,38,257,FALSE,Autumn,FALSE,FALSE,12.9,8.9,16.1,2.9,0,6.8,FALSE,Best Western,TRUE
14.09.2026,Monday,Winterthur,MCZRHDTM,Zurich Marriott Hotel,410.9,CHF,4.2,"Kirchgasse 90, Winterthur",ZRH,47.38247,8.54026,20.48,"WiFi,Restaurant,Room Service",DELUXE_ROOM,ROOM_ONLY,439,Zurich,city,9.2,9,3,38,257,FALSE,Autumn,FALSE,FALSE,12.9,8.3,19.1,9.1,0,7,FALSE,Marriott,TRUE
14.09.2026,Monday,Winterthur,ONZRHCTY,HOTEL CITY,198.86,CHF,3.6,"Marktplatz 3, Winterthur",ZRH,47.37474,8.53611,21.28,"WiFi,24h Reception,Luggage Storage",BUDGET_ROOM,ROOM_ONLY,439,Zurich,city,10.1,9,3,38,257,FALSE,Autumn,FALSE,FALSE,9.4,5.4,13.7,6,0,7.8,FALSE,Independent,FALSE
14.09.2026,Monday,Zermatt,BWZRH091,BEST WESTERN HOTEL ZURCHERHOF,245.51,CHF,3.7,"Hauptstrasse 77, Zermatt",ZRH,47.37503,8.54445,162.35,"WiFi,Parking,Restaurant,Bar",STANDARD_ROOM,BREAKFAST,1620,Valais,alpine_ski_resort,10,9,3,38,257,FALSE,Autumn,FALSE,FALSE,1.8,-1.9,7.7,5,0,4.4,FALSE,Best Western,TRUE
14.09.2026,Monday,Zermatt,MCZRHDTM,Zurich Marriott Hotel,513.2,CHF,4.4,"Kirchgasse 54, Zermatt",ZRH,47.38247,8.54026,163,"WiFi,Parking,Restaurant,Bar",DELUXE_ROOM,ROOM_ONLY,1620,Valais,alpine_ski_resort,9.2,9,3,38,257,FALSE,Autumn,FALSE,FALSE,4.9,1.2,10.5,6.5,0,6.7,FALSE,Marriott,TRUE
14.09.2026,Monday,Zermatt,ONZRHCTY,HOTEL CITY,221.96,CHF,3.7,"Poststrasse 45, Zermatt",ZRH,47.37474,8.53611,162.08,"WiFi,24h Reception,Luggage Storage",BUDGET_ROOM,ROOM_ONLY,1620,Valais,alpine_ski_resort,10.1,9,3,38,257,FALSE,Autumn,FALSE,FALSE,3.1,-3.6,8.5,8,0,4.8,FALSE,Independent,FALSE
14.09.2026,Monday,Zuerich,BWZRH091,BEST WESTERN HOTEL ZURCHERHOF,201.02,CHF,3.2,"Hauptstrasse 7, Zuerich",ZRH,47.37503,8.54445,0.29,"WiFi,24h Reception,Luggage Storage",STANDARD_ROOM,BREAKFAST,408,Zurich,city,10,9,3,38,257,FALSE,Autumn,FALSE,FALSE,9.6,3.8,15.4,6.5,0,4.5,FALSE,Best Western,TRUE
14.09.2026,Monday,Zuerich,MCZRHDTM,Zurich Marriott Hotel,412.03,CHF,4.8,"Hauptstrasse 17, Zuerich",ZRH,47.38247,8.54026,0.63,"WiFi,Parking,Breakfast",DELUXE_ROOM,ROOM_ONLY,408,Zurich,city,9.2,9,3,38,257,FALSE,Autumn,FALSE,FALSE,11.2,7,15.6,7.2,0,8.3,FALSE,Marriott,TRUE
14.09.2026,Monday,Zuerich,ONZRHCTY,HOTEL CITY,193.89,CHF,3.2,"Hauptstrasse 40, Zuerich",ZRH,47.37474,8.53611,0.48,"WiFi,Parking,Restaurant,Bar",BUDGET_ROOM,ROOM_ONLY,408,Zurich,city,10.1,9,3,38,257,FALSE,Autumn,FALSE,FALSE,9,5.1,14.7,7,0,6.7,FALSE,Independent,FALSE
21.09.2026,Monday,Arosa,BWZRH091,BEST WESTERN HOTEL ZURCHERHOF,248.33,CHF,4,"Hauptstrasse 77, Arosa",ZRH,47.37503,8.54445,107.47,"WiFi,Parking,Breakfast",STANDARD_ROOM,BREAKFAST,1775,Graubuenden,alpine_ski_resort,10,9,3,39,264,FALSE,Autumn,FALSE,FALSE,-1.3,-4.5,3.4,1.3,0,6.5,FALSE,Best Western,TRUE
21.09.2026,Monday,Arosa,MCZRHDTM,Zurich Marriott Hotel,514.55,CHF,4.3,"Marktplatz 79, Arosa",ZRH,47.38247,8.54026,108.23,"WiFi,Parking,Restaurant,Bar",SUPERIOR_ROOM,ROOM_ONLY,1775,Graubuenden,alpine_ski_resort,9.2,9,3,39,264,FALSE,Autumn,FALSE,FALSE,-0.4,-5.4,6.6,9.9,0,7.5,FALSE,Marriott,TRUE
21.09.2026,Monday,Arosa,ONZRHCTY,HOTEL CITY,216.7,CHF,3.3,"Poststrasse 86, Arosa",ZRH,47.37474,8.53611,107.95,"WiFi,24h Reception,Luggage Storage",BUDGET_ROOM,ROOM_ONLY,1775,Graubuenden,alpine_ski_resort,10.1,9,3,39,264,FALSE,Autumn,FALSE,FALSE,-1.2,-6.7,3.9,4.5,0,5.9,FALSE,Independent,FALSE
21.09.2026,Monday,Basel,RTBSLBAH,ibis Basel Bahnhof,109.36,CHF,3.3,"Kirchgasse 7, Basel",BSL,47.54683,7.58427,1.46,"WiFi,Parking,Breakfast",STANDARD_ROOM,ROOM_ONLY,260,Basel-Stadt,city,7.2,9,3,39,264,FALSE,Autumn,FALSE,FALSE,13,8.8,18.3,5.2,0,6.8,FALSE,Accor (ibis),TRUE
21.09.2026,Monday,Bern,BWBRN230,Best Western Plus Hotel Bern,214.51,CHF,3.8,"Kirchgasse 50, Bern",BRN,46.94877,7.44633,0.12,"WiFi,Parking,Restaurant,Bar",STANDARD_ROOM,ROOM_ONLY,542,Bern,city,5.5,9,3,39,264,FALSE,Autumn,FALSE,FALSE,7.2,3.5,10.2,3.3,0,5.6,FALSE,Best Western,TRUE
21.09.2026,Monday,Chur,BWZRH091,BEST WESTERN HOTEL ZURCHERHOF,196.01,CHF,3.3,"Marktplatz 77, Chur",ZRH,47.37503,8.54445,94.9,"WiFi,24h Reception,Luggage Storage",STANDARD_ROOM,BREAKFAST,593,Graubuenden,city,10,9,3,39,264,FALSE,Autumn,FALSE,FALSE,5.6,-0.6,12,2.4,0,5.8,FALSE,Best Western,TRUE
21.09.2026,Monday,Chur,MCZRHDTM,Zurich Marriott Hotel,455.99,CHF,4.5,"Hauptstrasse 99, Chur",ZRH,47.38247,8.54026,95.65,"WiFi,Parking,Restaurant,Bar",SUPERIOR_ROOM,ROOM_ONLY,593,Graubuenden,city,9.2,9,3,39,264,FALSE,Autumn,FALSE,FALSE,8.6,2.1,15.4,6.8,0,7.4,FALSE,Marriott,TRUE
21.09.2026,Monday,Chur,ONZRHCTY,HOTEL CITY,197.18,CHF,3.3,"Hauptstrasse 51, Chur",ZRH,47.37474,8.53611,95.38,"WiFi,Restaurant,Room Service",BUDGET_ROOM,ROOM_ONLY,593,Graubuenden,city,10.1,9,3,39,264,FALSE,Autumn,FALSE,FALSE,6.3,1,10.7,0,0,6.3,FALSE,Independent,FALSE
21.09.2026,Monday,Genf,ICGVAICA,INTERCONTINENTAL GENEVA,421.28,CHF,4.4,"Hauptstrasse 19, Genf",GVA,46.22461,6.13268,2.39,"WiFi,Parking,Breakfast",COMFORT_ROOM,ROOM_ONLY,375,Geneva,city,2.4,9,3,39,264,FALSE,Autumn,FALSE,FALSE,11.5,5.5,17.9,4.6,0,7.7,FALSE,IHG (InterContinental),TRUE
21.09.2026,Monday,Genf,RTGVAGAR,ibis Geneve Centre Gare,117.79,CHF,3.3,"Bahnhofstrasse 11, Genf",GVA,46.20765,6.13827,0.52,"WiFi,Gym,Pool,Spa",STANDARD_ROOM,ROOM_ONLY,375,Geneva,city,4.1,9,3,39,264,FALSE,Autumn,FALSE,FALSE,7.6,0.7,13.2,0,0,5.3,FALSE,Accor (ibis),TRUE
21.09.2026,Monday,Genf,RTGVARES,Résidence Studio Genève Centre,105.74,CHF,2.8,"Poststrasse 11, Genf",GVA,46.2117,6.14696,0.86,"WiFi,Parking,Restaurant,Bar",STANDARD_ROOM,ROOM_ONLY,375,Geneva,city,4.1,9,3,39,264,FALSE,Autumn,FALSE,FALSE,7.4,3.8,11.9,2.5,0,7.8,FALSE,Independent,FALSE
21.09.2026,Monday,Interlaken,BWZRH091,BEST WESTERN HOTEL ZURCHERHOF,235.7,CHF,4.3,"Bahnhofstrasse 85, Interlaken",ZRH,47.37503,8.54445,92.36,"WiFi,Parking,Restaurant,Bar",STANDARD_ROOM,BREAKFAST,570,Bern,mountain_resort,10,9,3,39,264,FALSE,Autumn,FALSE,FALSE,8,2.5,13.6,0,0,6.3,FALSE,Best Western,TRUE
21.09.2026,Monday,Interlaken,MCZRHDTM,Zurich Marriott Hotel,547.7,CHF,4.6,"Poststrasse 57, Interlaken",ZRH,47.38247,8.54026,92.87,"WiFi,Parking,Restaurant,Bar",SUPERIOR_ROOM,ROOM_ONLY,570,Bern,mountain_resort,9.2,9,3,39,264,FALSE,Autumn,FALSE,FALSE,9.4,5.8,14.6,9,0,5.8,FALSE,Marriott,TRUE
21.09.2026,Monday,Interlaken,ONZRHCTY,HOTEL CITY,230.65,CHF,3.9,"Bahnhofstrasse 91, Interlaken",ZRH,47.37474,8.53611,91.98,"WiFi,Gym,Pool,Spa",BUDGET_ROOM,ROOM_ONLY,570,Bern,mountain_resort,10.1,9,3,39,264,FALSE,Autumn,FALSE,FALSE,10.4,4.6,16.2,10.1,0,7.4,FALSE,Independent,FALSE
21.09.2026,Monday,Lausanne,ICGVAICA,INTERCONTINENTAL GENEVA,446.71,CHF,4.6,"Kirchgasse 38, Lausanne",GVA,46.22461,6.13268,50.46,"WiFi,Parking,Restaurant,Bar",COMFORT_ROOM,ROOM_ONLY,495,Vaud,city,2.4,9,3,39,264,FALSE,Autumn,FALSE,FALSE,10.9,4.5,17.1,0,0,5.3,FALSE,IHG (InterContinental),TRUE
21.09.2026,Monday,Lausanne,RTGVAGAR,ibis Geneve Centre Gare,118.35,CHF,2.8,"Bahnhofstrasse 16, Lausanne",GVA,46.20765,6.13827,51.39,"WiFi,Gym,Pool,Spa",STANDARD_ROOM,ROOM_ONLY,495,Vaud,city,4.1,9,3,39,264,FALSE,Autumn,FALSE,FALSE,8,4.1,11.9,1.9,0,6.5,FALSE,Accor (ibis),TRUE
21.09.2026,Monday,Lausanne,RTGVARES,Résidence Studio Genève Centre,108.62,CHF,2.8,"Kirchgasse 14, Lausanne",GVA,46.2117,6.14696,50.59,"WiFi,24h Reception,Luggage Storage",STANDARD_ROOM,ROOM_ONLY,495,Vaud,city,4.1,9,3,39,264,FALSE,Autumn,FALSE,FALSE,7.3,3,10.3,8.8,0,4.4,FALSE,Independent,FALSE
21.09.2026,Monday,Luzern,BWZRH091,BEST WESTERN HOTEL ZURCHERHOF,239.09,CHF,3.7,"Hauptstrasse 96, Luzern",ZRH,47.37503,8.54445,40.25,"WiFi,Gym,Pool,Spa",STANDARD_ROOM,BREAKFAST,435,Lucerne,city,10,9,3,39,264,FALSE,Autumn,FALSE,FALSE,10.2,5.1,14.3,8,0,7,FALSE,Best Western,TRUE
21.09.2026,Monday,Luzern,MCZRHDTM,Zurich Marriott Hotel,516.8,CHF,4.8,"Poststrasse 95, Luzern",ZRH,47.38247,8.54026,40.86,"WiFi,24h Reception,Luggage Storage",SUPERIOR_ROOM,ROOM_ONLY,435,Lucerne,city,9.2,9,3,39,264,FALSE,Autumn,FALSE,FALSE,7.2,3.7,11.7,8.9,0,4.9,FALSE,Marriott,TRUE
21.09.2026,Monday,Luzern,ONZRHCTY,HOTEL CITY,218.72,CHF,3.3,"Bahnhofstrasse 3, Luzern",ZRH,47.37474,8.53611,39.95,"WiFi,Restaurant,Room Service",BUDGET_ROOM,ROOM_ONLY,435,Lucerne,city,10.1,9,3,39,264,FALSE,Autumn,FALSE,FALSE,6.9,2.5,10.9,8.8,0,6.2,FALSE,Independent,FALSE
21.09.2026,Monday,St. Gallen,BWZRH091,BEST WESTERN HOTEL ZURCHERHOF,193.71,CHF,3.3,"Kirchgasse 28, St. Gallen",ZRH,47.37503,8.54445,62.88,"WiFi,Gym,Pool,Spa",STANDARD_ROOM,BREAKFAST,675,St. Gallen,city,10,9,3,39,264,FALSE,Autumn,FALSE,FALSE,5.4,0.2,11,4.4,0,5.3,FALSE,Best Western,TRUE
21.09.2026,Monday,St. Gallen,MCZRHDTM,Zurich Marriott Hotel,465.33,CHF,4.6,"Poststrasse 58, St. Gallen",ZRH,47.38247,8.54026,63.12,"WiFi,Parking,Restaurant,Bar",SUPERIOR_ROOM,ROOM_ONLY,675,St. Gallen,city,9.2,9,3,39,264,FALSE,Autumn,FALSE,FALSE,8.1,4.8,14.5,3.9,0,6.7,FALSE,Marriott,TRUE
21.09.2026,Monday,St. Gallen,ONZRHCTY,HOTEL CITY,196.15,CHF,3.4,"Bahnhofstrasse 65, St. Gallen",ZRH,47.37474,8.53611,63.51,"WiFi,Gym,Pool,Spa",BUDGET_ROOM,ROOM_ONLY,675,St. Gallen,city,10.1,9,3,39,264,FALSE,Autumn,FALSE,FALSE,10.2,6.2,15.2,0.6,0,4,FALSE,Independent,FALSE
21.09.2026,Monday,St. Moritz,BWZRH091,BEST WESTERN HOTEL ZURCHERHOF,242.01,CHF,3.9,"Bahnhofstrasse 15, St. Moritz",ZRH,47.37503,8.54445,138.28,"WiFi,Parking,Restaurant,Bar",STANDARD_ROOM,BREAKFAST,1856,Graubuenden,alpine_ski_resort,10,9,3,39,264,FALSE,Autumn,FALSE,FALSE,-1.7,-7.1,2,4.4,0,6.6,FALSE,Best Western,TRUE
21.09.2026,Monday,St. Moritz,MCZRHDTM,Zurich Marriott Hotel,523.66,CHF,4.2,"Kirchgasse 75, St. Moritz",ZRH,47.38247,8.54026,139.08,"WiFi,24h Reception,Luggage Storage",SUPERIOR_ROOM,ROOM_ONLY,1856,Graubuenden,alpine_ski_resort,9.2,9,3,39,264,FALSE,Autumn,FALSE,FALSE,2.9,-1.3,7.8,6.9,0,6.8,FALSE,Marriott,TRUE
21.09.2026,Monday,St. Moritz,ONZRHCTY,HOTEL CITY,226.83,CHF,3.7,"Marktplatz 32, St. Moritz",ZRH,47.37474,8.53611,138.7,"WiFi,24h Reception,Luggage Storage",BUDGET_ROOM,ROOM_ONLY,1856,Graubuenden,alpine_ski_resort,10.1,9,3,39,264,FALSE,Autumn,FALSE,FALSE,-0.4,-6.1,6.5,8.4,0,6.4,FALSE,Independent,FALSE
21.09.2026,Monday,Winterthur,BWZRH091,BEST WESTERN HOTEL ZURCHERHOF,197.14,CHF,3.5,"Hauptstrasse 58, Winterthur",ZRH,47.37503,8.54445,20.79,"WiFi,24h Reception,Luggage Storage",STANDARD_ROOM,BREAKFAST,439,Zurich,city,10,9,3,39,264,FALSE,Autumn,FALSE,FALSE,12.2,5.7,16.2,3.6,0,7.8,FALSE,Best Western,TRUE
21.09.2026,Monday,Winterthur,MCZRHDTM,Zurich Marriott Hotel,447.81,CHF,4.3,"Bahnhofstrasse 35, Winterthur",ZRH,47.38247,8.54026,20.48,"WiFi,Restaurant,Room Service",SUPERIOR_ROOM,ROOM_ONLY,439,Zurich,city,9.2,9,3,39,264,FALSE,Autumn,FALSE,FALSE,8.8,2.8,11.9,4.7,0,6.8,FALSE,Marriott,TRUE
21.09.2026,Monday,Winterthur,ONZRHCTY,HOTEL CITY,189.99,CHF,3.5,"Hauptstrasse 34, Winterthur",ZRH,47.37474,8.53611,21.28,"WiFi,24h Reception,Luggage Storage",BUDGET_ROOM,ROOM_ONLY,439,Zurich,city,10.1,9,3,39,264,FALSE,Autumn,FALSE,FALSE,12.3,6.7,17,7.3,0,5.6,FALSE,Independent,FALSE
21.09.2026,Monday,Zermatt,BWZRH091,BEST WESTERN HOTEL ZURCHERHOF,226.74,CHF,3.6,"Bahnhofstrasse 78, Zermatt",ZRH,47.37503,8.54445,162.35,"WiFi,Parking,Restaurant,Bar",STANDARD_ROOM,BREAKFAST,1620,Valais,alpine_ski_resort,10,9,3,39,264,FALSE,Autumn,FALSE,FALSE,2.6,-4,7.6,0,0,4.5,FALSE,Best Western,TRUE
21.09.2026,Monday,Zermatt,MCZRHDTM,Zurich Marriott Hotel,556.88,CHF,4.3,"Poststrasse 93, Zermatt",ZRH,47.38247,8.54026,163,"WiFi,Restaurant,Room Service",SUPERIOR_ROOM,ROOM_ONLY,1620,Valais,alpine_ski_resort,9.2,9,3,39,264,FALSE,Autumn,FALSE,FALSE,0,-5,3.7,8,0,5.1,FALSE,Marriott,TRUE
21.09.2026,Monday,Zermatt,ONZRHCTY,HOTEL CITY,215.74,CHF,3.7,"Kirchgasse 4, Zermatt",ZRH,47.37474,8.53611,162.08,"WiFi,Parking,Restaurant,Bar",BUDGET_ROOM,ROOM_ONLY,1620,Valais,alpine_ski_resort,10.1,9,3,39,264,FALSE,Autumn,FALSE,FALSE,-0.6,-6.3,4.2,10.8,0,4.3,FALSE,Independent,FALSE
21.09.2026,Monday,Zuerich,BWZRH091,BEST WESTERN HOTEL ZURCHERHOF,205.92,CHF,3.5,"Kirchgasse 87, Zuerich",ZRH,47.37503,8.54445,0.29,"WiFi,Parking,Restaurant,Bar",STANDARD_ROOM,BREAKFAST,408,Zurich,city,10,9,3,39,264,FALSE,Autumn,FALSE,FALSE,8.1,4.2,11.3,6.3,0,4,FALSE,Best Western,TRUE
21.09.2026,Monday,Zuerich,MCZRHDTM,Zurich Marriott Hotel,464.38,CHF,4.8,"Poststrasse 6, Zuerich",ZRH,47.38247,8.54026,0.63,"WiFi,Gym,Pool,Spa",SUPERIOR_ROOM,ROOM_ONLY,408,Zurich,city,9.2,9,3,39,264,FALSE,Autumn,FALSE,FALSE,9.2,5,12.2,7.8,0,5.2,FALSE,Marriott,TRUE
21.09.2026,Monday,Zuerich,ONZRHCTY,HOTEL CITY,192.47,CHF,3.7,"Bahnhofstrasse 13, Zuerich",ZRH,47.37474,8.53611,0.48,"WiFi,24h Reception,Luggage Storage",BUDGET_ROOM,ROOM_ONLY,408,Zurich,city,10.1,9,3,39,264,FALSE,Autumn,FALSE,FALSE,10.8,7.1,15.7,5.7,0,4.8,FALSE,Independent,FALSE
28.09.2026,Monday,Arosa,BWZRH091,BEST WESTERN HOTEL ZURCHERHOF,227.37,CHF,4.2,"Kirchgasse 31, Arosa",ZRH,47.37503,8.54445,107.47,"WiFi,Parking,Breakfast",STANDARD_ROOM,BREAKFAST,1775,Graubuenden,alpine_ski_resort,10,9,3,40,271,FALSE,Autumn,FALSE,FALSE,0.9,-5.6,6.2,7.3,0,5.7,FALSE,Best Western,TRUE
28.09.2026,Monday,Arosa,MCZRHDTM,Zurich Marriott Hotel,500.12,CHF,4.4,"Bahnhofstrasse 93, Arosa",ZRH,47.38247,8.54026,108.23,"WiFi,Gym,Pool,Spa",STANDARD_ROOM,ROOM_ONLY,1775,Graubuenden,alpine_ski_resort,9.2,9,3,40,271,FALSE,Autumn,FALSE,FALSE,-0.9,-4.1,5.1,5.8,0,7.2,FALSE,Marriott,TRUE
28.09.2026,Monday,Arosa,ONZRHCTY,HOTEL CITY,223.66,CHF,3.3,"Kirchgasse 63, Arosa",ZRH,47.37474,8.53611,107.95,"WiFi,Parking,Breakfast",BUDGET_ROOM,ROOM_ONLY,1775,Graubuenden,alpine_ski_resort,10.1,9,3,40,271,FALSE,Autumn,FALSE,FALSE,-0.2,-6,4.9,6.1,0,6.9,FALSE,Independent,FALSE
28.09.2026,Monday,Basel,RTBSLBAH,ibis Basel Bahnhof,108.69,CHF,2.9,"Bahnhofstrasse 49, Basel",BSL,47.54683,7.58427,1.46,"WiFi,24h Reception,Luggage Storage",STANDARD_ROOM,ROOM_ONLY,260,Basel-Stadt,city,7.2,9,3,40,271,FALSE,Autumn,FALSE,FALSE,11.8,7.6,17.9,0.8,0,4.7,FALSE,Accor (ibis),TRUE
28.09.2026,Monday,Bern,BWBRN230,Best Western Plus Hotel Bern,215.31,CHF,3.6,"Hauptstrasse 87, Bern",BRN,46.94877,7.44633,0.12,"WiFi,Restaurant,Room Service",STANDARD_ROOM,ROOM_ONLY,542,Bern,city,5.5,9,3,40,271,FALSE,Autumn,FALSE,FALSE,9.5,3.5,15,3.9,0,6.8,FALSE,Best Western,TRUE
28.09.2026,Monday,Chur,BWZRH091,BEST WESTERN HOTEL ZURCHERHOF,200.86,CHF,3.2,"Bahnhofstrasse 64, Chur",ZRH,47.37503,8.54445,94.9,"WiFi,Parking,Breakfast",STANDARD_ROOM,BREAKFAST,593,Graubuenden,city,10,9,3,40,271,FALSE,Autumn,FALSE,FALSE,9.4,4.2,13.9,6.9,0,5.2,FALSE,Best Western,TRUE
28.09.2026,Monday,Chur,MCZRHDTM,Zurich Marriott Hotel,450.96,CHF,4.6,"Hauptstrasse 13, Chur",ZRH,47.38247,8.54026,95.65,"WiFi,24h Reception,Luggage Storage",STANDARD_ROOM,ROOM_ONLY,593,Graubuenden,city,9.2,9,3,40,271,FALSE,Autumn,FALSE,FALSE,7.9,4.8,12.2,9.7,0,5.2,FALSE,Marriott,TRUE
28.09.2026,Monday,Chur,ONZRHCTY,HOTEL CITY,183.22,CHF,3.2,"Kirchgasse 88, Chur",ZRH,47.37474,8.53611,95.38,"WiFi,Parking,Breakfast",BUDGET_ROOM,ROOM_ONLY,593,Graubuenden,city,10.1,9,3,40,271,FALSE,Autumn,FALSE,FALSE,6.5,-0.4,10.6,11,0,7.4,FALSE,Independent,FALSE
28.09.2026,Monday,Genf,ICGVAICA,INTERCONTINENTAL GENEVA,442.92,CHF,4.3,"Poststrasse 87, Genf",GVA,46.22461,6.13268,2.39,"WiFi,Parking,Restaurant,Bar",COMFORT_ROOM,ROOM_ONLY,375,Geneva,city,2.4,9,3,40,271,FALSE,Autumn,FALSE,FALSE,9.1,2.6,15.4,5.3,0,3.4,FALSE,IHG (InterContinental),TRUE
28.09.2026,Monday,Genf,RTGVAGAR,ibis Geneve Centre Gare,114.24,CHF,2.8,"Marktplatz 5, Genf",GVA,46.20765,6.13827,0.52,"WiFi,Parking,Breakfast",STANDARD_ROOM,ROOM_ONLY,375,Geneva,city,4.1,9,3,40,271,FALSE,Autumn,FALSE,FALSE,10,5.9,15.1,6.7,0,3.8,FALSE,Accor (ibis),TRUE
28.09.2026,Monday,Genf,RTGVARES,Résidence Studio Genève Centre,109.49,CHF,3,"Poststrasse 16, Genf",GVA,46.2117,6.14696,0.86,"WiFi,Parking,Breakfast",STANDARD_ROOM,ROOM_ONLY,375,Geneva,city,4.1,9,3,40,271,FALSE,Autumn,FALSE,FALSE,7.9,1.9,11.3,4.9,0,4.5,FALSE,Independent,FALSE
28.09.2026,Monday,Interlaken,BWZRH091,BEST WESTERN HOTEL ZURCHERHOF,246.58,CHF,3.9,"Marktplatz 23, Interlaken",ZRH,47.37503,8.54445,92.36,"WiFi,Gym,Pool,Spa",STANDARD_ROOM,BREAKFAST,570,Bern,mountain_resort,10,9,3,40,271,FALSE,Autumn,FALSE,FALSE,6.9,2.3,11.3,4.7,0,4.3,FALSE,Best Western,TRUE
28.09.2026,Monday,Interlaken,MCZRHDTM,Zurich Marriott Hotel,534.24,CHF,4.3,"Bahnhofstrasse 39, Interlaken",ZRH,47.38247,8.54026,92.87,"WiFi,24h Reception,Luggage Storage",STANDARD_ROOM,ROOM_ONLY,570,Bern,mountain_resort,9.2,9,3,40,271,FALSE,Autumn,FALSE,FALSE,5.3,2.1,10.4,7.5,0,4.2,FALSE,Marriott,TRUE
28.09.2026,Monday,Interlaken,ONZRHCTY,HOTEL CITY,216.92,CHF,3.3,"Marktplatz 80, Interlaken",ZRH,47.37474,8.53611,91.98,"WiFi,Parking,Breakfast",BUDGET_ROOM,ROOM_ONLY,570,Bern,mountain_resort,10.1,9,3,40,271,FALSE,Autumn,FALSE,FALSE,9.7,2.9,16.4,4.2,0,4.9,FALSE,Independent,FALSE
28.09.2026,Monday,Lausanne,ICGVAICA,INTERCONTINENTAL GENEVA,431.8,CHF,4.4,"Hauptstrasse 65, Lausanne",GVA,46.22461,6.13268,50.46,"WiFi,Restaurant,Room Service",COMFORT_ROOM,ROOM_ONLY,495,Vaud,city,2.4,9,3,40,271,FALSE,Autumn,FALSE,FALSE,10.8,5.5,17.3,5.7,0,6.8,FALSE,IHG (InterContinental),TRUE
28.09.2026,Monday,Lausanne,RTGVAGAR,ibis Geneve Centre Gare,118.06,CHF,3.1,"Bahnhofstrasse 84, Lausanne",GVA,46.20765,6.13827,51.39,"WiFi,24h Reception,Luggage Storage",STANDARD_ROOM,ROOM_ONLY,495,Vaud,city,4.1,9,3,40,271,FALSE,Autumn,FALSE,FALSE,6.7,0.8,11.2,6.7,0,3.8,FALSE,Accor (ibis),TRUE
28.09.2026,Monday,Lausanne,RTGVARES,Résidence Studio Genève Centre,108.29,CHF,3.2,"Bahnhofstrasse 28, Lausanne",GVA,46.2117,6.14696,50.59,"WiFi,Gym,Pool,Spa",STANDARD_ROOM,ROOM_ONLY,495,Vaud,city,4.1,9,3,40,271,FALSE,Autumn,FALSE,FALSE,8.3,2.6,13.8,7,0,6.8,FALSE,Independent,FALSE
28.09.2026,Monday,Luzern,BWZRH091,BEST WESTERN HOTEL ZURCHERHOF,230.26,CHF,3.7,"Marktplatz 19, Luzern",ZRH,47.37503,8.54445,40.25,"WiFi,24h Reception,Luggage Storage",STANDARD_ROOM,BREAKFAST,435,Lucerne,city,10,9,3,40,271,FALSE,Autumn,FALSE,FALSE,9.2,5.4,13.4,4.4,0,4,FALSE,Best Western,TRUE
28.09.2026,Monday,Luzern,MCZRHDTM,Zurich Marriott Hotel,532.17,CHF,4.7,"Bahnhofstrasse 40, Luzern",ZRH,47.38247,8.54026,40.86,"WiFi,Parking,Breakfast",STANDARD_ROOM,ROOM_ONLY,435,Lucerne,city,9.2,9,3,40,271,FALSE,Autumn,FALSE,FALSE,9.4,6.1,12.5,7.6,0,4.4,FALSE,Marriott,TRUE
28.09.2026,Monday,Luzern,ONZRHCTY,HOTEL CITY,223.03,CHF,3.8,"Poststrasse 55, Luzern",ZRH,47.37474,8.53611,39.95,"WiFi,Parking,Breakfast",BUDGET_ROOM,ROOM_ONLY,435,Lucerne,city,10.1,9,3,40,271,FALSE,Autumn,FALSE,FALSE,8.1,3.5,14.7,3.2,0,6.9,FALSE,Independent,FALSE
28.09.2026,Monday,St. Gallen,BWZRH091,BEST WESTERN HOTEL ZURCHERHOF,204.6,CHF,3.8,"Bahnhofstrasse 13, St. Gallen",ZRH,47.37503,8.54445,62.88,"WiFi,Parking,Restaurant,Bar",STANDARD_ROOM,BREAKFAST,675,St. Gallen,city,10,9,3,40,271,FALSE,Autumn,FALSE,FALSE,4,-2.6,8.4,1.4,0,6.2,FALSE,Best Western,TRUE
28.09.2026,Monday,St. Gallen,MCZRHDTM,Zurich Marriott Hotel,440.29,CHF,4.3,"Hauptstrasse 79, St. Gallen",ZRH,47.38247,8.54026,63.12,"WiFi,Parking,Restaurant,Bar",STANDARD_ROOM,ROOM_ONLY,675,St. Gallen,city,9.2,9,3,40,271,FALSE,Autumn,FALSE,FALSE,5.5,2.1,11.4,2.5,0,7.2,FALSE,Marriott,TRUE
28.09.2026,Monday,St. Gallen,ONZRHCTY,HOTEL CITY,192.28,CHF,3.8,"Poststrasse 13, St. Gallen",ZRH,47.37474,8.53611,63.51,"WiFi,Parking,Breakfast",BUDGET_ROOM,ROOM_ONLY,675,St. Gallen,city,10.1,9,3,40,271,FALSE,Autumn,FALSE,FALSE,7.2,2.4,13.5,1,0,7.3,FALSE,Independent,FALSE
28.09.2026,Monday,St. Moritz,BWZRH091,BEST WESTERN HOTEL ZURCHERHOF,233.21,CHF,4.1,"Hauptstrasse 41, St. Moritz",ZRH,47.37503,8.54445,138.28,"WiFi,Restaurant,Room Service",STANDARD_ROOM,BREAKFAST,1856,Graubuenden,alpine_ski_resort,10,9,3,40,271,FALSE,Autumn,FALSE,FALSE,1.7,-3.3,6.2,5,0,6.1,FALSE,Best Western,TRUE
28.09.2026,Monday,St. Moritz,MCZRHDTM,Zurich Marriott Hotel,513.19,CHF,4.3,"Kirchgasse 47, St. Moritz",ZRH,47.38247,8.54026,139.08,"WiFi,Parking,Breakfast",STANDARD_ROOM,ROOM_ONLY,1856,Graubuenden,alpine_ski_resort,9.2,9,3,40,271,FALSE,Autumn,FALSE,FALSE,-2.9,-8.7,2.7,8.2,0,6.2,FALSE,Marriott,TRUE
28.09.2026,Monday,St. Moritz,ONZRHCTY,HOTEL CITY,228.57,CHF,3.8,"Marktplatz 80, St. Moritz",ZRH,47.37474,8.53611,138.7,"WiFi,Restaurant,Room Service",BUDGET_ROOM,ROOM_ONLY,1856,Graubuenden,alpine_ski_resort,10.1,9,3,40,271,FALSE,Autumn,FALSE,FALSE,2.8,-3.7,9.4,5,0,5.4,FALSE,Independent,FALSE
28.09.2026,Monday,Winterthur,BWZRH091,BEST WESTERN HOTEL ZURCHERHOF,196.21,CHF,3.4,"Hauptstrasse 40, Winterthur",ZRH,47.37503,8.54445,20.79,"WiFi,24h Reception,Luggage Storage",STANDARD_ROOM,BREAKFAST,439,Zurich,city,10,9,3,40,271,FALSE,Autumn,FALSE,FALSE,6.1,1.7,9.1,1.5,0,6.2,FALSE,Best Western,TRUE
28.09.2026,Monday,Winterthur,ONZRHCTY,HOTEL CITY,189.72,CHF,3.6,"Hauptstrasse 73, Winterthur",ZRH,47.37474,8.53611,21.28,"WiFi,Gym,Pool,Spa",BUDGET_ROOM,ROOM_ONLY,439,Zurich,city,10.1,9,3,40,271,FALSE,Autumn,FALSE,FALSE,9.2,3.8,13.8,4.4,0,4.4,FALSE,Independent,FALSE
28.09.2026,Monday,Zermatt,BWZRH091,BEST WESTERN HOTEL ZURCHERHOF,238.24,CHF,3.8,"Marktplatz 41, Zermatt",ZRH,47.37503,8.54445,162.35,"WiFi,Restaurant,Room Service",STANDARD_ROOM,BREAKFAST,1620,Valais,alpine_ski_resort,10,9,3,40,271,FALSE,Autumn,FALSE,FALSE,3.9,0,10.3,1.8,0,3.7,FALSE,Best Western,TRUE
28.09.2026,Monday,Zermatt,MCZRHDTM,Zurich Marriott Hotel,543.4,CHF,4.6,"Bahnhofstrasse 98, Zermatt",ZRH,47.38247,8.54026,163,"WiFi,Parking,Breakfast",STANDARD_ROOM,ROOM_ONLY,1620,Valais,alpine_ski_resort,9.2,9,3,40,271,FALSE,Autumn,FALSE,FALSE,3.4,-0.4,7.5,0.2,0,5.1,FALSE,Marriott,TRUE
28.09.2026,Monday,Zermatt,ONZRHCTY,HOTEL CITY,229.44,CHF,4.1,"Poststrasse 48, Zermatt",ZRH,47.37474,8.53611,162.08,"WiFi,Parking,Restaurant,Bar",BUDGET_ROOM,ROOM_ONLY,1620,Valais,alpine_ski_resort,10.1,9,3,40,271,FALSE,Autumn,FALSE,FALSE,3.1,-3.5,9.2,5.3,0,6.6,FALSE,Independent,FALSE
28.09.2026,Monday,Zuerich,BWZRH091,BEST WESTERN HOTEL ZURCHERHOF,198.63,CHF,3.7,"Bahnhofstrasse 84, Zuerich",ZRH,47.37503,8.54445,0.29,"WiFi,Gym,Pool,Spa",STANDARD_ROOM,BREAKFAST,408,Zurich,city,10,9,3,40,271,FALSE,Autumn,FALSE,FALSE,8.3,1.4,14.3,7.9,0,6.5,FALSE,Best Western,TRUE
28.09.2026,Monday,Zuerich,MCZRHDTM,Zurich Marriott Hotel,449.02,CHF,4.8,"Hauptstrasse 57, Zuerich",ZRH,47.38247,8.54026,0.63,"WiFi,Parking,Restaurant,Bar",STANDARD_ROOM,ROOM_ONLY,408,Zurich,city,9.2,9,3,40,271,FALSE,Autumn,FALSE,FALSE,11,5.1,16.1,5.3,0,3.8,FALSE,Marriott,TRUE
28.09.2026,Monday,Zuerich,ONZRHCTY,HOTEL CITY,183.4,CHF,3.3,"Bahnhofstrasse 53, Zuerich",ZRH,47.37474,8.53611,0.48,"WiFi,Parking,Breakfast",BUDGET_ROOM,ROOM_ONLY,408,Zurich,city,10.1,9,3,40,271,FALSE,Autumn,FALSE,FALSE,7.8,2,12.5,1.3,0,3.5,FALSE,Independent,FALSE
05.10.2026,Monday,Arosa,BWZRH091,BEST WESTERN HOTEL ZURCHERHOF,234.21,CHF,3.9,"Kirchgasse 8, Arosa",ZRH,47.37503,8.54445,107.47,"WiFi,Gym,Pool,Spa",STANDARD_ROOM,BREAKFAST,1775,Graubuenden,alpine_ski_resort,10,10,4,41,278,FALSE,Autumn,FALSE,FALSE,0.8,-5.2,7.2,4.4,0,3.5,FALSE,Best Western,TRUE
05.10.2026,Monday,Arosa,MCZRHDTM,Zurich Marriott Hotel,502.98,CHF,4.4,"Kirchgasse 97, Arosa",ZRH,47.38247,8.54026,108.23,"WiFi,Parking,Breakfast",DELUXE_ROOM,ROOM_ONLY,1775,Graubuenden,alpine_ski_resort,9.2,10,4,41,278,FALSE,Autumn,FALSE,FALSE,-2,-6.2,1.5,7.4,0,5.9,FALSE,Marriott,TRUE
05.10.2026,Monday,Arosa,ONZRHCTY,HOTEL CITY,200.98,CHF,3.6,"Kirchgasse 77, Arosa",ZRH,47.37474,8.53611,107.95,"WiFi,Parking,Breakfast",BUDGET_ROOM,ROOM_ONLY,1775,Graubuenden,alpine_ski_resort,10.1,10,4,41,278,FALSE,Autumn,FALSE,FALSE,0.9,-3.3,5.1,8,0,3.1,FALSE,Independent,FALSE
05.10.2026,Monday,Basel,RTBSLBAH,ibis Basel Bahnhof,111.85,CHF,3.1,"Marktplatz 66, Basel",BSL,47.54683,7.58427,1.46,"WiFi,Parking,Breakfast",STANDARD_ROOM,ROOM_ONLY,260,Basel-Stadt,city,7.2,10,4,41,278,FALSE,Autumn,FALSE,FALSE,7.3,0.6,14.1,3.3,0,3.8,FALSE,Accor (ibis),TRUE
05.10.2026,Monday,Bern,BWBRN230,Best Western Plus Hotel Bern,215.84,CHF,3.3,"Hauptstrasse 13, Bern",BRN,46.94877,7.44633,0.12,"WiFi,Parking,Breakfast",STANDARD_ROOM,ROOM_ONLY,542,Bern,city,5.5,10,4,41,278,FALSE,Autumn,FALSE,FALSE,7,2.4,11.6,11.6,0,5.2,FALSE,Best Western,TRUE
05.10.2026,Monday,Chur,BWZRH091,BEST WESTERN HOTEL ZURCHERHOF,191.93,CHF,3.4,"Poststrasse 77, Chur",ZRH,47.37503,8.54445,94.9,"WiFi,24h Reception,Luggage Storage",STANDARD_ROOM,BREAKFAST,593,Graubuenden,city,10,10,4,41,278,FALSE,Autumn,FALSE,FALSE,8,3.8,12.3,5.3,0,6.2,FALSE,Best Western,TRUE
05.10.2026,Monday,Chur,MCZRHDTM,Zurich Marriott Hotel,418.99,CHF,4.5,"Marktplatz 67, Chur",ZRH,47.38247,8.54026,95.65,"WiFi,Gym,Pool,Spa",DELUXE_ROOM,ROOM_ONLY,593,Graubuenden,city,9.2,10,4,41,278,FALSE,Autumn,FALSE,FALSE,4,-1.3,8.3,1.9,0,5.5,FALSE,Marriott,TRUE
05.10.2026,Monday,Chur,ONZRHCTY,HOTEL CITY,180.8,CHF,3.7,"Marktplatz 23, Chur",ZRH,47.37474,8.53611,95.38,"WiFi,Parking,Restaurant,Bar",BUDGET_ROOM,ROOM_ONLY,593,Graubuenden,city,10.1,10,4,41,278,FALSE,Autumn,FALSE,FALSE,4.2,-2.8,8,0,0,4.2,FALSE,Independent,FALSE
05.10.2026,Monday,Genf,ICGVAICA,INTERCONTINENTAL GENEVA,399.74,CHF,4.5,"Kirchgasse 7, Genf",GVA,46.22461,6.13268,2.39,"WiFi,Parking,Breakfast",COMFORT_ROOM,ROOM_ONLY,375,Geneva,city,2.4,10,4,41,278,FALSE,Autumn,FALSE,FALSE,10.5,5,16.2,9.8,0,6.7,FALSE,IHG (InterContinental),TRUE
05.10.2026,Monday,Genf,RTGVAGAR,ibis Geneve Centre Gare,118.64,CHF,3.2,"Poststrasse 2, Genf",GVA,46.20765,6.13827,0.52,"WiFi,24h Reception,Luggage Storage",STANDARD_ROOM,ROOM_ONLY,375,Geneva,city,4.1,10,4,41,278,FALSE,Autumn,FALSE,FALSE,7.1,1.2,11.8,3,0,3.9,FALSE,Accor (ibis),TRUE
05.10.2026,Monday,Genf,RTGVARES,Résidence Studio Genève Centre,109.17,CHF,3.1,"Kirchgasse 32, Genf",GVA,46.2117,6.14696,0.86,"WiFi,Parking,Breakfast",STANDARD_ROOM,ROOM_ONLY,375,Geneva,city,4.1,10,4,41,278,FALSE,Autumn,FALSE,FALSE,8.8,5.2,14.5,7.8,0,5.3,FALSE,Independent,FALSE
05.10.2026,Monday,Interlaken,BWZRH091,BEST WESTERN HOTEL ZURCHERHOF,230.3,CHF,4.2,"Marktplatz 4, Interlaken",ZRH,47.37503,8.54445,92.36,"WiFi,Gym,Pool,Spa",STANDARD_ROOM,BREAKFAST,570,Bern,mountain_resort,10,10,4,41,278,FALSE,Autumn,FALSE,FALSE,5.4,-1.4,11.8,5,0,3.6,FALSE,Best Western,TRUE
05.10.2026,Monday,Interlaken,MCZRHDTM,Zurich Marriott Hotel,486.38,CHF,4.6,"Marktplatz 4, Interlaken",ZRH,47.38247,8.54026,92.87,"WiFi,Parking,Breakfast",DELUXE_ROOM,ROOM_ONLY,570,Bern,mountain_resort,9.2,10,4,41,278,FALSE,Autumn,FALSE,FALSE,4,0,7.7,0,0,3,FALSE,Marriott,TRUE
05.10.2026,Monday,Interlaken,ONZRHCTY,HOTEL CITY,201.16,CHF,3.7,"Kirchgasse 59, Interlaken",ZRH,47.37474,8.53611,91.98,"WiFi,Gym,Pool,Spa",BUDGET_ROOM,ROOM_ONLY,570,Bern,mountain_resort,10.1,10,4,41,278,FALSE,Autumn,FALSE,FALSE,7.3,1.6,12.2,0,0,3.3,FALSE,Independent,FALSE
05.10.2026,Monday,Lausanne,ICGVAICA,INTERCONTINENTAL GENEVA,413.32,CHF,4.7,"Poststrasse 12, Lausanne",GVA,46.22461,6.13268,50.46,"WiFi,Parking,Breakfast",COMFORT_ROOM,ROOM_ONLY,495,Vaud,city,2.4,10,4,41,278,FALSE,Autumn,FALSE,FALSE,8.4,4.5,12.3,0,0,3.5,FALSE,IHG (InterContinental),TRUE
05.10.2026,Monday,Lausanne,RTGVAGAR,ibis Geneve Centre Gare,113.12,CHF,3.1,"Marktplatz 56, Lausanne",GVA,46.20765,6.13827,51.39,"WiFi,Restaurant,Room Service",STANDARD_ROOM,ROOM_ONLY,495,Vaud,city,4.1,10,4,41,278,FALSE,Autumn,FALSE,FALSE,8.1,3.7,12.7,0.5,0,4.9,FALSE,Accor (ibis),TRUE
05.10.2026,Monday,Lausanne,RTGVARES,Résidence Studio Genève Centre,104.4,CHF,3.2,"Poststrasse 40, Lausanne",GVA,46.2117,6.14696,50.59,"WiFi,Parking,Restaurant,Bar",STANDARD_ROOM,ROOM_ONLY,495,Vaud,city,4.1,10,4,41,278,FALSE,Autumn,FALSE,FALSE,8.8,3.8,14.7,7.1,0,3.5,FALSE,Independent,FALSE
05.10.2026,Monday,Luzern,BWZRH091,BEST WESTERN HOTEL ZURCHERHOF,234.29,CHF,3.8,"Bahnhofstrasse 27, Luzern",ZRH,47.37503,8.54445,40.25,"WiFi,Parking,Breakfast",STANDARD_ROOM,BREAKFAST,435,Lucerne,city,10,10,4,41,278,FALSE,Autumn,FALSE,FALSE,7.6,4.2,13.9,5,0,5.3,FALSE,Best Western,TRUE
05.10.2026,Monday,Luzern,MCZRHDTM,Zurich Marriott Hotel,475.14,CHF,4.3,"Kirchgasse 53, Luzern",ZRH,47.38247,8.54026,40.86,"WiFi,Restaurant,Room Service",DELUXE_ROOM,ROOM_ONLY,435,Lucerne,city,9.2,10,4,41,278,FALSE,Autumn,FALSE,FALSE,8.7,4.9,12.6,9.1,0,3.9,FALSE,Marriott,TRUE
05.10.2026,Monday,Luzern,ONZRHCTY,HOTEL CITY,204,CHF,3.3,"Kirchgasse 33, Luzern",ZRH,47.37474,8.53611,39.95,"WiFi,Restaurant,Room Service",BUDGET_ROOM,ROOM_ONLY,435,Lucerne,city,10.1,10,4,41,278,FALSE,Autumn,FALSE,FALSE,6.8,1.2,11.5,0,0,3.2,FALSE,Independent,FALSE
05.10.2026,Monday,St. Gallen,BWZRH091,BEST WESTERN HOTEL ZURCHERHOF,205.29,CHF,3.3,"Poststrasse 29, St. Gallen",ZRH,47.37503,8.54445,62.88,"WiFi,24h Reception,Luggage Storage",STANDARD_ROOM,BREAKFAST,675,St. Gallen,city,10,10,4,41,278,FALSE,Autumn,FALSE,FALSE,4.9,1.1,9.6,2,0,3.7,FALSE,Best Western,TRUE
05.10.2026,Monday,St. Gallen,MCZRHDTM,Zurich Marriott Hotel,430.34,CHF,4.7,"Poststrasse 85, St. Gallen",ZRH,47.38247,8.54026,63.12,"WiFi,Gym,Pool,Spa",DELUXE_ROOM,ROOM_ONLY,675,St. Gallen,city,9.2,10,4,41,278,FALSE,Autumn,FALSE,FALSE,4.3,-1.4,7.9,8.7,0,6.5,FALSE,Marriott,TRUE
05.10.2026,Monday,St. Gallen,ONZRHCTY,HOTEL CITY,166.79,CHF,3.7,"Marktplatz 14, St. Gallen",ZRH,47.37474,8.53611,63.51,"WiFi,Parking,Breakfast",BUDGET_ROOM,ROOM_ONLY,675,St. Gallen,city,10.1,10,4,41,278,FALSE,Autumn,FALSE,FALSE,7.6,2.1,13.5,4,0,5.7,FALSE,Independent,FALSE
05.10.2026,Monday,St. Moritz,BWZRH091,BEST WESTERN HOTEL ZURCHERHOF,231.81,CHF,4.3,"Poststrasse 74, St. Moritz",ZRH,47.37503,8.54445,138.28,"WiFi,24h Reception,Luggage Storage",STANDARD_ROOM,BREAKFAST,1856,Graubuenden,alpine_ski_resort,10,10,4,41,278,FALSE,Autumn,FALSE,FALSE,-4.2,-10.3,-0.2,6.7,0,6.9,FALSE,Best Western,TRUE
05.10.2026,Monday,St. Moritz,MCZRHDTM,Zurich Marriott Hotel,499.7,CHF,4.7,"Poststrasse 55, St. Moritz",ZRH,47.38247,8.54026,139.08,"WiFi,Restaurant,Room Service",DELUXE_ROOM,ROOM_ONLY,1856,Graubuenden,alpine_ski_resort,9.2,10,4,41,278,FALSE,Autumn,FALSE,FALSE,-1.6,-7.2,2.8,2,0,4.3,FALSE,Marriott,TRUE
05.10.2026,Monday,St. Moritz,ONZRHCTY,HOTEL CITY,210.54,CHF,3.7,"Kirchgasse 32, St. Moritz",ZRH,47.37474,8.53611,138.7,"WiFi,Parking,Restaurant,Bar",BUDGET_ROOM,ROOM_ONLY,1856,Graubuenden,alpine_ski_resort,10.1,10,4,41,278,FALSE,Autumn,FALSE,FALSE,1.1,-3,4.1,7.8,0,5.6,FALSE,Independent,FALSE
05.10.2026,Monday,Winterthur,BWZRH091,BEST WESTERN HOTEL ZURCHERHOF,206.54,CHF,3.3,"Hauptstrasse 4, Winterthur",ZRH,47.37503,8.54445,20.79,"WiFi,24h Reception,Luggage Storage",STANDARD_ROOM,BREAKFAST,439,Zurich,city,10,10,4,41,278,FALSE,Autumn,FALSE,FALSE,4.6,-1.9,11,5.9,0,5.9,FALSE,Best Western,TRUE
05.10.2026,Monday,Winterthur,MCZRHDTM,Zurich Marriott Hotel,432.5,CHF,4.7,"Marktplatz 48, Winterthur",ZRH,47.38247,8.54026,20.48,"WiFi,Restaurant,Room Service",DELUXE_ROOM,ROOM_ONLY,439,Zurich,city,9.2,10,4,41,278,FALSE,Autumn,FALSE,FALSE,5.1,-0.5,9.7,6.3,0,5.7,FALSE,Marriott,TRUE
05.10.2026,Monday,Winterthur,ONZRHCTY,HOTEL CITY,171.17,CHF,3.5,"Hauptstrasse 38, Winterthur",ZRH,47.37474,8.53611,21.28,"WiFi,Gym,Pool,Spa",BUDGET_ROOM,ROOM_ONLY,439,Zurich,city,10.1,10,4,41,278,FALSE,Autumn,FALSE,FALSE,5.9,-1,9.3,10.3,0,4.9,FALSE,Independent,FALSE
05.10.2026,Monday,Zermatt,BWZRH091,BEST WESTERN HOTEL ZURCHERHOF,225.12,CHF,3.5,"Hauptstrasse 24, Zermatt",ZRH,47.37503,8.54445,162.35,"WiFi,Parking,Restaurant,Bar",STANDARD_ROOM,BREAKFAST,1620,Valais,alpine_ski_resort,10,10,4,41,278,FALSE,Autumn,FALSE,FALSE,-0.1,-3.8,4.4,6.5,0,4.3,FALSE,Best Western,TRUE
05.10.2026,Monday,Zermatt,MCZRHDTM,Zurich Marriott Hotel,464.21,CHF,4.3,"Kirchgasse 35, Zermatt",ZRH,47.38247,8.54026,163,"WiFi,24h Reception,Luggage Storage",DELUXE_ROOM,ROOM_ONLY,1620,Valais,alpine_ski_resort,9.2,10,4,41,278,FALSE,Autumn,FALSE,FALSE,2.4,-1.1,5.7,4,0,3.7,FALSE,Marriott,TRUE
05.10.2026,Monday,Zermatt,ONZRHCTY,HOTEL CITY,209.3,CHF,3.8,"Hauptstrasse 72, Zermatt",ZRH,47.37474,8.53611,162.08,"WiFi,Gym,Pool,Spa",BUDGET_ROOM,ROOM_ONLY,1620,Valais,alpine_ski_resort,10.1,10,4,41,278,FALSE,Autumn,FALSE,FALSE,1.3,-3.6,7.1,11,0,4.4,FALSE,Independent,FALSE
05.10.2026,Monday,Zuerich,BWZRH091,BEST WESTERN HOTEL ZURCHERHOF,193.22,CHF,3.8,"Marktplatz 79, Zuerich",ZRH,47.37503,8.54445,0.29,"WiFi,24h Reception,Luggage Storage",STANDARD_ROOM,BREAKFAST,408,Zurich,city,10,10,4,41,278,FALSE,Autumn,FALSE,FALSE,6.9,3.7,11.1,0,0,6.3,FALSE,Best Western,TRUE
05.10.2026,Monday,Zuerich,MCZRHDTM,Zurich Marriott Hotel,434.54,CHF,4.5,"Marktplatz 65, Zuerich",ZRH,47.38247,8.54026,0.63,"WiFi,Parking,Breakfast",DELUXE_ROOM,ROOM_ONLY,408,Zurich,city,9.2,10,4,41,278,FALSE,Autumn,FALSE,FALSE,5.8,-0.6,12.7,3.5,0,4.7,FALSE,Marriott,TRUE
05.10.2026,Monday,Zuerich,ONZRHCTY,HOTEL CITY,181.77,CHF,3.7,"Poststrasse 80, Zuerich",ZRH,47.37474,8.53611,0.48,"WiFi,24h Reception,Luggage Storage",BUDGET_ROOM,ROOM_ONLY,408,Zurich,city,10.1,10,4,41,278,FALSE,Autumn,FALSE,FALSE,6.9,3.6,13.6,9.3,0,4,FALSE,Independent,FALSE
12.10.2026,Monday,Arosa,BWZRH091,BEST WESTERN HOTEL ZURCHERHOF,219.34,CHF,3.8,"Poststrasse 66, Arosa",ZRH,47.37503,8.54445,107.47,"WiFi,Parking,Restaurant,Bar",STANDARD_ROOM,BREAKFAST,1775,Graubuenden,alpine_ski_resort,10,10,4,42,285,FALSE,Autumn,FALSE,TRUE,-2.7,-8.4,3,9.3,0,3.5,FALSE,Best Western,TRUE
12.10.2026,Monday,Arosa,MCZRHDTM,Zurich Marriott Hotel,427.74,CHF,4.7,"Bahnhofstrasse 18, Arosa",ZRH,47.38247,8.54026,108.23,"WiFi,24h Reception,Luggage Storage",DELUXE_ROOM,ROOM_ONLY,1775,Graubuenden,alpine_ski_resort,9.2,10,4,42,285,FALSE,Autumn,FALSE,TRUE,-3.7,-10.5,2.5,3.1,0,5.5,FALSE,Marriott,TRUE
12.10.2026,Monday,Arosa,ONZRHCTY,HOTEL CITY,188.98,CHF,3.3,"Bahnhofstrasse 17, Arosa",ZRH,47.37474,8.53611,107.95,"WiFi,Gym,Pool,Spa",BUDGET_ROOM,ROOM_ONLY,1775,Graubuenden,alpine_ski_resort,10.1,10,4,42,285,FALSE,Autumn,FALSE,TRUE,-2.7,-8.8,3.9,1.6,0,2.7,FALSE,Independent,FALSE
12.10.2026,Monday,Basel,RTBSLBAH,ibis Basel Bahnhof,110.27,CHF,3.2,"Poststrasse 97, Basel",BSL,47.54683,7.58427,1.46,"WiFi,Gym,Pool,Spa",STANDARD_ROOM,ROOM_ONLY,260,Basel-Stadt,city,7.2,10,4,42,285,FALSE,Autumn,FALSE,TRUE,8.3,1.9,12.9,3.5,0,6.2,FALSE,Accor (ibis),TRUE
12.10.2026,Monday,Bern,BWBRN230,Best Western Plus Hotel Bern,206.18,CHF,3.4,"Hauptstrasse 41, Bern",BRN,46.94877,7.44633,0.12,"WiFi,Parking,Breakfast",STANDARD_ROOM,ROOM_ONLY,542,Bern,city,5.5,10,4,42,285,FALSE,Autumn,FALSE,TRUE,3.2,-0.9,8.4,1,0,5.7,FALSE,Best Western,TRUE
12.10.2026,Monday,Chur,BWZRH091,BEST WESTERN HOTEL ZURCHERHOF,204.58,CHF,3.7,"Hauptstrasse 23, Chur",ZRH,47.37503,8.54445,94.9,"WiFi,24h Reception,Luggage Storage",STANDARD_ROOM,BREAKFAST,593,Graubuenden,city,10,10,4,42,285,FALSE,Autumn,FALSE,TRUE,5.5,2.2,10.6,2.8,0,4.9,FALSE,Best Western,TRUE
12.10.2026,Monday,Chur,MCZRHDTM,Zurich Marriott Hotel,386.05,CHF,4.7,"Bahnhofstrasse 97, Chur",ZRH,47.38247,8.54026,95.65,"WiFi,Parking,Restaurant,Bar",DELUXE_ROOM,ROOM_ONLY,593,Graubuenden,city,9.2,10,4,42,285,FALSE,Autumn,FALSE,TRUE,6.4,2,11.6,4.9,0,4.3,FALSE,Marriott,TRUE
12.10.2026,Monday,Chur,ONZRHCTY,HOTEL CITY,166.86,CHF,3.3,"Marktplatz 85, Chur",ZRH,47.37474,8.53611,95.38,"WiFi,24h Reception,Luggage Storage",BUDGET_ROOM,ROOM_ONLY,593,Graubuenden,city,10.1,10,4,42,285,FALSE,Autumn,FALSE,TRUE,4.2,-0.9,8.1,8.2,0,5.7,FALSE,Independent,FALSE
12.10.2026,Monday,Genf,ICGVAICA,INTERCONTINENTAL GENEVA,432.44,CHF,4.5,"Kirchgasse 72, Genf",GVA,46.22461,6.13268,2.39,"WiFi,24h Reception,Luggage Storage",COMFORT_ROOM,ROOM_ONLY,375,Geneva,city,2.4,10,4,42,285,FALSE,Autumn,FALSE,TRUE,7.9,3,11.1,1.7,0,4.4,FALSE,IHG (InterContinental),TRUE
12.10.2026,Monday,Genf,RTGVAGAR,ibis Geneve Centre Gare,118.58,CHF,2.7,"Marktplatz 32, Genf",GVA,46.20765,6.13827,0.52,"WiFi,Restaurant,Room Service",STANDARD_ROOM,ROOM_ONLY,375,Geneva,city,4.1,10,4,42,285,FALSE,Autumn,FALSE,TRUE,5.3,0.5,9.9,3,0,6.4,FALSE,Accor (ibis),TRUE
12.10.2026,Monday,Genf,RTGVARES,Résidence Studio Genève Centre,102.55,CHF,3.3,"Poststrasse 4, Genf",GVA,46.2117,6.14696,0.86,"WiFi,Parking,Restaurant,Bar",STANDARD_ROOM,ROOM_ONLY,375,Geneva,city,4.1,10,4,42,285,FALSE,Autumn,FALSE,TRUE,8.4,4.5,13.3,4.4,0,3,FALSE,Independent,FALSE
12.10.2026,Monday,Interlaken,BWZRH091,BEST WESTERN HOTEL ZURCHERHOF,232.01,CHF,4.2,"Hauptstrasse 19, Interlaken",ZRH,47.37503,8.54445,92.36,"WiFi,Gym,Pool,Spa",STANDARD_ROOM,BREAKFAST,570,Bern,mountain_resort,10,10,4,42,285,FALSE,Autumn,FALSE,TRUE,5.9,0.5,11.8,7.2,0,3.7,FALSE,Best Western,TRUE
12.10.2026,Monday,Interlaken,MCZRHDTM,Zurich Marriott Hotel,447.89,CHF,4.4,"Marktplatz 91, Interlaken",ZRH,47.38247,8.54026,92.87,"WiFi,24h Reception,Luggage Storage",DELUXE_ROOM,ROOM_ONLY,570,Bern,mountain_resort,9.2,10,4,42,285,FALSE,Autumn,FALSE,TRUE,6.3,0.5,13.1,7.6,0,5.3,FALSE,Marriott,TRUE
12.10.2026,Monday,Interlaken,ONZRHCTY,HOTEL CITY,195.66,CHF,3.4,"Poststrasse 99, Interlaken",ZRH,47.37474,8.53611,91.98,"WiFi,Parking,Breakfast",BUDGET_ROOM,ROOM_ONLY,570,Bern,mountain_resort,10.1,10,4,42,285,FALSE,Autumn,FALSE,TRUE,2.7,-1.6,7.2,6.4,0,2.7,FALSE,Independent,FALSE
12.10.2026,Monday,Lausanne,ICGVAICA,INTERCONTINENTAL GENEVA,421.77,CHF,4.3,"Hauptstrasse 91, Lausanne",GVA,46.22461,6.13268,50.46,"WiFi,Restaurant,Room Service",COMFORT_ROOM,ROOM_ONLY,495,Vaud,city,2.4,10,4,42,285,FALSE,Autumn,FALSE,TRUE,3.7,-0.2,10,9.5,0,3,FALSE,IHG (InterContinental),TRUE
12.10.2026,Monday,Lausanne,RTGVAGAR,ibis Geneve Centre Gare,119.73,CHF,2.8,"Bahnhofstrasse 23, Lausanne",GVA,46.20765,6.13827,51.39,"WiFi,24h Reception,Luggage Storage",STANDARD_ROOM,ROOM_ONLY,495,Vaud,city,4.1,10,4,42,285,FALSE,Autumn,FALSE,TRUE,5.2,-1.5,8.8,0,0,2.6,FALSE,Accor (ibis),TRUE
12.10.2026,Monday,Lausanne,RTGVARES,Résidence Studio Genève Centre,106.32,CHF,3.1,"Hauptstrasse 97, Lausanne",GVA,46.2117,6.14696,50.59,"WiFi,Gym,Pool,Spa",STANDARD_ROOM,ROOM_ONLY,495,Vaud,city,4.1,10,4,42,285,FALSE,Autumn,FALSE,TRUE,5.4,1,8.7,5.5,0,5.5,FALSE,Independent,FALSE
12.10.2026,Monday,Luzern,BWZRH091,BEST WESTERN HOTEL ZURCHERHOF,232.64,CHF,3.8,"Kirchgasse 70, Luzern",ZRH,47.37503,8.54445,40.25,"WiFi,Gym,Pool,Spa",STANDARD_ROOM,BREAKFAST,435,Lucerne,city,10,10,4,42,285,FALSE,Autumn,FALSE,TRUE,8.5,3.5,13.2,7.8,0,4.3,FALSE,Best Western,TRUE
12.10.2026,Monday,Luzern,MCZRHDTM,Zurich Marriott Hotel,458.45,CHF,4.3,"Kirchgasse 62, Luzern",ZRH,47.38247,8.54026,40.86,"WiFi,24h Reception,Luggage Storage",DELUXE_ROOM,ROOM_ONLY,435,Lucerne,city,9.2,10,4,42,285,FALSE,Autumn,FALSE,TRUE,4.2,0.4,10.3,10.9,0,3.4,FALSE,Marriott,TRUE
12.10.2026,Monday,Luzern,ONZRHCTY,HOTEL CITY,198.53,CHF,3.8,"Poststrasse 43, Luzern",ZRH,47.37474,8.53611,39.95,"WiFi,Restaurant,Room Service",BUDGET_ROOM,ROOM_ONLY,435,Lucerne,city,10.1,10,4,42,285,FALSE,Autumn,FALSE,TRUE,8.2,3.4,14.9,7.3,0,5.4,FALSE,Independent,FALSE
12.10.2026,Monday,St. Gallen,BWZRH091,BEST WESTERN HOTEL ZURCHERHOF,196.23,CHF,3.4,"Kirchgasse 19, St. Gallen",ZRH,47.37503,8.54445,62.88,"WiFi,Gym,Pool,Spa",STANDARD_ROOM,BREAKFAST,675,St. Gallen,city,10,10,4,42,285,FALSE,Autumn,FALSE,TRUE,2.2,-2.8,7.6,6.4,0,4.9,FALSE,Best Western,TRUE
12.10.2026,Monday,St. Gallen,MCZRHDTM,Zurich Marriott Hotel,391.39,CHF,4.6,"Marktplatz 25, St. Gallen",ZRH,47.38247,8.54026,63.12,"WiFi,Restaurant,Room Service",DELUXE_ROOM,ROOM_ONLY,675,St. Gallen,city,9.2,10,4,42,285,FALSE,Autumn,FALSE,TRUE,5.6,0.3,9.6,6.1,0,5.8,FALSE,Marriott,TRUE
12.10.2026,Monday,St. Gallen,ONZRHCTY,HOTEL CITY,180.67,CHF,3.4,"Kirchgasse 66, St. Gallen",ZRH,47.37474,8.53611,63.51,"WiFi,Restaurant,Room Service",BUDGET_ROOM,ROOM_ONLY,675,St. Gallen,city,10.1,10,4,42,285,FALSE,Autumn,FALSE,TRUE,3,-2.1,7.6,5.2,0,3.3,FALSE,Independent,FALSE
12.10.2026,Monday,St. Moritz,BWZRH091,BEST WESTERN HOTEL ZURCHERHOF,239.86,CHF,3.9,"Bahnhofstrasse 34, St. Moritz",ZRH,47.37503,8.54445,138.28,"WiFi,Gym,Pool,Spa",STANDARD_ROOM,BREAKFAST,1856,Graubuenden,alpine_ski_resort,10,10,4,42,285,FALSE,Autumn,FALSE,TRUE,-1,-4.6,5.4,5,0,6.2,FALSE,Best Western,TRUE
12.10.2026,Monday,St. Moritz,MCZRHDTM,Zurich Marriott Hotel,464.62,CHF,4.3,"Bahnhofstrasse 62, St. Moritz",ZRH,47.38247,8.54026,139.08,"WiFi,Parking,Restaurant,Bar",DELUXE_ROOM,ROOM_ONLY,1856,Graubuenden,alpine_ski_resort,9.2,10,4,42,285,FALSE,Autumn,FALSE,TRUE,-1.2,-4.3,4,2.4,0,4,FALSE,Marriott,TRUE
12.10.2026,Monday,St. Moritz,ONZRHCTY,HOTEL CITY,199.37,CHF,3.3,"Kirchgasse 53, St. Moritz",ZRH,47.37474,8.53611,138.7,"WiFi,Gym,Pool,Spa",BUDGET_ROOM,ROOM_ONLY,1856,Graubuenden,alpine_ski_resort,10.1,10,4,42,285,FALSE,Autumn,FALSE,TRUE,-1.5,-5.9,1.9,3.2,0,2.5,FALSE,Independent,FALSE
12.10.2026,Monday,Winterthur,BWZRH091,BEST WESTERN HOTEL ZURCHERHOF,198.09,CHF,3.4,"Marktplatz 29, Winterthur",ZRH,47.37503,8.54445,20.79,"WiFi,Restaurant,Room Service",STANDARD_ROOM,BREAKFAST,439,Zurich,city,10,10,4,42,285,FALSE,Autumn,FALSE,TRUE,6.6,0.5,9.7,4,0,5.5,FALSE,Best Western,TRUE
12.10.2026,Monday,Winterthur,MCZRHDTM,Zurich Marriott Hotel,391.38,CHF,4.5,"Bahnhofstrasse 91, Winterthur",ZRH,47.38247,8.54026,20.48,"WiFi,24h Reception,Luggage Storage",DELUXE_ROOM,ROOM_ONLY,439,Zurich,city,9.2,10,4,42,285,FALSE,Autumn,FALSE,TRUE,3.3,-0.4,8.4,4.5,0,4,FALSE,Marriott,TRUE
12.10.2026,Monday,Winterthur,ONZRHCTY,HOTEL CITY,165.67,CHF,3.3,"Marktplatz 29, Winterthur",ZRH,47.37474,8.53611,21.28,"WiFi,24h Reception,Luggage Storage",BUDGET_ROOM,ROOM_ONLY,439,Zurich,city,10.1,10,4,42,285,FALSE,Autumn,FALSE,TRUE,3.1,-2.9,8.2,0.8,0,4.1,FALSE,Independent,FALSE
12.10.2026,Monday,Zermatt,BWZRH091,BEST WESTERN HOTEL ZURCHERHOF,227.7,CHF,4,"Hauptstrasse 79, Zermatt",ZRH,47.37503,8.54445,162.35,"WiFi,Restaurant,Room Service",STANDARD_ROOM,BREAKFAST,1620,Valais,alpine_ski_resort,10,10,4,42,285,FALSE,Autumn,FALSE,TRUE,0.1,-4.5,4.3,3.4,0,2.9,FALSE,Best Western,TRUE
12.10.2026,Monday,Zermatt,MCZRHDTM,Zurich Marriott Hotel,444.21,CHF,4.8,"Bahnhofstrasse 93, Zermatt",ZRH,47.38247,8.54026,163,"WiFi,Parking,Restaurant,Bar",DELUXE_ROOM,ROOM_ONLY,1620,Valais,alpine_ski_resort,9.2,10,4,42,285,FALSE,Autumn,FALSE,TRUE,-2.6,-7.1,1.1,3.4,0,2.8,FALSE,Marriott,TRUE
12.10.2026,Monday,Zermatt,ONZRHCTY,HOTEL CITY,194.65,CHF,3.3,"Marktplatz 13, Zermatt",ZRH,47.37474,8.53611,162.08,"WiFi,Restaurant,Room Service",BUDGET_ROOM,ROOM_ONLY,1620,Valais,alpine_ski_resort,10.1,10,4,42,285,FALSE,Autumn,FALSE,TRUE,1.7,-2,7.2,0,0,5.2,FALSE,Independent,FALSE
12.10.2026,Monday,Zuerich,BWZRH091,BEST WESTERN HOTEL ZURCHERHOF,206.63,CHF,3.3,"Hauptstrasse 24, Zuerich",ZRH,47.37503,8.54445,0.29,"WiFi,Restaurant,Room Service",STANDARD_ROOM,BREAKFAST,408,Zurich,city,10,10,4,42,285,FALSE,Autumn,FALSE,TRUE,6.3,0.9,10.1,5.7,0,4.4,FALSE,Best Western,TRUE
12.10.2026,Monday,Zuerich,MCZRHDTM,Zurich Marriott Hotel,397.14,CHF,4.8,"Marktplatz 30, Zuerich",ZRH,47.38247,8.54026,0.63,"WiFi,Gym,Pool,Spa",DELUXE_ROOM,ROOM_ONLY,408,Zurich,city,9.2,10,4,42,285,FALSE,Autumn,FALSE,TRUE,6.2,1.3,9.2,6.4,0,2.6,FALSE,Marriott,TRUE
12.10.2026,Monday,Zuerich,ONZRHCTY,HOTEL CITY,177.75,CHF,3.7,"Bahnhofstrasse 55, Zuerich",ZRH,47.37474,8.53611,0.48,"WiFi,Parking,Breakfast",BUDGET_ROOM,ROOM_ONLY,408,Zurich,city,10.1,10,4,42,285,FALSE,Autumn,FALSE,TRUE,8.6,4.1,12.1,6.9,0,3.8,FALSE,Independent,FALSE
19.10.2026,Monday,Arosa,BWZRH091,BEST WESTERN HOTEL ZURCHERHOF,222.12,CHF,3.7,"Bahnhofstrasse 75, Arosa",ZRH,47.37503,8.54445,107.47,"WiFi,Parking,Restaurant,Bar",STANDARD_ROOM,BREAKFAST,1775,Graubuenden,alpine_ski_resort,10,10,4,43,292,FALSE,Autumn,FALSE,TRUE,-6.1,-12.9,-2.9,0.6,0,4.3,FALSE,Best Western,TRUE
19.10.2026,Monday,Arosa,ONZRHCTY,HOTEL CITY,198.44,CHF,3.3,"Kirchgasse 55, Arosa",ZRH,47.37474,8.53611,107.95,"WiFi,Restaurant,Room Service",BUDGET_ROOM,ROOM_ONLY,1775,Graubuenden,alpine_ski_resort,10.1,10,4,43,292,FALSE,Autumn,FALSE,TRUE,-5.1,-8.2,-1.8,0.7,0,2.2,FALSE,Independent,FALSE
19.10.2026,Monday,Basel,RTBSLBAH,ibis Basel Bahnhof,109.25,CHF,3,"Bahnhofstrasse 82, Basel",BSL,47.54683,7.58427,1.46,"WiFi,24h Reception,Luggage Storage",STANDARD_ROOM,ROOM_ONLY,260,Basel-Stadt,city,7.2,10,4,43,292,FALSE,Autumn,FALSE,TRUE,7.5,2.8,10.8,8.9,0,5.8,FALSE,Accor (ibis),TRUE
19.10.2026,Monday,Bern,BWBRN230,Best Western Plus Hotel Bern,205.93,CHF,3.3,"Kirchgasse 25, Bern",BRN,46.94877,7.44633,0.12,"WiFi,Parking,Breakfast",STANDARD_ROOM,ROOM_ONLY,542,Bern,city,5.5,10,4,43,292,FALSE,Autumn,FALSE,TRUE,7.2,2.8,13.7,4.2,0,3.2,FALSE,Best Western,TRUE
19.10.2026,Monday,Chur,BWZRH091,BEST WESTERN HOTEL ZURCHERHOF,202.74,CHF,3.5,"Hauptstrasse 6, Chur",ZRH,47.37503,8.54445,94.9,"WiFi,Restaurant,Room Service",STANDARD_ROOM,BREAKFAST,593,Graubuenden,city,10,10,4,43,292,FALSE,Autumn,FALSE,TRUE,3.9,-2.5,8.1,8,0,5.3,FALSE,Best Western,TRUE
19.10.2026,Monday,Chur,MCZRHDTM,Zurich Marriott Hotel,367.49,CHF,4.4,"Poststrasse 75, Chur",ZRH,47.38247,8.54026,95.65,"WiFi,Parking,Restaurant,Bar",STANDARD_ROOM,ROOM_ONLY,593,Graubuenden,city,9.2,10,4,43,292,FALSE,Autumn,FALSE,TRUE,3.1,-1.4,9.2,4.2,0,2.9,FALSE,Marriott,TRUE
19.10.2026,Monday,Chur,ONZRHCTY,HOTEL CITY,164.6,CHF,3.3,"Kirchgasse 14, Chur",ZRH,47.37474,8.53611,95.38,"WiFi,Restaurant,Room Service",BUDGET_ROOM,ROOM_ONLY,593,Graubuenden,city,10.1,10,4,43,292,FALSE,Autumn,FALSE,TRUE,2.7,-3,6.9,0.1,0,3.6,FALSE,Independent,FALSE
19.10.2026,Monday,Genf,ICGVAICA,INTERCONTINENTAL GENEVA,401.63,CHF,4.3,"Kirchgasse 80, Genf",GVA,46.22461,6.13268,2.39,"WiFi,Restaurant,Room Service",COMFORT_ROOM,ROOM_ONLY,375,Geneva,city,2.4,10,4,43,292,FALSE,Autumn,FALSE,TRUE,4,-2.2,8.8,3.1,0,2.9,FALSE,IHG (InterContinental),TRUE
19.10.2026,Monday,Genf,RTGVAGAR,ibis Geneve Centre Gare,120.2,CHF,2.8,"Kirchgasse 45, Genf",GVA,46.20765,6.13827,0.52,"WiFi,24h Reception,Luggage Storage",STANDARD_ROOM,ROOM_ONLY,375,Geneva,city,4.1,10,4,43,292,FALSE,Autumn,FALSE,TRUE,7,0.3,13.6,4.4,0,6,FALSE,Accor (ibis),TRUE
19.10.2026,Monday,Genf,RTGVARES,Résidence Studio Genève Centre,103.49,CHF,2.9,"Kirchgasse 22, Genf",GVA,46.2117,6.14696,0.86,"WiFi,Parking,Breakfast",STANDARD_ROOM,ROOM_ONLY,375,Geneva,city,4.1,10,4,43,292,FALSE,Autumn,FALSE,TRUE,2.5,-0.6,8.1,0.2,0,2.7,FALSE,Independent,FALSE
19.10.2026,Monday,Interlaken,BWZRH091,BEST WESTERN HOTEL ZURCHERHOF,245.79,CHF,3.8,"Poststrasse 43, Interlaken",ZRH,47.37503,8.54445,92.36,"WiFi,Parking,Breakfast",STANDARD_ROOM,BREAKFAST,570,Bern,mountain_resort,10,10,4,43,292,FALSE,Autumn,FALSE,TRUE,2.2,-2.5,6.2,0,0,4.3,FALSE,Best Western,TRUE
19.10.2026,Monday,Interlaken,MCZRHDTM,Zurich Marriott Hotel,437.18,CHF,4.6,"Marktplatz 90, Interlaken",ZRH,47.38247,8.54026,92.87,"WiFi,24h Reception,Luggage Storage",STANDARD_ROOM,ROOM_ONLY,570,Bern,mountain_resort,9.2,10,4,43,292,FALSE,Autumn,FALSE,TRUE,3.7,0,10,5.5,0,5.3,FALSE,Marriott,TRUE
19.10.2026,Monday,Interlaken,ONZRHCTY,HOTEL CITY,209,CHF,3.7,"Hauptstrasse 94, Interlaken",ZRH,47.37474,8.53611,91.98,"WiFi,Restaurant,Room Service",BUDGET_ROOM,ROOM_ONLY,570,Bern,mountain_resort,10.1,10,4,43,292,FALSE,Autumn,FALSE,TRUE,4,-0.3,9,5.2,0,4.5,FALSE,Independent,FALSE
19.10.2026,Monday,Lausanne,ICGVAICA,INTERCONTINENTAL GENEVA,399.92,CHF,4.3,"Kirchgasse 41, Lausanne",GVA,46.22461,6.13268,50.46,"WiFi,Parking,Breakfast",COMFORT_ROOM,ROOM_ONLY,495,Vaud,city,2.4,10,4,43,292,FALSE,Autumn,FALSE,TRUE,2,-1.4,5.9,3.3,0,4.3,FALSE,IHG (InterContinental),TRUE
19.10.2026,Monday,Lausanne,RTGVAGAR,ibis Geneve Centre Gare,110.32,CHF,2.8,"Hauptstrasse 44, Lausanne",GVA,46.20765,6.13827,51.39,"WiFi,Parking,Breakfast",STANDARD_ROOM,ROOM_ONLY,495,Vaud,city,4.1,10,4,43,292,FALSE,Autumn,FALSE,TRUE,7.2,2.9,10.9,14.2,0,3.8,FALSE,Accor (ibis),TRUE
19.10.2026,Monday,Lausanne,RTGVARES,Résidence Studio Genève Centre,104.17,CHF,3.1,"Kirchgasse 55, Lausanne",GVA,46.2117,6.14696,50.59,"WiFi,24h Reception,Luggage Storage",STANDARD_ROOM,ROOM_ONLY,495,Vaud,city,4.1,10,4,43,292,FALSE,Autumn,FALSE,TRUE,4.4,1,10.6,6.2,0,3.7,FALSE,Independent,FALSE
19.10.2026,Monday,Luzern,BWZRH091,BEST WESTERN HOTEL ZURCHERHOF,237.94,CHF,3.9,"Marktplatz 58, Luzern",ZRH,47.37503,8.54445,40.25,"WiFi,Parking,Restaurant,Bar",STANDARD_ROOM,BREAKFAST,435,Lucerne,city,10,10,4,43,292,FALSE,Autumn,FALSE,TRUE,4.1,-2.9,8.2,6.1,0,5.6,FALSE,Best Western,TRUE
19.10.2026,Monday,Luzern,MCZRHDTM,Zurich Marriott Hotel,420.45,CHF,4.3,"Poststrasse 57, Luzern",ZRH,47.38247,8.54026,40.86,"WiFi,Gym,Pool,Spa",STANDARD_ROOM,ROOM_ONLY,435,Lucerne,city,9.2,10,4,43,292,FALSE,Autumn,FALSE,TRUE,3.1,-2.4,7.7,9.5,0,3.7,FALSE,Marriott,TRUE
19.10.2026,Monday,Luzern,ONZRHCTY,HOTEL CITY,202.01,CHF,3.4,"Marktplatz 15, Luzern",ZRH,47.37474,8.53611,39.95,"WiFi,Parking,Breakfast",BUDGET_ROOM,ROOM_ONLY,435,Lucerne,city,10.1,10,4,43,292,FALSE,Autumn,FALSE,TRUE,4.3,0.4,7.6,2.6,0,3.8,FALSE,Independent,FALSE
19.10.2026,Monday,St. Gallen,BWZRH091,BEST WESTERN HOTEL ZURCHERHOF,208.76,CHF,3.3,"Marktplatz 72, St. Gallen",ZRH,47.37503,8.54445,62.88,"WiFi,Gym,Pool,Spa",STANDARD_ROOM,BREAKFAST,675,St. Gallen,city,10,10,4,43,292,FALSE,Autumn,FALSE,TRUE,6.3,0.9,12.4,4,0,4.3,FALSE,Best Western,TRUE
19.10.2026,Monday,St. Gallen,MCZRHDTM,Zurich Marriott Hotel,374.31,CHF,4.7,"Kirchgasse 69, St. Gallen",ZRH,47.38247,8.54026,63.12,"WiFi,Restaurant,Room Service",STANDARD_ROOM,ROOM_ONLY,675,St. Gallen,city,9.2,10,4,43,292,FALSE,Autumn,FALSE,TRUE,3.5,0.2,10.1,3.1,0,5.9,FALSE,Marriott,TRUE
19.10.2026,Monday,St. Gallen,ONZRHCTY,HOTEL CITY,164.53,CHF,3.4,"Poststrasse 86, St. Gallen",ZRH,47.37474,8.53611,63.51,"WiFi,Parking,Breakfast",BUDGET_ROOM,ROOM_ONLY,675,St. Gallen,city,10.1,10,4,43,292,FALSE,Autumn,FALSE,TRUE,6.1,1.3,12.4,4.2,0,2.9,FALSE,Independent,FALSE
19.10.2026,Monday,St. Moritz,BWZRH091,BEST WESTERN HOTEL ZURCHERHOF,227.12,CHF,3.7,"Poststrasse 82, St. Moritz",ZRH,47.37503,8.54445,138.28,"WiFi,Parking,Restaurant,Bar",STANDARD_ROOM,BREAKFAST,1856,Graubuenden,alpine_ski_resort,10,10,4,43,292,FALSE,Autumn,FALSE,TRUE,-3.3,-9.8,2.3,5.6,0,5,FALSE,Best Western,TRUE
19.10.2026,Monday,St. Moritz,MCZRHDTM,Zurich Marriott Hotel,402.63,CHF,4.4,"Poststrasse 33, St. Moritz",ZRH,47.38247,8.54026,139.08,"WiFi,Gym,Pool,Spa",STANDARD_ROOM,ROOM_ONLY,1856,Graubuenden,alpine_ski_resort,9.2,10,4,43,292,FALSE,Autumn,FALSE,TRUE,-6.6,-11.1,-0.9,5.1,0,5.7,FALSE,Marriott,TRUE
19.10.2026,Monday,St. Moritz,ONZRHCTY,HOTEL CITY,194.57,CHF,3.2,"Poststrasse 8, St. Moritz",ZRH,47.37474,8.53611,138.7,"WiFi,Parking,Restaurant,Bar",BUDGET_ROOM,ROOM_ONLY,1856,Graubuenden,alpine_ski_resort,10.1,10,4,43,292,FALSE,Autumn,FALSE,TRUE,-2.8,-9.7,2,4.2,0,4.7,FALSE,Independent,FALSE
19.10.2026,Monday,Winterthur,BWZRH091,BEST WESTERN HOTEL ZURCHERHOF,196.29,CHF,3.5,"Hauptstrasse 88, Winterthur",ZRH,47.37503,8.54445,20.79,"WiFi,Gym,Pool,Spa",STANDARD_ROOM,BREAKFAST,439,Zurich,city,10,10,4,43,292,FALSE,Autumn,FALSE,TRUE,6.4,3.2,10.6,3.1,0,5.9,FALSE,Best Western,TRUE
19.10.2026,Monday,Winterthur,MCZRHDTM,Zurich Marriott Hotel,379.17,CHF,4.5,"Marktplatz 71, Winterthur",ZRH,47.38247,8.54026,20.48,"WiFi,Parking,Restaurant,Bar",STANDARD_ROOM,ROOM_ONLY,439,Zurich,city,9.2,10,4,43,292,FALSE,Autumn,FALSE,TRUE,4.7,0.2,8.5,3.7,0,4.8,FALSE,Marriott,TRUE
19.10.2026,Monday,Winterthur,ONZRHCTY,HOTEL CITY,170.66,CHF,3.7,"Bahnhofstrasse 9, Winterthur",ZRH,47.37474,8.53611,21.28,"WiFi,Restaurant,Room Service",BUDGET_ROOM,ROOM_ONLY,439,Zurich,city,10.1,10,4,43,292,FALSE,Autumn,FALSE,TRUE,4.8,1.5,8.7,5.4,0,5.1,FALSE,Independent,FALSE
19.10.2026,Monday,Zermatt,BWZRH091,BEST WESTERN HOTEL ZURCHERHOF,235.26,CHF,3.8,"Hauptstrasse 76, Zermatt",ZRH,47.37503,8.54445,162.35,"WiFi,24h Reception,Luggage Storage",STANDARD_ROOM,BREAKFAST,1620,Valais,alpine_ski_resort,10,10,4,43,292,FALSE,Autumn,FALSE,TRUE,-4.9,-9.6,0.9,5,0,3.2,FALSE,Best Western,TRUE
19.10.2026,Monday,Zermatt,MCZRHDTM,Zurich Marriott Hotel,405.3,CHF,4.2,"Hauptstrasse 13, Zermatt",ZRH,47.38247,8.54026,163,"WiFi,Restaurant,Room Service",STANDARD_ROOM,ROOM_ONLY,1620,Valais,alpine_ski_resort,9.2,10,4,43,292,FALSE,Autumn,FALSE,TRUE,-2.3,-8.5,4.2,8.1,0,2.8,FALSE,Marriott,TRUE
19.10.2026,Monday,Zermatt,ONZRHCTY,HOTEL CITY,195.03,CHF,3.5,"Poststrasse 51, Zermatt",ZRH,47.37474,8.53611,162.08,"WiFi,24h Reception,Luggage Storage",BUDGET_ROOM,ROOM_ONLY,1620,Valais,alpine_ski_resort,10.1,10,4,43,292,FALSE,Autumn,FALSE,TRUE,-2.8,-9.2,1.3,7.7,0,6,FALSE,Independent,FALSE
19.10.2026,Monday,Zuerich,BWZRH091,BEST WESTERN HOTEL ZURCHERHOF,193.27,CHF,3.4,"Hauptstrasse 52, Zuerich",ZRH,47.37503,8.54445,0.29,"WiFi,Parking,Restaurant,Bar",STANDARD_ROOM,BREAKFAST,408,Zurich,city,10,10,4,43,292,FALSE,Autumn,FALSE,TRUE,2.3,-3.6,6.1,8.7,0,5.1,FALSE,Best Western,TRUE
19.10.2026,Monday,Zuerich,MCZRHDTM,Zurich Marriott Hotel,372.66,CHF,4.3,"Kirchgasse 42, Zuerich",ZRH,47.38247,8.54026,0.63,"WiFi,Parking,Restaurant,Bar",STANDARD_ROOM,ROOM_ONLY,408,Zurich,city,9.2,10,4,43,292,FALSE,Autumn,FALSE,TRUE,8,2.2,14.6,0,0,2.3,FALSE,Marriott,TRUE
19.10.2026,Monday,Zuerich,ONZRHCTY,HOTEL CITY,174.2,CHF,3.4,"Bahnhofstrasse 40, Zuerich",ZRH,47.37474,8.53611,0.48,"WiFi,Restaurant,Room Service",BUDGET_ROOM,ROOM_ONLY,408,Zurich,city,10.1,10,4,43,292,FALSE,Autumn,FALSE,TRUE,3.2,-1.8,7.4,5,0,4,FALSE,Independent,FALSE
26.10.2026,Monday,Arosa,BWZRH091,BEST WESTERN HOTEL ZURCHERHOF,215.88,CHF,3.5,"Kirchgasse 89, Arosa",ZRH,47.37503,8.54445,107.47,"WiFi,Restaurant,Room Service",STANDARD_ROOM,BREAKFAST,1775,Graubuenden,alpine_ski_resort,10,10,4,44,299,FALSE,Autumn,FALSE,FALSE,-1.7,-7.4,3.8,5.7,0,2.6,FALSE,Best Western,TRUE
26.10.2026,Monday,Arosa,MCZRHDTM,Zurich Marriott Hotel,422.71,CHF,4.7,"Hauptstrasse 23, Arosa",ZRH,47.38247,8.54026,108.23,"WiFi,Restaurant,Room Service",STANDARD_ROOM,ROOM_ONLY,1775,Graubuenden,alpine_ski_resort,9.2,10,4,44,299,FALSE,Autumn,FALSE,FALSE,-2.5,-7.7,3,3.9,0,1.8,FALSE,Marriott,TRUE
26.10.2026,Monday,Arosa,ONZRHCTY,HOTEL CITY,190.2,CHF,3.2,"Hauptstrasse 6, Arosa",ZRH,47.37474,8.53611,107.95,"WiFi,Restaurant,Room Service",BUDGET_ROOM,ROOM_ONLY,1775,Graubuenden,alpine_ski_resort,10.1,10,4,44,299,FALSE,Autumn,FALSE,FALSE,-1.8,-7.7,3.1,0,0,2.9,FALSE,Independent,FALSE
26.10.2026,Monday,Basel,RTBSLBAH,ibis Basel Bahnhof,111.02,CHF,3.3,"Kirchgasse 90, Basel",BSL,47.54683,7.58427,1.46,"WiFi,Parking,Restaurant,Bar",STANDARD_ROOM,ROOM_ONLY,260,Basel-Stadt,city,7.2,10,4,44,299,FALSE,Autumn,FALSE,FALSE,6.7,0.9,9.7,4.5,0,3.6,FALSE,Accor (ibis),TRUE
26.10.2026,Monday,Bern,BWBRN230,Best Western Plus Hotel Bern,211.26,CHF,3.8,"Kirchgasse 80, Bern",BRN,46.94877,7.44633,0.12,"WiFi,Parking,Breakfast",STANDARD_ROOM,ROOM_ONLY,542,Bern,city,5.5,10,4,44,299,FALSE,Autumn,FALSE,FALSE,1.7,-3.9,8.7,4.3,0,4.6,FALSE,Best Western,TRUE
26.10.2026,Monday,Chur,BWZRH091,BEST WESTERN HOTEL ZURCHERHOF,191.28,CHF,3.6,"Bahnhofstrasse 10, Chur",ZRH,47.37503,8.54445,94.9,"WiFi,24h Reception,Luggage Storage",STANDARD_ROOM,BREAKFAST,593,Graubuenden,city,10,10,4,44,299,FALSE,Autumn,FALSE,FALSE,2.5,-2.9,6.5,2.7,0,5.3,FALSE,Best Western,TRUE
26.10.2026,Monday,Chur,MCZRHDTM,Zurich Marriott Hotel,365.7,CHF,4.2,"Hauptstrasse 95, Chur",ZRH,47.38247,8.54026,95.65,"WiFi,Gym,Pool,Spa",STANDARD_ROOM,ROOM_ONLY,593,Graubuenden,city,9.2,10,4,44,299,FALSE,Autumn,FALSE,FALSE,2.4,-2.4,7,3.9,0,4.8,FALSE,Marriott,TRUE
26.10.2026,Monday,Chur,ONZRHCTY,HOTEL CITY,173.08,CHF,3.3,"Marktplatz 51, Chur",ZRH,47.37474,8.53611,95.38,"WiFi,Restaurant,Room Service",BUDGET_ROOM,ROOM_ONLY,593,Graubuenden,city,10.1,10,4,44,299,FALSE,Autumn,FALSE,FALSE,1.7,-3.6,5.5,3.4,0,5.4,FALSE,Independent,FALSE
26.10.2026,Monday,Genf,ICGVAICA,INTERCONTINENTAL GENEVA,436.63,CHF,4.3,"Kirchgasse 37, Genf",GVA,46.22461,6.13268,2.39,"WiFi,Restaurant,Room Service",COMFORT_ROOM,ROOM_ONLY,375,Geneva,city,2.4,10,4,44,299,FALSE,Autumn,FALSE,FALSE,4,-2,7.5,7.6,0,1.7,FALSE,IHG (InterContinental),TRUE
26.10.2026,Monday,Genf,RTGVAGAR,ibis Geneve Centre Gare,109.13,CHF,3.1,"Kirchgasse 10, Genf",GVA,46.20765,6.13827,0.52,"WiFi,Parking,Breakfast",STANDARD_ROOM,ROOM_ONLY,375,Geneva,city,4.1,10,4,44,299,FALSE,Autumn,FALSE,FALSE,4.1,-2.3,11.1,12.6,0,4.5,FALSE,Accor (ibis),TRUE
26.10.2026,Monday,Genf,RTGVARES,Résidence Studio Genève Centre,103.57,CHF,3.3,"Marktplatz 21, Genf",GVA,46.2117,6.14696,0.86,"WiFi,Gym,Pool,Spa",STANDARD_ROOM,ROOM_ONLY,375,Geneva,city,4.1,10,4,44,299,FALSE,Autumn,FALSE,FALSE,3.3,-1.4,6.7,7.9,0,2.4,FALSE,Independent,FALSE
26.10.2026,Monday,Interlaken,BWZRH091,BEST WESTERN HOTEL ZURCHERHOF,242.12,CHF,4.3,"Marktplatz 48, Interlaken",ZRH,47.37503,8.54445,92.36,"WiFi,Restaurant,Room Service",STANDARD_ROOM,BREAKFAST,570,Bern,mountain_resort,10,10,4,44,299,FALSE,Autumn,FALSE,FALSE,2.3,-1.7,8.2,5.6,0,5,FALSE,Best Western,TRUE
26.10.2026,Monday,Interlaken,MCZRHDTM,Zurich Marriott Hotel,431.51,CHF,4.3,"Poststrasse 74, Interlaken",ZRH,47.38247,8.54026,92.87,"WiFi,Parking,Restaurant,Bar",STANDARD_ROOM,ROOM_ONLY,570,Bern,mountain_resort,9.2,10,4,44,299,FALSE,Autumn,FALSE,FALSE,2.3,-2.8,6,2.8,0,4.5,FALSE,Marriott,TRUE
26.10.2026,Monday,Interlaken,ONZRHCTY,HOTEL CITY,194.41,CHF,3.5,"Marktplatz 73, Interlaken",ZRH,47.37474,8.53611,91.98,"WiFi,Parking,Breakfast",BUDGET_ROOM,ROOM_ONLY,570,Bern,mountain_resort,10.1,10,4,44,299,FALSE,Autumn,FALSE,FALSE,0.8,-2.4,5.5,10.8,0,4.8,FALSE,Independent,FALSE
26.10.2026,Monday,Lausanne,ICGVAICA,INTERCONTINENTAL GENEVA,416.29,CHF,4.2,"Marktplatz 62, Lausanne",GVA,46.22461,6.13268,50.46,"WiFi,24h Reception,Luggage Storage",COMFORT_ROOM,ROOM_ONLY,495,Vaud,city,2.4,10,4,44,299,FALSE,Autumn,FALSE,FALSE,1.9,-4,6,0,0,4.9,FALSE,IHG (InterContinental),TRUE
26.10.2026,Monday,Lausanne,RTGVAGAR,ibis Geneve Centre Gare,118.19,CHF,3.3,"Kirchgasse 81, Lausanne",GVA,46.20765,6.13827,51.39,"WiFi,24h Reception,Luggage Storage",STANDARD_ROOM,ROOM_ONLY,495,Vaud,city,4.1,10,4,44,299,FALSE,Autumn,FALSE,FALSE,2.3,-3.5,6.3,2.4,0,2.4,FALSE,Accor (ibis),TRUE
26.10.2026,Monday,Lausanne,RTGVARES,Résidence Studio Genève Centre,111.21,CHF,2.8,"Hauptstrasse 3, Lausanne",GVA,46.2117,6.14696,50.59,"WiFi,Parking,Breakfast",STANDARD_ROOM,ROOM_ONLY,495,Vaud,city,4.1,10,4,44,299,FALSE,Autumn,FALSE,FALSE,4.9,0,8,9.2,0,3.1,FALSE,Independent,FALSE
26.10.2026,Monday,Luzern,BWZRH091,BEST WESTERN HOTEL ZURCHERHOF,227.25,CHF,4.1,"Bahnhofstrasse 74, Luzern",ZRH,47.37503,8.54445,40.25,"WiFi,Parking,Restaurant,Bar",STANDARD_ROOM,BREAKFAST,435,Lucerne,city,10,10,4,44,299,FALSE,Autumn,FALSE,FALSE,3.5,-1.9,7.2,7.4,0,5.2,FALSE,Best Western,TRUE
26.10.2026,Monday,Luzern,MCZRHDTM,Zurich Marriott Hotel,438.65,CHF,4.8,"Bahnhofstrasse 35, Luzern",ZRH,47.38247,8.54026,40.86,"WiFi,Restaurant,Room Service",STANDARD_ROOM,ROOM_ONLY,435,Lucerne,city,9.2,10,4,44,299,FALSE,Autumn,FALSE,FALSE,6.7,-0.1,12.3,2.6,0,2.2,FALSE,Marriott,TRUE
26.10.2026,Monday,Luzern,ONZRHCTY,HOTEL CITY,199.58,CHF,3.8,"Marktplatz 47, Luzern",ZRH,47.37474,8.53611,39.95,"WiFi,Restaurant,Room Service",BUDGET_ROOM,ROOM_ONLY,435,Lucerne,city,10.1,10,4,44,299,FALSE,Autumn,FALSE,FALSE,3.9,-2.6,8.1,5.7,0,2,FALSE,Independent,FALSE
26.10.2026,Monday,St. Gallen,BWZRH091,BEST WESTERN HOTEL ZURCHERHOF,191.82,CHF,3.8,"Kirchgasse 93, St. Gallen",ZRH,47.37503,8.54445,62.88,"WiFi,Gym,Pool,Spa",STANDARD_ROOM,BREAKFAST,675,St. Gallen,city,10,10,4,44,299,FALSE,Autumn,FALSE,FALSE,2.1,-3.7,6.5,4.4,0,5.4,FALSE,Best Western,TRUE
26.10.2026,Monday,St. Gallen,MCZRHDTM,Zurich Marriott Hotel,356.92,CHF,4.7,"Hauptstrasse 63, St. Gallen",ZRH,47.38247,8.54026,63.12,"WiFi,24h Reception,Luggage Storage",STANDARD_ROOM,ROOM_ONLY,675,St. Gallen,city,9.2,10,4,44,299,FALSE,Autumn,FALSE,FALSE,3,-3.7,7.5,6.3,0,2.7,FALSE,Marriott,TRUE
26.10.2026,Monday,St. Gallen,ONZRHCTY,HOTEL CITY,172.86,CHF,3.5,"Poststrasse 95, St. Gallen",ZRH,47.37474,8.53611,63.51,"WiFi,Parking,Breakfast",BUDGET_ROOM,ROOM_ONLY,675,St. Gallen,city,10.1,10,4,44,299,FALSE,Autumn,FALSE,FALSE,2.5,-1.3,5.6,4.1,0,4.8,FALSE,Independent,FALSE
26.10.2026,Monday,St. Moritz,BWZRH091,BEST WESTERN HOTEL ZURCHERHOF,223.17,CHF,3.4,"Bahnhofstrasse 39, St. Moritz",ZRH,47.37503,8.54445,138.28,"WiFi,Gym,Pool,Spa",STANDARD_ROOM,BREAKFAST,1856,Graubuenden,alpine_ski_resort,10,10,4,44,299,FALSE,Autumn,FALSE,FALSE,-5.7,-9,-2,1.4,0,3.6,FALSE,Best Western,TRUE
26.10.2026,Monday,St. Moritz,MCZRHDTM,Zurich Marriott Hotel,408.55,CHF,4.7,"Marktplatz 18, St. Moritz",ZRH,47.38247,8.54026,139.08,"WiFi,Restaurant,Room Service",STANDARD_ROOM,ROOM_ONLY,1856,Graubuenden,alpine_ski_resort,9.2,10,4,44,299,FALSE,Autumn,FALSE,FALSE,-3.1,-9.7,0.2,8.8,0,2.5,FALSE,Marriott,TRUE
26.10.2026,Monday,St. Moritz,ONZRHCTY,HOTEL CITY,191.19,CHF,3.6,"Poststrasse 65, St. Moritz",ZRH,47.37474,8.53611,138.7,"WiFi,Gym,Pool,Spa",BUDGET_ROOM,ROOM_ONLY,1856,Graubuenden,alpine_ski_resort,10.1,10,4,44,299,FALSE,Autumn,FALSE,FALSE,-7.2,-12.3,-3.2,7.2,0,5.4,FALSE,Independent,FALSE
26.10.2026,Monday,Winterthur,BWZRH091,BEST WESTERN HOTEL ZURCHERHOF,208.11,CHF,3.3,"Hauptstrasse 70, Winterthur",ZRH,47.37503,8.54445,20.79,"WiFi,Parking,Restaurant,Bar",STANDARD_ROOM,BREAKFAST,439,Zurich,city,10,10,4,44,299,FALSE,Autumn,FALSE,FALSE,5.3,-1.1,11,3.9,0,3.5,FALSE,Best Western,TRUE
26.10.2026,Monday,Winterthur,MCZRHDTM,Zurich Marriott Hotel,360.6,CHF,4.5,"Marktplatz 83, Winterthur",ZRH,47.38247,8.54026,20.48,"WiFi,Restaurant,Room Service",STANDARD_ROOM,ROOM_ONLY,439,Zurich,city,9.2,10,4,44,299,FALSE,Autumn,FALSE,FALSE,1.3,-4,7.8,0.6,0,2.7,FALSE,Marriott,TRUE
26.10.2026,Monday,Winterthur,ONZRHCTY,HOTEL CITY,177.19,CHF,3.7,"Hauptstrasse 83, Winterthur",ZRH,47.37474,8.53611,21.28,"WiFi,Gym,Pool,Spa",BUDGET_ROOM,ROOM_ONLY,439,Zurich,city,10.1,10,4,44,299,FALSE,Autumn,FALSE,FALSE,1,-4.6,7.3,6.4,0,4.9,FALSE,Independent,FALSE
26.10.2026,Monday,Zermatt,BWZRH091,BEST WESTERN HOTEL ZURCHERHOF,222.8,CHF,3.5,"Kirchgasse 62, Zermatt",ZRH,47.37503,8.54445,162.35,"WiFi,24h Reception,Luggage Storage",STANDARD_ROOM,BREAKFAST,1620,Valais,alpine_ski_resort,10,10,4,44,299,FALSE,Autumn,FALSE,FALSE,-5.4,-11.2,-2,7.3,0,4.2,FALSE,Best Western,TRUE
26.10.2026,Monday,Zermatt,MCZRHDTM,Zurich Marriott Hotel,429.1,CHF,4.4,"Hauptstrasse 97, Zermatt",ZRH,47.38247,8.54026,163,"WiFi,Parking,Restaurant,Bar",STANDARD_ROOM,ROOM_ONLY,1620,Valais,alpine_ski_resort,9.2,10,4,44,299,FALSE,Autumn,FALSE,FALSE,-4.9,-10.9,-1.1,5.6,0,5.5,FALSE,Marriott,TRUE
26.10.2026,Monday,Zermatt,ONZRHCTY,HOTEL CITY,199.11,CHF,3.6,"Bahnhofstrasse 45, Zermatt",ZRH,47.37474,8.53611,162.08,"WiFi,Parking,Breakfast",BUDGET_ROOM,ROOM_ONLY,1620,Valais,alpine_ski_resort,10.1,10,4,44,299,FALSE,Autumn,FALSE,FALSE,-2.6,-7.7,4.1,4.4,0,5.6,FALSE,Independent,FALSE
26.10.2026,Monday,Zuerich,BWZRH091,BEST WESTERN HOTEL ZURCHERHOF,203.69,CHF,3.8,"Marktplatz 51, Zuerich",ZRH,47.37503,8.54445,0.29,"WiFi,24h Reception,Luggage Storage",STANDARD_ROOM,BREAKFAST,408,Zurich,city,10,10,4,44,299,FALSE,Autumn,FALSE,FALSE,5.9,0.9,9.2,5.8,0,3.1,FALSE,Best Western,TRUE
26.10.2026,Monday,Zuerich,MCZRHDTM,Zurich Marriott Hotel,349.42,CHF,4,"Marktplatz 12, Zuerich",ZRH,47.38247,8.54026,0.63,"WiFi,24h Reception,Luggage Storage",STANDARD_ROOM,ROOM_ONLY,408,Zurich,city,9.2,10,4,44,299,FALSE,Autumn,FALSE,FALSE,1.2,-2.7,6.2,2.5,0,4.2,FALSE,Marriott,TRUE
26.10.2026,Monday,Zuerich,ONZRHCTY,HOTEL CITY,176.89,CHF,3.7,"Poststrasse 66, Zuerich",ZRH,47.37474,8.53611,0.48,"WiFi,Parking,Breakfast",BUDGET_ROOM,ROOM_ONLY,408,Zurich,city,10.1,10,4,44,299,FALSE,Autumn,FALSE,FALSE,5.6,1,9,4.5,0,4.2,FALSE,Independent,FALSE
02.11.2026,Monday,Arosa,BWZRH091,BEST WESTERN HOTEL ZURCHERHOF,210.11,CHF,3.4,"Kirchgasse 36, Arosa",ZRH,47.37503,8.54445,107.47,"WiFi,Parking,Restaurant,Bar",STANDARD_ROOM,BREAKFAST,1775,Graubuenden,alpine_ski_resort,10,11,4,45,306,FALSE,Autumn,FALSE,FALSE,-2.3,-7.9,0.7,0,0,2.9,FALSE,Best Western,TRUE
02.11.2026,Monday,Arosa,MCZRHDTM,Zurich Marriott Hotel,417.39,CHF,4.7,"Hauptstrasse 88, Arosa",ZRH,47.38247,8.54026,108.23,"WiFi,Restaurant,Room Service",STANDARD_ROOM,ROOM_ONLY,1775,Graubuenden,alpine_ski_resort,9.2,11,4,45,306,FALSE,Autumn,FALSE,FALSE,-6.2,-10.5,-2.1,0.4,0,4.5,FALSE,Marriott,TRUE
02.11.2026,Monday,Arosa,ONZRHCTY,HOTEL CITY,199.88,CHF,3.7,"Kirchgasse 91, Arosa",ZRH,47.37474,8.53611,107.95,"WiFi,Parking,Restaurant,Bar",BUDGET_ROOM,ROOM_ONLY,1775,Graubuenden,alpine_ski_resort,10.1,11,4,45,306,FALSE,Autumn,FALSE,FALSE,-5.7,-8.9,-0.3,3.2,0,5.2,FALSE,Independent,FALSE
02.11.2026,Monday,Basel,RTBSLBAH,ibis Basel Bahnhof,113.86,CHF,2.7,"Marktplatz 72, Basel",BSL,47.54683,7.58427,1.46,"WiFi,24h Reception,Luggage Storage",STANDARD_ROOM,ROOM_ONLY,260,Basel-Stadt,city,7.2,11,4,45,306,FALSE,Autumn,FALSE,FALSE,2.8,-3.2,6,3.6,0,2.2,FALSE,Accor (ibis),TRUE
02.11.2026,Monday,Bern,BWBRN230,Best Western Plus Hotel Bern,205.64,CHF,3.4,"Bahnhofstrasse 13, Bern",BRN,46.94877,7.44633,0.12,"WiFi,Parking,Breakfast",STANDARD_ROOM,ROOM_ONLY,542,Bern,city,5.5,11,4,45,306,FALSE,Autumn,FALSE,FALSE,1.5,-3.7,5.4,6.2,0,4,FALSE,Best Western,TRUE
02.11.2026,Monday,Chur,BWZRH091,BEST WESTERN HOTEL ZURCHERHOF,203.28,CHF,3.6,"Hauptstrasse 89, Chur",ZRH,47.37503,8.54445,94.9,"WiFi,Restaurant,Room Service",STANDARD_ROOM,BREAKFAST,593,Graubuenden,city,10,11,4,45,306,FALSE,Autumn,FALSE,FALSE,-0.1,-4.3,6.8,4.3,0,1.7,FALSE,Best Western,TRUE
02.11.2026,Monday,Chur,MCZRHDTM,Zurich Marriott Hotel,353.25,CHF,4.2,"Bahnhofstrasse 30, Chur",ZRH,47.38247,8.54026,95.65,"WiFi,24h Reception,Luggage Storage",STANDARD_ROOM,ROOM_ONLY,593,Graubuenden,city,9.2,11,4,45,306,FALSE,Autumn,FALSE,FALSE,2.4,-4.4,8.3,7,0,2.8,FALSE,Marriott,TRUE
02.11.2026,Monday,Chur,ONZRHCTY,HOTEL CITY,164.88,CHF,3.8,"Hauptstrasse 11, Chur",ZRH,47.37474,8.53611,95.38,"WiFi,Parking,Breakfast",BUDGET_ROOM,ROOM_ONLY,593,Graubuenden,city,10.1,11,4,45,306,FALSE,Autumn,FALSE,FALSE,5,-1.2,11.3,7.1,0,4,FALSE,Independent,FALSE
02.11.2026,Monday,Genf,ICGVAICA,INTERCONTINENTAL GENEVA,1154.11,CHF,4.6,"Bahnhofstrasse 14, Genf",GVA,46.22461,6.13268,2.39,"WiFi,24h Reception,Luggage Storage",COMFORT_ROOM,ROOM_ONLY,375,Geneva,city,2.4,11,4,45,306,FALSE,Autumn,FALSE,FALSE,2.4,-3.4,7.2,6.8,0,1.5,FALSE,IHG (InterContinental),TRUE
02.11.2026,Monday,Genf,RTGVAGAR,ibis Geneve Centre Gare,116.41,CHF,3.2,"Hauptstrasse 61, Genf",GVA,46.20765,6.13827,0.52,"WiFi,Parking,Breakfast",STANDARD_ROOM,ROOM_ONLY,375,Geneva,city,4.1,11,4,45,306,FALSE,Autumn,FALSE,FALSE,1,-2.1,7.6,8.6,0,5.1,FALSE,Accor (ibis),TRUE
02.11.2026,Monday,Genf,RTGVARES,Résidence Studio Genève Centre,102.04,CHF,3.2,"Hauptstrasse 72, Genf",GVA,46.2117,6.14696,0.86,"WiFi,Parking,Restaurant,Bar",STANDARD_ROOM,ROOM_ONLY,375,Geneva,city,4.1,11,4,45,306,FALSE,Autumn,FALSE,FALSE,2.6,-4.4,8,6.6,0,1.5,FALSE,Independent,FALSE
02.11.2026,Monday,Interlaken,BWZRH091,BEST WESTERN HOTEL ZURCHERHOF,239.29,CHF,4.3,"Bahnhofstrasse 29, Interlaken",ZRH,47.37503,8.54445,92.36,"WiFi,Restaurant,Room Service",STANDARD_ROOM,BREAKFAST,570,Bern,mountain_resort,10,11,4,45,306,FALSE,Autumn,FALSE,FALSE,3.9,-0.3,10.6,4.2,0,5.2,FALSE,Best Western,TRUE
02.11.2026,Monday,Interlaken,MCZRHDTM,Zurich Marriott Hotel,413.78,CHF,4.3,"Poststrasse 59, Interlaken",ZRH,47.38247,8.54026,92.87,"WiFi,Parking,Breakfast",STANDARD_ROOM,ROOM_ONLY,570,Bern,mountain_resort,9.2,11,4,45,306,FALSE,Autumn,FALSE,FALSE,4.9,0.2,11.1,7.2,0,4.3,FALSE,Marriott,TRUE
02.11.2026,Monday,Interlaken,ONZRHCTY,HOTEL CITY,194.02,CHF,3.5,"Marktplatz 41, Interlaken",ZRH,47.37474,8.53611,91.98,"WiFi,Parking,Restaurant,Bar",BUDGET_ROOM,ROOM_ONLY,570,Bern,mountain_resort,10.1,11,4,45,306,FALSE,Autumn,FALSE,FALSE,2,-3,8.3,2.1,0,5,FALSE,Independent,FALSE
02.11.2026,Monday,Lausanne,ICGVAICA,INTERCONTINENTAL GENEVA,1153.39,CHF,4.3,"Hauptstrasse 53, Lausanne",GVA,46.22461,6.13268,50.46,"WiFi,Gym,Pool,Spa",COMFORT_ROOM,ROOM_ONLY,495,Vaud,city,2.4,11,4,45,306,FALSE,Autumn,FALSE,FALSE,3.2,-1.1,6.6,3.2,0,3.2,FALSE,IHG (InterContinental),TRUE
02.11.2026,Monday,Lausanne,RTGVAGAR,ibis Geneve Centre Gare,111.07,CHF,2.9,"Marktplatz 35, Lausanne",GVA,46.20765,6.13827,51.39,"WiFi,Restaurant,Room Service",STANDARD_ROOM,ROOM_ONLY,495,Vaud,city,4.1,11,4,45,306,FALSE,Autumn,FALSE,FALSE,1.7,-1.5,8.5,4.1,0,3.8,FALSE,Accor (ibis),TRUE
02.11.2026,Monday,Lausanne,RTGVARES,Résidence Studio Genève Centre,109.2,CHF,3,"Bahnhofstrasse 18, Lausanne",GVA,46.2117,6.14696,50.59,"WiFi,Parking,Breakfast",STANDARD_ROOM,ROOM_ONLY,495,Vaud,city,4.1,11,4,45,306,FALSE,Autumn,FALSE,FALSE,0.4,-5.8,3.7,4,0,2.3,FALSE,Independent,FALSE
02.11.2026,Monday,Luzern,BWZRH091,BEST WESTERN HOTEL ZURCHERHOF,239.64,CHF,3.7,"Bahnhofstrasse 44, Luzern",ZRH,47.37503,8.54445,40.25,"WiFi,Parking,Restaurant,Bar",STANDARD_ROOM,BREAKFAST,435,Lucerne,city,10,11,4,45,306,FALSE,Autumn,FALSE,FALSE,5.8,2.8,11,3.2,0,1.4,FALSE,Best Western,TRUE
02.11.2026,Monday,Luzern,MCZRHDTM,Zurich Marriott Hotel,435.46,CHF,4.5,"Hauptstrasse 10, Luzern",ZRH,47.38247,8.54026,40.86,"WiFi,Parking,Restaurant,Bar",STANDARD_ROOM,ROOM_ONLY,435,Lucerne,city,9.2,11,4,45,306,FALSE,Autumn,FALSE,FALSE,0.3,-3.2,3.8,6.4,0,3.5,FALSE,Marriott,TRUE
02.11.2026,Monday,Luzern,ONZRHCTY,HOTEL CITY,202.03,CHF,3.6,"Kirchgasse 18, Luzern",ZRH,47.37474,8.53611,39.95,"WiFi,Parking,Restaurant,Bar",BUDGET_ROOM,ROOM_ONLY,435,Lucerne,city,10.1,11,4,45,306,FALSE,Autumn,FALSE,FALSE,4.2,-1.1,10,2.8,0,2,FALSE,Independent,FALSE
02.11.2026,Monday,St. Gallen,BWZRH091,BEST WESTERN HOTEL ZURCHERHOF,202.86,CHF,3.8,"Marktplatz 87, St. Gallen",ZRH,47.37503,8.54445,62.88,"WiFi,Parking,Breakfast",STANDARD_ROOM,BREAKFAST,675,St. Gallen,city,10,11,4,45,306,FALSE,Autumn,FALSE,FALSE,0.6,-5.9,4.5,6.1,0,2.7,FALSE,Best Western,TRUE
02.11.2026,Monday,St. Gallen,MCZRHDTM,Zurich Marriott Hotel,373.59,CHF,4.3,"Bahnhofstrasse 70, St. Gallen",ZRH,47.38247,8.54026,63.12,"WiFi,Parking,Restaurant,Bar",STANDARD_ROOM,ROOM_ONLY,675,St. Gallen,city,9.2,11,4,45,306,FALSE,Autumn,FALSE,FALSE,-0.8,-6.7,2.5,6.2,0,1.4,FALSE,Marriott,TRUE
02.11.2026,Monday,St. Gallen,ONZRHCTY,HOTEL CITY,179.63,CHF,3.4,"Hauptstrasse 71, St. Gallen",ZRH,47.37474,8.53611,63.51,"WiFi,Restaurant,Room Service",BUDGET_ROOM,ROOM_ONLY,675,St. Gallen,city,10.1,11,4,45,306,FALSE,Autumn,FALSE,FALSE,4.2,-0.5,8.2,4.5,0,4.1,FALSE,Independent,FALSE
02.11.2026,Monday,St. Moritz,BWZRH091,BEST WESTERN HOTEL ZURCHERHOF,217.65,CHF,3.3,"Poststrasse 80, St. Moritz",ZRH,47.37503,8.54445,138.28,"WiFi,Parking,Breakfast",STANDARD_ROOM,BREAKFAST,1856,Graubuenden,alpine_ski_resort,10,11,4,45,306,FALSE,Autumn,FALSE,FALSE,-3.8,-7,2.4,4.6,0,4.4,FALSE,Best Western,TRUE
02.11.2026,Monday,St. Moritz,MCZRHDTM,Zurich Marriott Hotel,401.58,CHF,4.7,"Poststrasse 68, St. Moritz",ZRH,47.38247,8.54026,139.08,"WiFi,Parking,Breakfast",STANDARD_ROOM,ROOM_ONLY,1856,Graubuenden,alpine_ski_resort,9.2,11,4,45,306,FALSE,Autumn,FALSE,FALSE,-8,-14.4,-2.4,1.8,0,2.7,FALSE,Marriott,TRUE
02.11.2026,Monday,St. Moritz,ONZRHCTY,HOTEL CITY,187.27,CHF,3.5,"Bahnhofstrasse 19, St. Moritz",ZRH,47.37474,8.53611,138.7,"WiFi,Restaurant,Room Service",BUDGET_ROOM,ROOM_ONLY,1856,Graubuenden,alpine_ski_resort,10.1,11,4,45,306,FALSE,Autumn,FALSE,FALSE,-4.8,-11.7,1.1,6.5,0,5.2,FALSE,Independent,FALSE
02.11.2026,Monday,Winterthur,BWZRH091,BEST WESTERN HOTEL ZURCHERHOF,193.39,CHF,3.7,"Kirchgasse 15, Winterthur",ZRH,47.37503,8.54445,20.79,"WiFi,Restaurant,Room Service",STANDARD_ROOM,BREAKFAST,439,Zurich,city,10,11,4,45,306,FALSE,Autumn,FALSE,FALSE,5.2,0.9,8.3,4.6,0,4.5,FALSE,Best Western,TRUE
02.11.2026,Monday,Winterthur,MCZRHDTM,Zurich Marriott Hotel,353.75,CHF,4.2,"Kirchgasse 59, Winterthur",ZRH,47.38247,8.54026,20.48,"WiFi,Gym,Pool,Spa",STANDARD_ROOM,ROOM_ONLY,439,Zurich,city,9.2,11,4,45,306,FALSE,Autumn,FALSE,FALSE,5.9,1.8,12.9,3.2,0,2.4,FALSE,Marriott,TRUE
02.11.2026,Monday,Winterthur,ONZRHCTY,HOTEL CITY,167.17,CHF,3.6,"Marktplatz 54, Winterthur",ZRH,47.37474,8.53611,21.28,"WiFi,Parking,Breakfast",BUDGET_ROOM,ROOM_ONLY,439,Zurich,city,10.1,11,4,45,306,FALSE,Autumn,FALSE,FALSE,5,1.2,10,8,0,2.1,FALSE,Independent,FALSE
02.11.2026,Monday,Zermatt,BWZRH091,BEST WESTERN HOTEL ZURCHERHOF,226.96,CHF,3.8,"Marktplatz 88, Zermatt",ZRH,47.37503,8.54445,162.35,"WiFi,Parking,Restaurant,Bar",STANDARD_ROOM,BREAKFAST,1620,Valais,alpine_ski_resort,10,11,4,45,306,FALSE,Autumn,FALSE,FALSE,-5.6,-10.6,0.7,0,0,2.2,FALSE,Best Western,TRUE
02.11.2026,Monday,Zermatt,ONZRHCTY,HOTEL CITY,194.24,CHF,3.4,"Poststrasse 19, Zermatt",ZRH,47.37474,8.53611,162.08,"WiFi,Parking,Restaurant,Bar",BUDGET_ROOM,ROOM_ONLY,1620,Valais,alpine_ski_resort,10.1,11,4,45,306,FALSE,Autumn,FALSE,FALSE,-6.3,-11.9,-1.3,3.5,0,4.1,FALSE,Independent,FALSE
02.11.2026,Monday,Zuerich,BWZRH091,BEST WESTERN HOTEL ZURCHERHOF,203.43,CHF,3.7,"Hauptstrasse 58, Zuerich",ZRH,47.37503,8.54445,0.29,"WiFi,24h Reception,Luggage Storage",STANDARD_ROOM,BREAKFAST,408,Zurich,city,10,11,4,45,306,FALSE,Autumn,FALSE,FALSE,1.9,-5.1,7.4,4.9,0,4.7,FALSE,Best Western,TRUE
02.11.2026,Monday,Zuerich,MCZRHDTM,Zurich Marriott Hotel,359.51,CHF,4.4,"Marktplatz 23, Zuerich",ZRH,47.38247,8.54026,0.63,"WiFi,Parking,Breakfast",STANDARD_ROOM,ROOM_ONLY,408,Zurich,city,9.2,11,4,45,306,FALSE,Autumn,FALSE,FALSE,1.7,-4.7,6.4,7.3,0,2.3,FALSE,Marriott,TRUE
02.11.2026,Monday,Zuerich,ONZRHCTY,HOTEL CITY,171.72,CHF,3.6,"Hauptstrasse 8, Zuerich",ZRH,47.37474,8.53611,0.48,"WiFi,Restaurant,Room Service",BUDGET_ROOM,ROOM_ONLY,408,Zurich,city,10.1,11,4,45,306,FALSE,Autumn,FALSE,FALSE,1.1,-2.2,7,4.1,0,4.1,FALSE,Independent,FALSE
09.11.2026,Monday,Arosa,BWZRH091,BEST WESTERN HOTEL ZURCHERHOF,223.5,CHF,3.6,"Kirchgasse 72, Arosa",ZRH,47.37503,8.54445,107.47,"WiFi,Parking,Restaurant,Bar",STANDARD_ROOM,BREAKFAST,1775,Graubuenden,alpine_ski_resort,10,11,4,46,313,FALSE,Autumn,FALSE,FALSE,-6.3,-12.2,-1.3,0,0,1.1,FALSE,Best Western,TRUE
09.11.2026,Monday,Arosa,MCZRHDTM,Zurich Marriott Hotel,408.84,CHF,4.7,"Marktplatz 41, Arosa",ZRH,47.38247,8.54026,108.23,"WiFi,Parking,Restaurant,Bar",STANDARD_ROOM,ROOM_ONLY,1775,Graubuenden,alpine_ski_resort,9.2,11,4,46,313,FALSE,Autumn,FALSE,FALSE,-6.5,-12.4,-3,3.8,0,3.6,FALSE,Marriott,TRUE
09.11.2026,Monday,Arosa,ONZRHCTY,HOTEL CITY,194.62,CHF,3.2,"Marktplatz 75, Arosa",ZRH,47.37474,8.53611,107.95,"WiFi,Parking,Restaurant,Bar",BUDGET_ROOM,ROOM_ONLY,1775,Graubuenden,alpine_ski_resort,10.1,11,4,46,313,FALSE,Autumn,FALSE,FALSE,-5.5,-11,-2.4,2.5,0,1.7,FALSE,Independent,FALSE
09.11.2026,Monday,Basel,RTBSLBAH,ibis Basel Bahnhof,108.37,CHF,3.1,"Marktplatz 64, Basel",BSL,47.54683,7.58427,1.46,"WiFi,Restaurant,Room Service",STANDARD_ROOM,ROOM_ONLY,260,Basel-Stadt,city,7.2,11,4,46,313,FALSE,Autumn,FALSE,FALSE,5.8,-1.2,12.8,3.4,0,4.7,FALSE,Accor (ibis),TRUE
09.11.2026,Monday,Bern,BWBRN230,Best Western Plus Hotel Bern,206.2,CHF,3.7,"Kirchgasse 90, Bern",BRN,46.94877,7.44633,0.12,"WiFi,Parking,Restaurant,Bar",STANDARD_ROOM,ROOM_ONLY,542,Bern,city,5.5,11,4,46,313,FALSE,Autumn,FALSE,FALSE,-1.3,-4.4,2.5,2.6,0,1.4,FALSE,Best Western,TRUE
09.11.2026,Monday,Chur,BWZRH091,BEST WESTERN HOTEL ZURCHERHOF,210.22,CHF,3.5,"Bahnhofstrasse 48, Chur",ZRH,47.37503,8.54445,94.9,"WiFi,24h Reception,Luggage Storage",STANDARD_ROOM,BREAKFAST,593,Graubuenden,city,10,11,4,46,313,FALSE,Autumn,FALSE,FALSE,-1.4,-6.3,4.8,4.6,0,4.5,FALSE,Best Western,TRUE
09.11.2026,Monday,Chur,MCZRHDTM,Zurich Marriott Hotel,362.96,CHF,4.8,"Marktplatz 54, Chur",ZRH,47.38247,8.54026,95.65,"WiFi,Parking,Breakfast",STANDARD_ROOM,ROOM_ONLY,593,Graubuenden,city,9.2,11,4,46,313,FALSE,Autumn,FALSE,FALSE,3.5,-1.4,9.7,4.6,0,2.5,FALSE,Marriott,TRUE
09.11.2026,Monday,Chur,ONZRHCTY,HOTEL CITY,178.97,CHF,3.4,"Marktplatz 96, Chur",ZRH,47.37474,8.53611,95.38,"WiFi,Parking,Breakfast",BUDGET_ROOM,ROOM_ONLY,593,Graubuenden,city,10.1,11,4,46,313,FALSE,Autumn,FALSE,FALSE,2.1,-1.4,8.6,0.6,0,2.5,FALSE,Independent,FALSE
09.11.2026,Monday,Genf,ICGVAICA,INTERCONTINENTAL GENEVA,1322.59,CHF,4.5,"Kirchgasse 14, Genf",GVA,46.22461,6.13268,2.39,"WiFi,Gym,Pool,Spa",STANDARD_ROOM,ROOM_ONLY,375,Geneva,city,2.4,11,4,46,313,FALSE,Autumn,FALSE,FALSE,1.3,-5.3,7.6,0.9,0,2.9,FALSE,IHG (InterContinental),TRUE
09.11.2026,Monday,Genf,RTGVAGAR,ibis Geneve Centre Gare,111.37,CHF,3.1,"Kirchgasse 99, Genf",GVA,46.20765,6.13827,0.52,"WiFi,Parking,Restaurant,Bar",STANDARD_ROOM,ROOM_ONLY,375,Geneva,city,4.1,11,4,46,313,FALSE,Autumn,FALSE,FALSE,4.7,-1.4,8,0,0,1,FALSE,Accor (ibis),TRUE
09.11.2026,Monday,Genf,RTGVARES,Résidence Studio Genève Centre,108.5,CHF,2.7,"Marktplatz 84, Genf",GVA,46.2117,6.14696,0.86,"WiFi,Restaurant,Room Service",STANDARD_ROOM,ROOM_ONLY,375,Geneva,city,4.1,11,4,46,313,FALSE,Autumn,FALSE,FALSE,0,-4.1,6.1,0,0,3.1,FALSE,Independent,FALSE
09.11.2026,Monday,Interlaken,BWZRH091,BEST WESTERN HOTEL ZURCHERHOF,245.7,CHF,3.9,"Kirchgasse 20, Interlaken",ZRH,47.37503,8.54445,92.36,"WiFi,24h Reception,Luggage Storage",STANDARD_ROOM,BREAKFAST,570,Bern,mountain_resort,10,11,4,46,313,FALSE,Autumn,FALSE,FALSE,2.1,-3.5,5.2,4.4,0,3.7,FALSE,Best Western,TRUE
09.11.2026,Monday,Interlaken,MCZRHDTM,Zurich Marriott Hotel,436.29,CHF,4.4,"Kirchgasse 43, Interlaken",ZRH,47.38247,8.54026,92.87,"WiFi,24h Reception,Luggage Storage",STANDARD_ROOM,ROOM_ONLY,570,Bern,mountain_resort,9.2,11,4,46,313,FALSE,Autumn,FALSE,FALSE,3.3,-1.6,9.7,3.3,0,1.5,FALSE,Marriott,TRUE
09.11.2026,Monday,Interlaken,ONZRHCTY,HOTEL CITY,204.95,CHF,3.8,"Poststrasse 37, Interlaken",ZRH,47.37474,8.53611,91.98,"WiFi,Restaurant,Room Service",BUDGET_ROOM,ROOM_ONLY,570,Bern,mountain_resort,10.1,11,4,46,313,FALSE,Autumn,FALSE,FALSE,1.1,-3.7,6.2,0,0,3.9,FALSE,Independent,FALSE
09.11.2026,Monday,Lausanne,ICGVAICA,INTERCONTINENTAL GENEVA,1228.28,CHF,4.7,"Bahnhofstrasse 68, Lausanne",GVA,46.22461,6.13268,50.46,"WiFi,Gym,Pool,Spa",STANDARD_ROOM,ROOM_ONLY,495,Vaud,city,2.4,11,4,46,313,FALSE,Autumn,FALSE,FALSE,2.1,-2.4,9.1,4.1,0,4.7,FALSE,IHG (InterContinental),TRUE
09.11.2026,Monday,Lausanne,RTGVAGAR,ibis Geneve Centre Gare,117.41,CHF,2.7,"Hauptstrasse 46, Lausanne",GVA,46.20765,6.13827,51.39,"WiFi,Parking,Breakfast",STANDARD_ROOM,ROOM_ONLY,495,Vaud,city,4.1,11,4,46,313,FALSE,Autumn,FALSE,FALSE,-0.7,-6.7,4.5,4.2,0,2.2,FALSE,Accor (ibis),TRUE
09.11.2026,Monday,Lausanne,RTGVARES,Résidence Studio Genève Centre,107.6,CHF,2.7,"Bahnhofstrasse 90, Lausanne",GVA,46.2117,6.14696,50.59,"WiFi,Gym,Pool,Spa",STANDARD_ROOM,ROOM_ONLY,495,Vaud,city,4.1,11,4,46,313,FALSE,Autumn,FALSE,FALSE,4.2,1.1,9.7,4.8,0,1.6,FALSE,Independent,FALSE
09.11.2026,Monday,Luzern,BWZRH091,BEST WESTERN HOTEL ZURCHERHOF,240.57,CHF,4.1,"Bahnhofstrasse 82, Luzern",ZRH,47.37503,8.54445,40.25,"WiFi,24h Reception,Luggage Storage",STANDARD_ROOM,BREAKFAST,435,Lucerne,city,10,11,4,46,313,FALSE,Autumn,FALSE,FALSE,4.9,1,11.1,1.3,0,4.5,FALSE,Best Western,TRUE
09.11.2026,Monday,Luzern,MCZRHDTM,Zurich Marriott Hotel,438.88,CHF,4.5,"Poststrasse 35, Luzern",ZRH,47.38247,8.54026,40.86,"WiFi,Parking,Breakfast",STANDARD_ROOM,ROOM_ONLY,435,Lucerne,city,9.2,11,4,46,313,FALSE,Autumn,FALSE,FALSE,5,0.6,9.4,1.4,0,2.3,FALSE,Marriott,TRUE
09.11.2026,Monday,Luzern,ONZRHCTY,HOTEL CITY,200.01,CHF,3.5,"Poststrasse 2, Luzern",ZRH,47.37474,8.53611,39.95,"WiFi,Gym,Pool,Spa",BUDGET_ROOM,ROOM_ONLY,435,Lucerne,city,10.1,11,4,46,313,FALSE,Autumn,FALSE,FALSE,-0.7,-5.3,2.4,0.6,0,3.7,FALSE,Independent,FALSE
09.11.2026,Monday,St. Gallen,BWZRH091,BEST WESTERN HOTEL ZURCHERHOF,203.31,CHF,3.5,"Poststrasse 38, St. Gallen",ZRH,47.37503,8.54445,62.88,"WiFi,Parking,Restaurant,Bar",STANDARD_ROOM,BREAKFAST,675,St. Gallen,city,10,11,4,46,313,FALSE,Autumn,FALSE,FALSE,0.1,-5.5,5.6,4.2,0,3.7,FALSE,Best Western,TRUE
09.11.2026,Monday,St. Gallen,MCZRHDTM,Zurich Marriott Hotel,359.73,CHF,4.2,"Bahnhofstrasse 89, St. Gallen",ZRH,47.38247,8.54026,63.12,"WiFi,Restaurant,Room Service",STANDARD_ROOM,ROOM_ONLY,675,St. Gallen,city,9.2,11,4,46,313,FALSE,Autumn,FALSE,FALSE,-0.3,-6.9,6.7,0,0,4.9,FALSE,Marriott,TRUE
09.11.2026,Monday,St. Gallen,ONZRHCTY,HOTEL CITY,171.73,CHF,3.4,"Marktplatz 63, St. Gallen",ZRH,47.37474,8.53611,63.51,"WiFi,Parking,Breakfast",BUDGET_ROOM,ROOM_ONLY,675,St. Gallen,city,10.1,11,4,46,313,FALSE,Autumn,FALSE,FALSE,2.2,-4.7,7.7,2.5,0,3.3,FALSE,Independent,FALSE
09.11.2026,Monday,St. Moritz,BWZRH091,BEST WESTERN HOTEL ZURCHERHOF,209.98,CHF,3.7,"Marktplatz 44, St. Moritz",ZRH,47.37503,8.54445,138.28,"WiFi,Parking,Restaurant,Bar",STANDARD_ROOM,BREAKFAST,1856,Graubuenden,alpine_ski_resort,10,11,4,46,313,FALSE,Autumn,FALSE,FALSE,-3.6,-7.5,2,0.4,0,1.9,FALSE,Best Western,TRUE
09.11.2026,Monday,St. Moritz,MCZRHDTM,Zurich Marriott Hotel,419.77,CHF,4.6,"Kirchgasse 15, St. Moritz",ZRH,47.38247,8.54026,139.08,"WiFi,24h Reception,Luggage Storage",STANDARD_ROOM,ROOM_ONLY,1856,Graubuenden,alpine_ski_resort,9.2,11,4,46,313,FALSE,Autumn,FALSE,FALSE,-6,-12.8,-1.3,2.1,0,2.7,FALSE,Marriott,TRUE
09.11.2026,Monday,St. Moritz,ONZRHCTY,HOTEL CITY,185.68,CHF,3.5,"Marktplatz 86, St. Moritz",ZRH,47.37474,8.53611,138.7,"WiFi,24h Reception,Luggage Storage",BUDGET_ROOM,ROOM_ONLY,1856,Graubuenden,alpine_ski_resort,10.1,11,4,46,313,FALSE,Autumn,FALSE,FALSE,-4.5,-7.7,0,3,0,3.6,FALSE,Independent,FALSE
09.11.2026,Monday,Winterthur,BWZRH091,BEST WESTERN HOTEL ZURCHERHOF,199.45,CHF,3.5,"Marktplatz 98, Winterthur",ZRH,47.37503,8.54445,20.79,"WiFi,Restaurant,Room Service",STANDARD_ROOM,BREAKFAST,439,Zurich,city,10,11,4,46,313,FALSE,Autumn,FALSE,FALSE,2.7,-2.3,6.7,0.7,0,3.1,FALSE,Best Western,TRUE
09.11.2026,Monday,Winterthur,MCZRHDTM,Zurich Marriott Hotel,374.83,CHF,4.4,"Bahnhofstrasse 53, Winterthur",ZRH,47.38247,8.54026,20.48,"WiFi,Parking,Breakfast",STANDARD_ROOM,ROOM_ONLY,439,Zurich,city,9.2,11,4,46,313,FALSE,Autumn,FALSE,FALSE,1.3,-2.3,4.3,8.7,0,3.6,FALSE,Marriott,TRUE
09.11.2026,Monday,Winterthur,ONZRHCTY,HOTEL CITY,172.72,CHF,3.4,"Poststrasse 21, Winterthur",ZRH,47.37474,8.53611,21.28,"WiFi,Restaurant,Room Service",BUDGET_ROOM,ROOM_ONLY,439,Zurich,city,10.1,11,4,46,313,FALSE,Autumn,FALSE,FALSE,3.1,-0.8,7.5,2,0,2.4,FALSE,Independent,FALSE
09.11.2026,Monday,Zermatt,BWZRH091,BEST WESTERN HOTEL ZURCHERHOF,212.09,CHF,3.2,"Bahnhofstrasse 32, Zermatt",ZRH,47.37503,8.54445,162.35,"WiFi,Restaurant,Room Service",STANDARD_ROOM,BREAKFAST,1620,Valais,alpine_ski_resort,10,11,4,46,313,FALSE,Autumn,FALSE,FALSE,-4.9,-11.3,2,2.2,0,1.4,FALSE,Best Western,TRUE
09.11.2026,Monday,Zermatt,ONZRHCTY,HOTEL CITY,186.32,CHF,3.3,"Poststrasse 51, Zermatt",ZRH,47.37474,8.53611,162.08,"WiFi,Parking,Restaurant,Bar",BUDGET_ROOM,ROOM_ONLY,1620,Valais,alpine_ski_resort,10.1,11,4,46,313,FALSE,Autumn,FALSE,FALSE,-6.3,-11.5,-2.1,1.2,0,4.4,FALSE,Independent,FALSE
09.11.2026,Monday,Zuerich,BWZRH091,BEST WESTERN HOTEL ZURCHERHOF,204.03,CHF,3.3,"Bahnhofstrasse 53, Zuerich",ZRH,47.37503,8.54445,0.29,"WiFi,24h Reception,Luggage Storage",STANDARD_ROOM,BREAKFAST,408,Zurich,city,10,11,4,46,313,FALSE,Autumn,FALSE,FALSE,1.1,-3.1,5.6,4,0,3.8,FALSE,Best Western,TRUE
09.11.2026,Monday,Zuerich,MCZRHDTM,Zurich Marriott Hotel,361.93,CHF,4.8,"Bahnhofstrasse 95, Zuerich",ZRH,47.38247,8.54026,0.63,"WiFi,24h Reception,Luggage Storage",STANDARD_ROOM,ROOM_ONLY,408,Zurich,city,9.2,11,4,46,313,FALSE,Autumn,FALSE,FALSE,4.4,-1.5,9,1.8,0,1.7,FALSE,Marriott,TRUE
09.11.2026,Monday,Zuerich,ONZRHCTY,HOTEL CITY,178.37,CHF,3.3,"Bahnhofstrasse 63, Zuerich",ZRH,47.37474,8.53611,0.48,"WiFi,24h Reception,Luggage Storage",BUDGET_ROOM,ROOM_ONLY,408,Zurich,city,10.1,11,4,46,313,FALSE,Autumn,FALSE,FALSE,2.4,-3.9,5.5,4.2,0,1.9,FALSE,Independent,FALSE
16.11.2026,Monday,Arosa,MCZRHDTM,Zurich Marriott Hotel,384.67,CHF,4.5,"Marktplatz 41, Arosa",ZRH,47.38247,8.54026,108.23,"WiFi,24h Reception,Luggage Storage",STANDARD_ROOM,ROOM_ONLY,1775,Graubuenden,alpine_ski_resort,9.2,11,4,47,320,FALSE,Autumn,FALSE,FALSE,-5.9,-10.9,-2.7,0.4,0,1.6,FALSE,Marriott,TRUE
16.11.2026,Monday,Arosa,ONZRHCTY,HOTEL CITY,189.28,CHF,3.4,"Marktplatz 44, Arosa",ZRH,47.37474,8.53611,107.95,"WiFi,24h Reception,Luggage Storage",BUDGET_ROOM,ROOM_ONLY,1775,Graubuenden,alpine_ski_resort,10.1,11,4,47,320,FALSE,Autumn,FALSE,FALSE,-6.7,-10.4,-1.7,1,0,1.8,FALSE,Independent,FALSE
16.11.2026,Monday,Basel,RTBSLBAH,ibis Basel Bahnhof,109.05,CHF,3.1,"Marktplatz 54, Basel",BSL,47.54683,7.58427,1.46,"WiFi,Gym,Pool,Spa",STANDARD_ROOM,ROOM_ONLY,260,Basel-Stadt,city,7.2,11,4,47,320,FALSE,Autumn,FALSE,FALSE,3.9,-1.2,8.1,1.5,0,1.1,FALSE,Accor (ibis),TRUE
16.11.2026,Monday,Chur,MCZRHDTM,Zurich Marriott Hotel,386.4,CHF,4.6,"Hauptstrasse 9, Chur",ZRH,47.38247,8.54026,95.65,"WiFi,Restaurant,Room Service",STANDARD_ROOM,ROOM_ONLY,593,Graubuenden,city,9.2,11,4,47,320,FALSE,Autumn,FALSE,FALSE,-0.8,-5.5,4.7,0,0,2.5,FALSE,Marriott,TRUE
16.11.2026,Monday,Chur,ONZRHCTY,HOTEL CITY,174.48,CHF,3.7,"Poststrasse 63, Chur",ZRH,47.37474,8.53611,95.38,"WiFi,Parking,Breakfast",BUDGET_ROOM,ROOM_ONLY,593,Graubuenden,city,10.1,11,4,47,320,FALSE,Autumn,FALSE,FALSE,2.9,-3,6.1,3.5,0,2.6,FALSE,Independent,FALSE
16.11.2026,Monday,Genf,ICGVAICA,INTERCONTINENTAL GENEVA,1342.55,CHF,4.6,"Poststrasse 82, Genf",GVA,46.22461,6.13268,2.39,"WiFi,Parking,Restaurant,Bar",STANDARD_ROOM,ROOM_ONLY,375,Geneva,city,2.4,11,4,47,320,FALSE,Autumn,FALSE,FALSE,-0.8,-7.2,4.9,3.6,0,2.7,FALSE,IHG (InterContinental),TRUE
16.11.2026,Monday,Genf,RTGVAGAR,ibis Geneve Centre Gare,120.37,CHF,3,"Kirchgasse 54, Genf",GVA,46.20765,6.13827,0.52,"WiFi,Parking,Breakfast",STANDARD_ROOM,ROOM_ONLY,375,Geneva,city,4.1,11,4,47,320,FALSE,Autumn,FALSE,FALSE,3,-1.2,9.7,0.8,0,0.9,FALSE,Accor (ibis),TRUE
16.11.2026,Monday,Genf,RTGVARES,Résidence Studio Genève Centre,112.04,CHF,3.1,"Marktplatz 99, Genf",GVA,46.2117,6.14696,0.86,"WiFi,Parking,Restaurant,Bar",STANDARD_ROOM,ROOM_ONLY,375,Geneva,city,4.1,11,4,47,320,FALSE,Autumn,FALSE,FALSE,4.2,0.3,10.1,0,0,4.1,FALSE,Independent,FALSE
16.11.2026,Monday,Interlaken,MCZRHDTM,Zurich Marriott Hotel,445.57,CHF,4.8,"Marktplatz 99, Interlaken",ZRH,47.38247,8.54026,92.87,"WiFi,Parking,Breakfast",STANDARD_ROOM,ROOM_ONLY,570,Bern,mountain_resort,9.2,11,4,47,320,FALSE,Autumn,FALSE,FALSE,0.3,-4.7,7.3,1.9,0,2.3,FALSE,Marriott,TRUE
16.11.2026,Monday,Interlaken,ONZRHCTY,HOTEL CITY,207.93,CHF,3.8,"Bahnhofstrasse 90, Interlaken",ZRH,47.37474,8.53611,91.98,"WiFi,Gym,Pool,Spa",BUDGET_ROOM,ROOM_ONLY,570,Bern,mountain_resort,10.1,11,4,47,320,FALSE,Autumn,FALSE,FALSE,-1.6,-7.4,4,3.5,0,2.4,FALSE,Independent,FALSE
16.11.2026,Monday,Lausanne,ICGVAICA,INTERCONTINENTAL GENEVA,1330.68,CHF,4.6,"Hauptstrasse 26, Lausanne",GVA,46.22461,6.13268,50.46,"WiFi,Parking,Restaurant,Bar",STANDARD_ROOM,ROOM_ONLY,495,Vaud,city,2.4,11,4,47,320,FALSE,Autumn,FALSE,FALSE,2.2,-1.3,8.3,3.7,0,1.6,FALSE,IHG (InterContinental),TRUE
16.11.2026,Monday,Lausanne,RTGVAGAR,ibis Geneve Centre Gare,121.57,CHF,2.9,"Bahnhofstrasse 5, Lausanne",GVA,46.20765,6.13827,51.39,"WiFi,Gym,Pool,Spa",STANDARD_ROOM,ROOM_ONLY,495,Vaud,city,4.1,11,4,47,320,FALSE,Autumn,FALSE,FALSE,-0.7,-7.2,4.9,4.6,0,3.5,FALSE,Accor (ibis),TRUE
16.11.2026,Monday,Lausanne,RTGVARES,Résidence Studio Genève Centre,105.45,CHF,2.8,"Hauptstrasse 71, Lausanne",GVA,46.2117,6.14696,50.59,"WiFi,Parking,Breakfast",STANDARD_ROOM,ROOM_ONLY,495,Vaud,city,4.1,11,4,47,320,FALSE,Autumn,FALSE,FALSE,-0.5,-4.1,2.7,4.2,0,4,FALSE,Independent,FALSE
16.11.2026,Monday,Luzern,MCZRHDTM,Zurich Marriott Hotel,441.93,CHF,4.3,"Bahnhofstrasse 46, Luzern",ZRH,47.38247,8.54026,40.86,"WiFi,Parking,Restaurant,Bar",STANDARD_ROOM,ROOM_ONLY,435,Lucerne,city,9.2,11,4,47,320,FALSE,Autumn,FALSE,FALSE,2.5,-4.5,8.1,0.3,0,3.3,FALSE,Marriott,TRUE
16.11.2026,Monday,Luzern,ONZRHCTY,HOTEL CITY,198.82,CHF,3.7,"Hauptstrasse 88, Luzern",ZRH,47.37474,8.53611,39.95,"WiFi,Parking,Restaurant,Bar",BUDGET_ROOM,ROOM_ONLY,435,Lucerne,city,10.1,11,4,47,320,FALSE,Autumn,FALSE,FALSE,4.1,-2.4,8.8,2.1,0,3.7,FALSE,Independent,FALSE
16.11.2026,Monday,St. Gallen,MCZRHDTM,Zurich Marriott Hotel,365.62,CHF,4.5,"Poststrasse 36, St. Gallen",ZRH,47.38247,8.54026,63.12,"WiFi,Parking,Restaurant,Bar",STANDARD_ROOM,ROOM_ONLY,675,St. Gallen,city,9.2,11,4,47,320,FALSE,Autumn,FALSE,FALSE,1.9,-2,7.8,2.6,0,4.5,FALSE,Marriott,TRUE
16.11.2026,Monday,St. Gallen,ONZRHCTY,HOTEL CITY,177.73,CHF,3.5,"Bahnhofstrasse 91, St. Gallen",ZRH,47.37474,8.53611,63.51,"WiFi,Restaurant,Room Service",BUDGET_ROOM,ROOM_ONLY,675,St. Gallen,city,10.1,11,4,47,320,FALSE,Autumn,FALSE,FALSE,-1.3,-5.2,3.5,1.3,0,3,FALSE,Independent,FALSE
16.11.2026,Monday,St. Moritz,ONZRHCTY,HOTEL CITY,187.21,CHF,3.5,"Bahnhofstrasse 8, St. Moritz",ZRH,47.37474,8.53611,138.7,"WiFi,24h Reception,Luggage Storage",BUDGET_ROOM,ROOM_ONLY,1856,Graubuenden,alpine_ski_resort,10.1,11,4,47,320,FALSE,Autumn,FALSE,FALSE,-4.9,-10,1.6,4.2,0,1,FALSE,Independent,FALSE
16.11.2026,Monday,Winterthur,MCZRHDTM,Zurich Marriott Hotel,361.09,CHF,4.3,"Bahnhofstrasse 16, Winterthur",ZRH,47.38247,8.54026,20.48,"WiFi,Gym,Pool,Spa",STANDARD_ROOM,ROOM_ONLY,439,Zurich,city,9.2,11,4,47,320,FALSE,Autumn,FALSE,FALSE,2.7,-3.3,8.3,6.2,0,3.7,FALSE,Marriott,TRUE
16.11.2026,Monday,Winterthur,ONZRHCTY,HOTEL CITY,167.17,CHF,3.7,"Hauptstrasse 96, Winterthur",ZRH,47.37474,8.53611,21.28,"WiFi,Parking,Breakfast",BUDGET_ROOM,ROOM_ONLY,439,Zurich,city,10.1,11,4,47,320,FALSE,Autumn,FALSE,FALSE,2.6,-2,6.9,1.2,0,2.3,FALSE,Independent,FALSE
16.11.2026,Monday,Zermatt,MCZRHDTM,Zurich Marriott Hotel,414.88,CHF,4.7,"Poststrasse 49, Zermatt",ZRH,47.38247,8.54026,163,"WiFi,Parking,Breakfast",STANDARD_ROOM,ROOM_ONLY,1620,Valais,alpine_ski_resort,9.2,11,4,47,320,FALSE,Autumn,FALSE,FALSE,-7.3,-13.2,-3.9,3.3,0,2.3,FALSE,Marriott,TRUE
16.11.2026,Monday,Zermatt,ONZRHCTY,HOTEL CITY,195.4,CHF,3.2,"Kirchgasse 15, Zermatt",ZRH,47.37474,8.53611,162.08,"WiFi,Gym,Pool,Spa",BUDGET_ROOM,ROOM_ONLY,1620,Valais,alpine_ski_resort,10.1,11,4,47,320,FALSE,Autumn,FALSE,FALSE,-5.1,-12,-0.7,2.8,0,1.1,FALSE,Independent,FALSE
16.11.2026,Monday,Zuerich,MCZRHDTM,Zurich Marriott Hotel,363.93,CHF,4.4,"Poststrasse 91, Zuerich",ZRH,47.38247,8.54026,0.63,"WiFi,Gym,Pool,Spa",STANDARD_ROOM,ROOM_ONLY,408,Zurich,city,9.2,11,4,47,320,FALSE,Autumn,FALSE,FALSE,-0.8,-5.9,4.7,2.1,0,3.1,FALSE,Marriott,TRUE
16.11.2026,Monday,Zuerich,ONZRHCTY,HOTEL CITY,182.94,CHF,3.4,"Kirchgasse 91, Zuerich",ZRH,47.37474,8.53611,0.48,"WiFi,Parking,Breakfast",BUDGET_ROOM,ROOM_ONLY,408,Zurich,city,10.1,11,4,47,320,FALSE,Autumn,FALSE,FALSE,3.3,-2.2,10.2,2.2,0,4,FALSE,Independent,FALSE
23.11.2026,Monday,Arosa,MCZRHDTM,Zurich Marriott Hotel,373.36,CHF,4.5,"Bahnhofstrasse 65, Arosa",ZRH,47.38247,8.54026,108.23,"WiFi,24h Reception,Luggage Storage",STANDARD_ROOM,ROOM_ONLY,1775,Graubuenden,alpine_ski_resort,9.2,11,4,48,327,FALSE,Autumn,FALSE,FALSE,-8.8,-15.3,-3.7,2.1,0,3.3,FALSE,Marriott,TRUE
23.11.2026,Monday,Arosa,ONZRHCTY,HOTEL CITY,183.38,CHF,3.7,"Bahnhofstrasse 88, Arosa",ZRH,47.37474,8.53611,107.95,"WiFi,Parking,Restaurant,Bar",BUDGET_ROOM,ROOM_ONLY,1775,Graubuenden,alpine_ski_resort,10.1,11,4,48,327,FALSE,Autumn,FALSE,FALSE,-6.5,-12.4,-0.5,0.4,0,3.2,FALSE,Independent,FALSE
23.11.2026,Monday,Basel,RTBSLBAH,ibis Basel Bahnhof,113.71,CHF,2.9,"Hauptstrasse 12, Basel",BSL,47.54683,7.58427,1.46,"WiFi,Parking,Breakfast",STANDARD_ROOM,ROOM_ONLY,260,Basel-Stadt,city,7.2,11,4,48,327,FALSE,Autumn,FALSE,FALSE,4.3,-1.6,8.4,1.3,0,3.4,FALSE,Accor (ibis),TRUE
23.11.2026,Monday,Chur,MCZRHDTM,Zurich Marriott Hotel,382.58,CHF,4.3,"Bahnhofstrasse 60, Chur",ZRH,47.38247,8.54026,95.65,"WiFi,24h Reception,Luggage Storage",STANDARD_ROOM,ROOM_ONLY,593,Graubuenden,city,9.2,11,4,48,327,FALSE,Autumn,FALSE,FALSE,-1.4,-6.1,5.5,4.3,0,0.6,FALSE,Marriott,TRUE
23.11.2026,Monday,Chur,ONZRHCTY,HOTEL CITY,183.57,CHF,3.7,"Bahnhofstrasse 53, Chur",ZRH,47.37474,8.53611,95.38,"WiFi,Parking,Breakfast",BUDGET_ROOM,ROOM_ONLY,593,Graubuenden,city,10.1,11,4,48,327,FALSE,Autumn,FALSE,FALSE,0.9,-3.8,7.4,0,0,1.1,FALSE,Independent,FALSE
23.11.2026,Monday,Genf,ICGVAICA,INTERCONTINENTAL GENEVA,1311.96,CHF,4.5,"Marktplatz 72, Genf",GVA,46.22461,6.13268,2.39,"WiFi,Restaurant,Room Service",STANDARD_ROOM,ROOM_ONLY,375,Geneva,city,2.4,11,4,48,327,FALSE,Autumn,FALSE,FALSE,-0.5,-5,6.1,0.5,0,4.2,FALSE,IHG (InterContinental),TRUE
23.11.2026,Monday,Genf,RTGVAGAR,ibis Geneve Centre Gare,118.37,CHF,3.2,"Kirchgasse 47, Genf",GVA,46.20765,6.13827,0.52,"WiFi,Parking,Restaurant,Bar",STANDARD_ROOM,ROOM_ONLY,375,Geneva,city,4.1,11,4,48,327,FALSE,Autumn,FALSE,FALSE,4.1,-1.3,9.6,0,0,1.6,FALSE,Accor (ibis),TRUE
23.11.2026,Monday,Genf,RTGVARES,Résidence Studio Genève Centre,110.23,CHF,3.1,"Bahnhofstrasse 20, Genf",GVA,46.2117,6.14696,0.86,"WiFi,24h Reception,Luggage Storage",STANDARD_ROOM,ROOM_ONLY,375,Geneva,city,4.1,11,4,48,327,FALSE,Autumn,FALSE,FALSE,-1.1,-5.7,5.7,4.7,0,2.1,FALSE,Independent,FALSE
23.11.2026,Monday,Interlaken,MCZRHDTM,Zurich Marriott Hotel,420.4,CHF,4.3,"Marktplatz 59, Interlaken",ZRH,47.38247,8.54026,92.87,"WiFi,Parking,Restaurant,Bar",STANDARD_ROOM,ROOM_ONLY,570,Bern,mountain_resort,9.2,11,4,48,327,FALSE,Autumn,FALSE,FALSE,-2,-7.8,1.5,3.4,0,1.2,FALSE,Marriott,TRUE
23.11.2026,Monday,Interlaken,ONZRHCTY,HOTEL CITY,209.37,CHF,3.6,"Kirchgasse 46, Interlaken",ZRH,47.37474,8.53611,91.98,"WiFi,Parking,Restaurant,Bar",BUDGET_ROOM,ROOM_ONLY,570,Bern,mountain_resort,10.1,11,4,48,327,FALSE,Autumn,FALSE,FALSE,-2.1,-6.7,4.2,0,0,0.6,FALSE,Independent,FALSE
23.11.2026,Monday,Lausanne,ICGVAICA,INTERCONTINENTAL GENEVA,1335.62,CHF,4.7,"Poststrasse 47, Lausanne",GVA,46.22461,6.13268,50.46,"WiFi,24h Reception,Luggage Storage",STANDARD_ROOM,ROOM_ONLY,495,Vaud,city,2.4,11,4,48,327,FALSE,Autumn,FALSE,FALSE,-1.3,-6.4,3.1,1.6,0,3.9,FALSE,IHG (InterContinental),TRUE
23.11.2026,Monday,Lausanne,RTGVAGAR,ibis Geneve Centre Gare,115.49,CHF,2.9,"Kirchgasse 26, Lausanne",GVA,46.20765,6.13827,51.39,"WiFi,Restaurant,Room Service",STANDARD_ROOM,ROOM_ONLY,495,Vaud,city,4.1,11,4,48,327,FALSE,Autumn,FALSE,FALSE,-2.2,-7.1,3,2.4,0,1.9,FALSE,Accor (ibis),TRUE
23.11.2026,Monday,Lausanne,RTGVARES,Résidence Studio Genève Centre,109.95,CHF,2.9,"Bahnhofstrasse 91, Lausanne",GVA,46.2117,6.14696,50.59,"WiFi,Parking,Breakfast",STANDARD_ROOM,ROOM_ONLY,495,Vaud,city,4.1,11,4,48,327,FALSE,Autumn,FALSE,FALSE,2.6,-1.6,8.6,1.1,0,2.1,FALSE,Independent,FALSE
23.11.2026,Monday,Luzern,MCZRHDTM,Zurich Marriott Hotel,432.05,CHF,4.4,"Hauptstrasse 98, Luzern",ZRH,47.38247,8.54026,40.86,"WiFi,Parking,Restaurant,Bar",STANDARD_ROOM,ROOM_ONLY,435,Lucerne,city,9.2,11,4,48,327,FALSE,Autumn,FALSE,FALSE,-1.8,-7.5,3.1,2.8,0,3.6,FALSE,Marriott,TRUE
23.11.2026,Monday,Luzern,ONZRHCTY,HOTEL CITY,199.02,CHF,3.5,"Marktplatz 55, Luzern",ZRH,47.37474,8.53611,39.95,"WiFi,Parking,Breakfast",BUDGET_ROOM,ROOM_ONLY,435,Lucerne,city,10.1,11,4,48,327,FALSE,Autumn,FALSE,FALSE,3.2,-2.5,10.1,5.3,0,3.9,FALSE,Independent,FALSE
23.11.2026,Monday,St. Gallen,MCZRHDTM,Zurich Marriott Hotel,386.23,CHF,4.5,"Marktplatz 99, St. Gallen",ZRH,47.38247,8.54026,63.12,"WiFi,Parking,Breakfast",STANDARD_ROOM,ROOM_ONLY,675,St. Gallen,city,9.2,11,4,48,327,FALSE,Autumn,FALSE,FALSE,0.2,-4.7,5.4,4.9,0,4.1,FALSE,Marriott,TRUE
23.11.2026,Monday,St. Gallen,ONZRHCTY,HOTEL CITY,183,CHF,3.4,"Kirchgasse 45, St. Gallen",ZRH,47.37474,8.53611,63.51,"WiFi,Gym,Pool,Spa",BUDGET_ROOM,ROOM_ONLY,675,St. Gallen,city,10.1,11,4,48,327,FALSE,Autumn,FALSE,FALSE,-2.4,-5.8,3.9,3.5,0,4.3,FALSE,Independent,FALSE
23.11.2026,Monday,St. Moritz,MCZRHDTM,Zurich Marriott Hotel,401.52,CHF,4.5,"Kirchgasse 48, St. Moritz",ZRH,47.38247,8.54026,139.08,"WiFi,24h Reception,Luggage Storage",STANDARD_ROOM,ROOM_ONLY,1856,Graubuenden,alpine_ski_resort,9.2,11,4,48,327,FALSE,Autumn,FALSE,FALSE,-7.1,-10.1,-2.6,1.4,0,3.4,FALSE,Marriott,TRUE
23.11.2026,Monday,St. Moritz,ONZRHCTY,HOTEL CITY,179.42,CHF,3.5,"Kirchgasse 21, St. Moritz",ZRH,47.37474,8.53611,138.7,"WiFi,Parking,Breakfast",BUDGET_ROOM,ROOM_ONLY,1856,Graubuenden,alpine_ski_resort,10.1,11,4,48,327,FALSE,Autumn,FALSE,FALSE,-7.6,-11.8,-3.1,3.7,0,2.9,FALSE,Independent,FALSE
23.11.2026,Monday,Winterthur,MCZRHDTM,Zurich Marriott Hotel,388.77,CHF,4.5,"Bahnhofstrasse 62, Winterthur",ZRH,47.38247,8.54026,20.48,"WiFi,Restaurant,Room Service",STANDARD_ROOM,ROOM_ONLY,439,Zurich,city,9.2,11,4,48,327,FALSE,Autumn,FALSE,FALSE,2.8,-3.3,6.6,0.3,0,3.2,FALSE,Marriott,TRUE
23.11.2026,Monday,Winterthur,ONZRHCTY,HOTEL CITY,175.22,CHF,3.4,"Marktplatz 49, Winterthur",ZRH,47.37474,8.53611,21.28,"WiFi,Restaurant,Room Service",BUDGET_ROOM,ROOM_ONLY,439,Zurich,city,10.1,11,4,48,327,FALSE,Autumn,FALSE,FALSE,1.7,-2,6.2,3.4,0,4.2,FALSE,Independent,FALSE
23.11.2026,Monday,Zermatt,MCZRHDTM,Zurich Marriott Hotel,376.89,CHF,4.8,"Marktplatz 75, Zermatt",ZRH,47.38247,8.54026,163,"WiFi,Restaurant,Room Service",STANDARD_ROOM,ROOM_ONLY,1620,Valais,alpine_ski_resort,9.2,11,4,48,327,FALSE,Autumn,FALSE,FALSE,-8,-14.9,-3.9,0.4,0,3.3,FALSE,Marriott,TRUE
23.11.2026,Monday,Zermatt,ONZRHCTY,HOTEL CITY,193.14,CHF,3.2,"Kirchgasse 33, Zermatt",ZRH,47.37474,8.53611,162.08,"WiFi,24h Reception,Luggage Storage",BUDGET_ROOM,ROOM_ONLY,1620,Valais,alpine_ski_resort,10.1,11,4,48,327,FALSE,Autumn,FALSE,FALSE,-4.2,-7.7,-0.8,0,0,2.8,FALSE,Independent,FALSE
23.11.2026,Monday,Zuerich,MCZRHDTM,Zurich Marriott Hotel,385.97,CHF,4.4,"Marktplatz 63, Zuerich",ZRH,47.38247,8.54026,0.63,"WiFi,Parking,Breakfast",STANDARD_ROOM,ROOM_ONLY,408,Zurich,city,9.2,11,4,48,327,FALSE,Autumn,FALSE,FALSE,0.7,-2.9,7.6,0,0,1.9,FALSE,Marriott,TRUE
23.11.2026,Monday,Zuerich,ONZRHCTY,HOTEL CITY,170.45,CHF,3.3,"Marktplatz 98, Zuerich",ZRH,47.37474,8.53611,0.48,"WiFi,Gym,Pool,Spa",BUDGET_ROOM,ROOM_ONLY,408,Zurich,city,10.1,11,4,48,327,FALSE,Autumn,FALSE,FALSE,1.7,-1.4,6,0,0,0.5,FALSE,Independent,FALSE
30.11.2026,Monday,Arosa,ONZRHCTY,HOTEL CITY,176.51,CHF,3.3,"Poststrasse 67, Arosa",ZRH,47.37474,8.53611,107.95,"WiFi,Restaurant,Room Service",BUDGET_ROOM,ROOM_ONLY,1775,Graubuenden,alpine_ski_resort,10.1,11,4,49,334,FALSE,Autumn,FALSE,FALSE,-5.9,-9.6,-2.7,1,0,3.9,FALSE,Independent,FALSE
30.11.2026,Monday,Basel,RTBSLBAH,ibis Basel Bahnhof,111.95,CHF,3.1,"Marktplatz 15, Basel",BSL,47.54683,7.58427,1.46,"WiFi,Parking,Breakfast",STANDARD_ROOM,ROOM_ONLY,260,Basel-Stadt,city,7.2,11,4,49,334,FALSE,Autumn,FALSE,FALSE,0.1,-3.1,3.7,2.9,0,2.3,FALSE,Accor (ibis),TRUE
30.11.2026,Monday,Chur,ONZRHCTY,HOTEL CITY,170.81,CHF,3.5,"Poststrasse 90, Chur",ZRH,47.37474,8.53611,95.38,"WiFi,Gym,Pool,Spa",BUDGET_ROOM,ROOM_ONLY,593,Graubuenden,city,10.1,11,4,49,334,FALSE,Autumn,FALSE,FALSE,-3.3,-6.4,3.1,1.3,0,3.2,FALSE,Independent,FALSE
30.11.2026,Monday,Genf,ICGVAICA,INTERCONTINENTAL GENEVA,1364.54,CHF,4.4,"Bahnhofstrasse 7, Genf",GVA,46.22461,6.13268,2.39,"WiFi,Restaurant,Room Service",STANDARD_ROOM,ROOM_ONLY,375,Geneva,city,2.4,11,4,49,334,FALSE,Autumn,FALSE,FALSE,1.5,-5.2,5.4,3.8,0,3.3,FALSE,IHG (InterContinental),TRUE
30.11.2026,Monday,Genf,RTGVAGAR,ibis Geneve Centre Gare,115.59,CHF,3.3,"Kirchgasse 56, Genf",GVA,46.20765,6.13827,0.52,"WiFi,Restaurant,Room Service",STANDARD_ROOM,ROOM_ONLY,375,Geneva,city,4.1,11,4,49,334,FALSE,Autumn,FALSE,FALSE,2.5,-1.1,5.7,1.9,0,3.2,FALSE,Accor (ibis),TRUE
30.11.2026,Monday,Genf,RTGVARES,Résidence Studio Genève Centre,108.97,CHF,3,"Poststrasse 67, Genf",GVA,46.2117,6.14696,0.86,"WiFi,24h Reception,Luggage Storage",STANDARD_ROOM,ROOM_ONLY,375,Geneva,city,4.1,11,4,49,334,FALSE,Autumn,FALSE,FALSE,-0.1,-4.2,3.3,1.3,0,0.9,FALSE,Independent,FALSE
30.11.2026,Monday,Interlaken,ONZRHCTY,HOTEL CITY,210.41,CHF,3.3,"Kirchgasse 10, Interlaken",ZRH,47.37474,8.53611,91.98,"WiFi,Parking,Breakfast",BUDGET_ROOM,ROOM_ONLY,570,Bern,mountain_resort,10.1,11,4,49,334,FALSE,Autumn,FALSE,FALSE,-0.9,-7.3,3.9,3.7,0,1.3,FALSE,Independent,FALSE
30.11.2026,Monday,Lausanne,ICGVAICA,INTERCONTINENTAL GENEVA,1361.51,CHF,4.5,"Poststrasse 74, Lausanne",GVA,46.22461,6.13268,50.46,"WiFi,Parking,Breakfast",STANDARD_ROOM,ROOM_ONLY,495,Vaud,city,2.4,11,4,49,334,FALSE,Autumn,FALSE,FALSE,1.8,-3.6,4.9,1.9,0,3.5,FALSE,IHG (InterContinental),TRUE
30.11.2026,Monday,Lausanne,RTGVAGAR,ibis Geneve Centre Gare,119.96,CHF,2.9,"Marktplatz 58, Lausanne",GVA,46.20765,6.13827,51.39,"WiFi,Gym,Pool,Spa",STANDARD_ROOM,ROOM_ONLY,495,Vaud,city,4.1,11,4,49,334,FALSE,Autumn,FALSE,FALSE,2.9,-2.9,9,0,0,3.8,FALSE,Accor (ibis),TRUE
30.11.2026,Monday,Lausanne,RTGVARES,Résidence Studio Genève Centre,105.1,CHF,3,"Bahnhofstrasse 69, Lausanne",GVA,46.2117,6.14696,50.59,"WiFi,24h Reception,Luggage Storage",STANDARD_ROOM,ROOM_ONLY,495,Vaud,city,4.1,11,4,49,334,FALSE,Autumn,FALSE,FALSE,-2.5,-6.9,1.5,0.5,0,2.8,FALSE,Independent,FALSE
30.11.2026,Monday,Luzern,ONZRHCTY,HOTEL CITY,205.33,CHF,3.3,"Marktplatz 35, Luzern",ZRH,47.37474,8.53611,39.95,"WiFi,Restaurant,Room Service",BUDGET_ROOM,ROOM_ONLY,435,Lucerne,city,10.1,11,4,49,334,FALSE,Autumn,FALSE,FALSE,-2.1,-6.7,4.3,6.9,0,1.8,FALSE,Independent,FALSE
30.11.2026,Monday,St. Gallen,ONZRHCTY,HOTEL CITY,181.21,CHF,3.7,"Bahnhofstrasse 35, St. Gallen",ZRH,47.37474,8.53611,63.51,"WiFi,Gym,Pool,Spa",BUDGET_ROOM,ROOM_ONLY,675,St. Gallen,city,10.1,11,4,49,334,FALSE,Autumn,FALSE,FALSE,-1,-5.1,2.8,1.4,0,1.2,FALSE,Independent,FALSE
30.11.2026,Monday,St. Moritz,ONZRHCTY,HOTEL CITY,190.26,CHF,3.6,"Hauptstrasse 82, St. Moritz",ZRH,47.37474,8.53611,138.7,"WiFi,Parking,Breakfast",BUDGET_ROOM,ROOM_ONLY,1856,Graubuenden,alpine_ski_resort,10.1,11,4,49,334,FALSE,Autumn,FALSE,FALSE,-5.3,-9.2,-0.2,1.6,0,2.9,FALSE,Independent,FALSE
30.11.2026,Monday,Winterthur,ONZRHCTY,HOTEL CITY,176.03,CHF,3.7,"Kirchgasse 30, Winterthur",ZRH,47.37474,8.53611,21.28,"WiFi,24h Reception,Luggage Storage",BUDGET_ROOM,ROOM_ONLY,439,Zurich,city,10.1,11,4,49,334,FALSE,Autumn,FALSE,FALSE,-2,-5.2,2.7,1.3,0,0.5,FALSE,Independent,FALSE
30.11.2026,Monday,Zermatt,ONZRHCTY,HOTEL CITY,179.52,CHF,3.3,"Poststrasse 23, Zermatt",ZRH,47.37474,8.53611,162.08,"WiFi,24h Reception,Luggage Storage",BUDGET_ROOM,ROOM_ONLY,1620,Valais,alpine_ski_resort,10.1,11,4,49,334,FALSE,Autumn,FALSE,FALSE,-7.9,-13.7,-4.5,3.6,0,2.7,FALSE,Independent,FALSE
30.11.2026,Monday,Zuerich,ONZRHCTY,HOTEL CITY,173.83,CHF,3.2,"Bahnhofstrasse 97, Zuerich",ZRH,47.37474,8.53611,0.48,"WiFi,24h Reception,Luggage Storage",BUDGET_ROOM,ROOM_ONLY,408,Zurich,city,10.1,11,4,49,334,FALSE,Autumn,FALSE,FALSE,-1.7,-5.1,1.9,0.8,0,3.6,FALSE,Independent,FALSE
07.12.2026,Monday,Arosa,ONZRHCTY,HOTEL CITY,178.34,CHF,3.5,"Hauptstrasse 6, Arosa",ZRH,47.37474,8.53611,107.95,"WiFi,Parking,Breakfast",BUDGET_ROOM,ROOM_ONLY,1775,Graubuenden,alpine_ski_resort,10.1,12,4,50,341,FALSE,Winter,FALSE,FALSE,-5.6,-9.9,1.2,1.9,34,1.6,FALSE,Independent,FALSE
07.12.2026,Monday,Basel,RTBSLBAH,ibis Basel Bahnhof,110.28,CHF,2.8,"Marktplatz 47, Basel",BSL,47.54683,7.58427,1.46,"WiFi,24h Reception,Luggage Storage",STANDARD_ROOM,ROOM_ONLY,260,Basel-Stadt,city,7.2,12,4,50,341,FALSE,Winter,FALSE,FALSE,-0.5,-5.3,4.6,4.9,0,0.4,FALSE,Accor (ibis),TRUE
07.12.2026,Monday,Chur,ONZRHCTY,HOTEL CITY,183.32,CHF,3.4,"Marktplatz 84, Chur",ZRH,47.37474,8.53611,95.38,"WiFi,Parking,Restaurant,Bar",BUDGET_ROOM,ROOM_ONLY,593,Graubuenden,city,10.1,12,4,50,341,FALSE,Winter,FALSE,FALSE,-1.2,-7.8,5,0,0,2,FALSE,Independent,FALSE
07.12.2026,Monday,Genf,RTGVAGAR,ibis Geneve Centre Gare,119.39,CHF,3.3,"Marktplatz 58, Genf",GVA,46.20765,6.13827,0.52,"WiFi,Gym,Pool,Spa",STANDARD_ROOM,ROOM_ONLY,375,Geneva,city,4.1,12,4,50,341,FALSE,Winter,FALSE,FALSE,1.9,-4.7,7.6,2.5,0,1,FALSE,Accor (ibis),TRUE
07.12.2026,Monday,Genf,RTGVARES,Résidence Studio Genève Centre,111.54,CHF,3.2,"Hauptstrasse 88, Genf",GVA,46.2117,6.14696,0.86,"WiFi,Restaurant,Room Service",STANDARD_ROOM,ROOM_ONLY,375,Geneva,city,4.1,12,4,50,341,FALSE,Winter,FALSE,FALSE,0.5,-4.6,5.7,4,0,1.2,FALSE,Independent,FALSE
07.12.2026,Monday,Interlaken,ONZRHCTY,HOTEL CITY,205.28,CHF,3.5,"Marktplatz 6, Interlaken",ZRH,47.37474,8.53611,91.98,"WiFi,Parking,Breakfast",BUDGET_ROOM,ROOM_ONLY,570,Bern,mountain_resort,10.1,12,4,50,341,FALSE,Winter,FALSE,FALSE,-2.9,-6.4,2.6,3.6,0,3.5,FALSE,Independent,FALSE
07.12.2026,Monday,Lausanne,RTGVAGAR,ibis Geneve Centre Gare,123.67,CHF,3,"Bahnhofstrasse 17, Lausanne",GVA,46.20765,6.13827,51.39,"WiFi,Gym,Pool,Spa",STANDARD_ROOM,ROOM_ONLY,495,Vaud,city,4.1,12,4,50,341,FALSE,Winter,FALSE,FALSE,0.6,-5.4,5.4,0,0,3,FALSE,Accor (ibis),TRUE
07.12.2026,Monday,Lausanne,RTGVARES,Résidence Studio Genève Centre,116.45,CHF,3.1,"Marktplatz 7, Lausanne",GVA,46.2117,6.14696,50.59,"WiFi,Gym,Pool,Spa",STANDARD_ROOM,ROOM_ONLY,495,Vaud,city,4.1,12,4,50,341,FALSE,Winter,FALSE,FALSE,2.7,-1.3,8.4,1.8,0,2.9,FALSE,Independent,FALSE
07.12.2026,Monday,Luzern,ONZRHCTY,HOTEL CITY,207.08,CHF,3.3,"Kirchgasse 69, Luzern",ZRH,47.37474,8.53611,39.95,"WiFi,Restaurant,Room Service",BUDGET_ROOM,ROOM_ONLY,435,Lucerne,city,10.1,12,4,50,341,FALSE,Winter,FALSE,FALSE,2.3,-1.9,8.1,0.9,0,2.9,FALSE,Independent,FALSE
07.12.2026,Monday,St. Gallen,ONZRHCTY,HOTEL CITY,190.65,CHF,3.4,"Hauptstrasse 34, St. Gallen",ZRH,47.37474,8.53611,63.51,"WiFi,24h Reception,Luggage Storage",BUDGET_ROOM,ROOM_ONLY,675,St. Gallen,city,10.1,12,4,50,341,FALSE,Winter,FALSE,FALSE,-2.9,-7.3,2.3,1.9,0,2.2,FALSE,Independent,FALSE
07.12.2026,Monday,St. Moritz,ONZRHCTY,HOTEL CITY,183.43,CHF,3.2,"Marktplatz 5, St. Moritz",ZRH,47.37474,8.53611,138.7,"WiFi,Parking,Restaurant,Bar",BUDGET_ROOM,ROOM_ONLY,1856,Graubuenden,alpine_ski_resort,10.1,12,4,50,341,FALSE,Winter,FALSE,FALSE,-8.3,-13.9,-1.5,1.4,126,3.4,FALSE,Independent,FALSE
07.12.2026,Monday,Winterthur,ONZRHCTY,HOTEL CITY,183.8,CHF,3.4,"Hauptstrasse 46, Winterthur",ZRH,47.37474,8.53611,21.28,"WiFi,Gym,Pool,Spa",BUDGET_ROOM,ROOM_ONLY,439,Zurich,city,10.1,12,4,50,341,FALSE,Winter,FALSE,FALSE,-2.1,-6,3.3,4.1,0,1.3,FALSE,Independent,FALSE
07.12.2026,Monday,Zermatt,ONZRHCTY,HOTEL CITY,170.98,CHF,3.5,"Hauptstrasse 62, Zermatt",ZRH,47.37474,8.53611,162.08,"WiFi,24h Reception,Luggage Storage",BUDGET_ROOM,ROOM_ONLY,1620,Valais,alpine_ski_resort,10.1,12,4,50,341,FALSE,Winter,FALSE,FALSE,-9.9,-14.4,-3,2.4,138,1.2,FALSE,Independent,FALSE
07.12.2026,Monday,Zuerich,ONZRHCTY,HOTEL CITY,175.25,CHF,3.6,"Kirchgasse 92, Zuerich",ZRH,47.37474,8.53611,0.48,"WiFi,24h Reception,Luggage Storage",BUDGET_ROOM,ROOM_ONLY,408,Zurich,city,10.1,12,4,50,341,FALSE,Winter,FALSE,FALSE,-1.6,-8.3,4.5,1.4,0,1.2,FALSE,Independent,FALSE